{"type":"FeatureCollection","features":[{"type":"Feature","properties":{"periodId":"viet-nam-hien-dai","name":"Việt Nam","control":"direct","confidence":"high","height":14500,"color":"#c83d32","precision":"modern-reference","reconstructionMethod":"modern-administrative-union","sourceIds":"provinces-2025,mofa-islands-status","referenceSourceIds":"wikipedia-territorial-history,diaocthongthai-atlas"},"geometry":{"type":"MultiPolygon","coordinates":[[[[104.8556,8.42067],[104.85175,8.41491],[104.8469,8.41447],[104.84982,8.42227],[104.8556,8.42067]]],[[[104.83523,8.43859],[104.83645,8.42693],[104.82262,8.42245],[104.81726,8.42781],[104.83973,8.45396],[104.8434,8.4435],[104.83523,8.43859]]],[[[104.70254,8.63033],[104.70108,8.62229],[104.70821,8.60052],[104.7058,8.59849],[104.69754,8.60488],[104.68809,8.62611],[104.68782,8.63622],[104.69643,8.64607],[104.7032,8.6457],[104.70551,8.6302],[104.70254,8.63033]]],[[[104.52796,8.94492],[104.5205,8.94989],[104.52348,8.95769],[104.52796,8.94492]]],[[[105.88032,9.26896],[105.75174,9.21272],[105.75041,9.20779],[105.60795,9.15355],[105.59704,9.1446],[105.53981,9.12288],[105.47575,9.08334],[105.42131,9.02153],[105.41666,9.02257],[105.4146,9.02921],[105.41061,9.01759],[105.40207,9.01303],[105.40414,9.01016],[105.39128,8.99681],[105.37805,8.94258],[105.37226,8.93699],[105.34672,8.87631],[105.32461,8.83795],[105.30399,8.82444],[105.29628,8.80841],[105.26662,8.77757],[105.24143,8.76565],[105.20315,8.75727],[105.17668,8.7429],[105.16412,8.72189],[105.13437,8.69561],[105.12146,8.67442],[105.12512,8.66239],[105.10464,8.6414],[105.04997,8.62509],[105,8.60225],[104.98103,8.60563],[104.9525,8.58947],[104.91248,8.58398],[104.87281,8.57334],[104.85326,8.57269],[104.82882,8.5637],[104.81186,8.56894],[104.80226,8.57949],[104.74434,8.59509],[104.71677,8.60669],[104.71062,8.63536],[104.71513,8.64963],[104.73417,8.65663],[104.7513,8.64726],[104.77111,8.65005],[104.77941,8.64649],[104.77953,8.65277],[104.7947,8.66031],[104.78656,8.66197],[104.7862,8.66857],[104.79225,8.6739],[104.78381,8.68322],[104.78032,8.69501],[104.78617,8.71151],[104.79619,8.72551],[104.80188,8.7247],[104.81187,8.73353],[104.81848,8.73048],[104.81537,8.74452],[104.81807,8.74759],[104.81009,8.77291],[104.78614,8.79612],[104.78008,8.80759],[104.77911,8.81957],[104.78348,8.84524],[104.79262,8.86596],[104.78984,8.87254],[104.80154,8.92572],[104.80424,8.98093],[104.80175,9.01372],[104.81071,9.13037],[104.8068,9.1778],[104.82047,9.25085],[104.83574,9.56455],[104.85651,9.72279],[104.87287,9.77256],[104.88536,9.83026],[104.89999,9.85193],[104.93423,9.84882],[104.95761,9.85747],[105.01699,9.92268],[105.05061,9.94704],[105.06214,9.95137],[105.07755,9.94892],[105.09892,9.95818],[105.07288,10.01176],[104.99053,10.09944],[104.95372,10.09862],[104.89738,10.08733],[104.88277,10.09076],[104.86624,10.10722],[104.80779,10.19136],[104.79456,10.20351],[104.76875,10.21804],[104.74157,10.22678],[104.72197,10.22435],[104.68386,10.19919],[104.65029,10.15732],[104.64285,10.13862],[104.6383,10.13766],[104.62974,10.14499],[104.61923,10.14767],[104.59901,10.14485],[104.59778,10.14844],[104.60822,10.16225],[104.58798,10.18694],[104.5948,10.19462],[104.58373,10.20775],[104.59035,10.21845],[104.57734,10.25965],[104.56374,10.27928],[104.55018,10.29018],[104.54345,10.29135],[104.53272,10.27936],[104.52858,10.28015],[104.52506,10.32469],[104.48165,10.37773],[104.4409,10.36591],[104.4507,10.40086],[104.43699,10.42414],[104.47656,10.43246],[104.49621,10.40558],[104.51656,10.44132],[104.52633,10.44785],[104.54111,10.44911],[104.55007,10.45757],[104.55649,10.47429],[104.55811,10.49378],[104.58303,10.5071],[104.58615,10.52888],[104.59547,10.53505],[104.60387,10.53533],[104.61469,10.52941],[104.64436,10.53194],[104.64414,10.54094],[104.68892,10.53898],[104.75241,10.52005],[104.86748,10.52343],[104.89869,10.55305],[104.93323,10.61457],[104.95575,10.64008],[105.09623,10.72249],[105.09067,10.75715],[105.07433,10.77942],[105.06293,10.78167],[105.05468,10.82559],[105.04192,10.84813],[105.02704,10.89186],[105.0436,10.90233],[105.03973,10.91204],[105.05119,10.91777],[105.0513,10.93064],[105.06737,10.94012],[105.07644,10.93842],[105.07753,10.95311],[105.08213,10.9577],[105.09427,10.95566],[105.1152,10.96226],[105.11625,10.94618],[105.0987,10.92307],[105.10289,10.9197],[105.15402,10.92488],[105.17848,10.91279],[105.197,10.9122],[105.21385,10.90073],[105.23718,10.89326],[105.26318,10.89744],[105.33537,10.86122],[105.35255,10.88094],[105.35806,10.88158],[105.35773,10.88743],[105.36585,10.88864],[105.36886,10.90107],[105.37207,10.90494],[105.3785,10.90383],[105.37838,10.91108],[105.38544,10.92026],[105.40286,10.93208],[105.42598,10.97364],[105.4317,10.9736],[105.44845,10.95784],[105.46223,10.96494],[105.47377,10.96466],[105.49417,10.94909],[105.49726,10.9544],[105.50517,10.9505],[105.53415,10.95308],[105.55061,10.96055],[105.66581,10.98849],[105.72642,11.02581],[105.75084,11.02641],[105.77725,11.033],[105.80702,10.97339],[105.86177,10.9023],[105.84688,10.86824],[105.84806,10.86366],[105.89709,10.84554],[105.93371,10.83951],[105.93477,10.84641],[105.92872,10.85179],[105.92847,10.8635],[105.95462,10.88545],[105.94886,10.89003],[105.9505,10.89609],[105.94247,10.91192],[105.94338,10.91848],[106.00917,10.85489],[106.06917,10.81273],[106.0942,10.80869],[106.16276,10.81267],[106.1883,10.79104],[106.18647,10.83898],[106.16011,10.889],[106.13646,10.91573],[106.14983,10.94238],[106.14438,10.95479],[106.14471,10.98053],[106.15287,10.98477],[106.18833,10.97379],[106.20389,10.977],[106.19518,10.99324],[106.18589,11.05149],[106.16952,11.07965],[106.15222,11.1027],[106.14361,11.10176],[106.12389,11.09059],[106.1071,11.07322],[106.10109,11.07286],[106.09755,11.08826],[106.08786,11.09985],[106.07444,11.09883],[106.05664,11.12038],[106.02843,11.137],[106.01871,11.14708],[106.01232,11.19166],[105.99464,11.19192],[105.97322,11.19986],[105.96466,11.19645],[105.94052,11.20658],[105.92531,11.21894],[105.90929,11.24131],[105.9059,11.2548],[105.91023,11.269],[105.90611,11.27611],[105.90675,11.2853],[105.87645,11.28834],[105.86625,11.28221],[105.86165,11.28689],[105.86872,11.30561],[105.8658,11.31862],[105.8726,11.32934],[105.88101,11.35994],[105.88015,11.37237],[105.8721,11.37696],[105.87681,11.39029],[105.87302,11.40629],[105.88506,11.41423],[105.88929,11.42577],[105.89697,11.42798],[105.90149,11.4432],[105.89594,11.45168],[105.88167,11.45475],[105.87368,11.4619],[105.8768,11.48112],[105.88275,11.49026],[105.87726,11.50679],[105.88358,11.52193],[105.8756,11.55019],[105.85808,11.5652],[105.82679,11.56586],[105.81684,11.56965],[105.80763,11.60081],[105.80942,11.60706],[105.83034,11.62456],[105.851,11.66278],[105.88392,11.67848],[105.92275,11.65122],[105.95169,11.64049],[105.97912,11.66807],[105.97885,11.68825],[105.98837,11.69868],[105.99948,11.70231],[106.01345,11.72729],[106.0083,11.75202],[106.01429,11.76882],[106.02181,11.77514],[106.05884,11.78389],[106.07691,11.77666],[106.07945,11.76812],[106.10962,11.74452],[106.13205,11.74583],[106.15255,11.73674],[106.16906,11.75003],[106.17969,11.74662],[106.18525,11.75125],[106.21389,11.72889],[106.2253,11.73198],[106.2383,11.72685],[106.25301,11.72692],[106.26288,11.71813],[106.26358,11.71109],[106.26952,11.70489],[106.28565,11.6965],[106.29776,11.68568],[106.29828,11.68096],[106.31397,11.68],[106.32448,11.68541],[106.34136,11.68318],[106.36261,11.69598],[106.38119,11.69863],[106.3982,11.6931],[106.41378,11.67814],[106.42568,11.67826],[106.4351,11.6711],[106.45069,11.67212],[106.45088,11.69247],[106.43227,11.71421],[106.41253,11.76779],[106.43367,11.80201],[106.43358,11.81084],[106.44611,11.8242],[106.43717,11.83953],[106.43843,11.8584],[106.44367,11.85956],[106.44701,11.86796],[106.45808,11.86495],[106.46538,11.87144],[106.4118,11.97567],[106.4247,11.97491],[106.4403,11.98676],[106.45359,11.9886],[106.47136,11.97483],[106.4821,11.97223],[106.51645,11.9822],[106.52816,11.97748],[106.52862,11.96923],[106.62511,11.97555],[106.62818,11.96334],[106.6324,11.96101],[106.63857,11.97618],[106.64383,11.96742],[106.65725,11.96509],[106.64884,11.97842],[106.65315,11.99019],[106.67515,11.97547],[106.68193,11.96639],[106.70863,11.96976],[106.72515,11.98242],[106.74288,11.985],[106.73722,12],[106.74571,12.01016],[106.74509,12.02233],[106.76466,12.04482],[106.77156,12.05941],[106.78043,12.06499],[106.77712,12.06792],[106.77951,12.07528],[106.79395,12.08475],[106.8077,12.08027],[106.81685,12.0848],[106.82394,12.08339],[106.85376,12.06999],[106.86812,12.07552],[106.88249,12.07479],[106.8955,12.06745],[106.90653,12.06894],[106.91882,12.06343],[106.94274,12.0685],[106.94709,12.07438],[106.99274,12.09225],[107.00947,12.10703],[107.01154,12.11332],[107.00516,12.11255],[107.00252,12.11626],[107.04567,12.13427],[107.05405,12.14415],[107.05728,12.15518],[107.06813,12.16288],[107.07685,12.16396],[107.07802,12.17056],[107.06866,12.17775],[107.07377,12.18922],[107.09078,12.18221],[107.10703,12.21448],[107.12178,12.22713],[107.12811,12.22591],[107.13763,12.23251],[107.13405,12.24122],[107.13797,12.25178],[107.15561,12.28088],[107.1783,12.28368],[107.1842,12.29236],[107.20564,12.30068],[107.22336,12.29806],[107.23768,12.30169],[107.26843,12.32561],[107.28092,12.32349],[107.30738,12.33283],[107.31216,12.3243],[107.31937,12.32344],[107.34379,12.3353],[107.38119,12.29705],[107.38791,12.26974],[107.39653,12.26232],[107.39682,12.25668],[107.4132,12.2488],[107.43476,12.24637],[107.43169,12.25321],[107.43968,12.26385],[107.4364,12.27271],[107.44128,12.28007],[107.44241,12.29281],[107.45589,12.29527],[107.46421,12.30208],[107.46493,12.31166],[107.47412,12.31337],[107.54248,12.35306],[107.55221,12.38008],[107.54217,12.39837],[107.54178,12.41336],[107.56323,12.45044],[107.56466,12.4738],[107.57403,12.4794],[107.57881,12.49588],[107.56921,12.50444],[107.56114,12.52353],[107.56605,12.53134],[107.57424,12.53395],[107.57433,12.54309],[107.5879,12.55874],[107.57838,12.57796],[107.58278,12.5978],[107.58134,12.61337],[107.56936,12.63689],[107.56854,12.66027],[107.57942,12.68162],[107.55783,12.71334],[107.56535,12.73147],[107.55857,12.74875],[107.56009,12.79447],[107.55091,12.80775],[107.55133,12.8216],[107.53982,12.83519],[107.52509,12.84162],[107.51974,12.85469],[107.50981,12.85784],[107.50995,12.86964],[107.49534,12.88034],[107.48899,12.89951],[107.49788,12.91695],[107.4917,12.92328],[107.49149,12.93806],[107.48382,12.94288],[107.48249,12.95078],[107.48776,12.96478],[107.48533,12.97053],[107.50249,12.97723],[107.49542,12.98508],[107.49635,12.99866],[107.48929,13.00254],[107.48984,13.02188],[107.62917,13.36169],[107.6158,13.52956],[107.57001,13.62377],[107.56779,13.66512],[107.54886,13.69299],[107.53079,13.74521],[107.51034,13.76145],[107.48323,13.77685],[107.47168,13.77847],[107.44834,13.79488],[107.45973,13.81769],[107.45379,13.82948],[107.47156,13.85557],[107.4524,13.87207],[107.46867,13.89178],[107.47129,13.9178],[107.46921,13.92215],[107.45617,13.92352],[107.45161,13.93346],[107.45127,13.98158],[107.44452,13.98746],[107.44085,13.99874],[107.42919,13.99488],[107.42553,13.99977],[107.40324,13.99012],[107.38164,13.99185],[107.35562,14.02047],[107.35465,14.02715],[107.36394,14.03608],[107.36311,14.06454],[107.36744,14.06759],[107.3781,14.06621],[107.38083,14.07974],[107.35928,14.08605],[107.33761,14.0981],[107.33127,14.10681],[107.3376,14.13226],[107.35122,14.15029],[107.35058,14.15431],[107.35982,14.16132],[107.35671,14.1712],[107.3684,14.18095],[107.37547,14.18088],[107.38656,14.21082],[107.39077,14.21041],[107.39372,14.22396],[107.40436,14.2347],[107.39752,14.25055],[107.40692,14.26465],[107.40537,14.29838],[107.39154,14.3147],[107.38877,14.32594],[107.39867,14.33489],[107.40986,14.36239],[107.43159,14.38204],[107.42696,14.39768],[107.42208,14.40155],[107.42431,14.41141],[107.4466,14.42714],[107.4549,14.42048],[107.45813,14.40753],[107.48019,14.4045],[107.48702,14.40885],[107.48785,14.43034],[107.4965,14.44383],[107.5007,14.45718],[107.49781,14.46732],[107.50983,14.49863],[107.50536,14.50996],[107.51968,14.52133],[107.52985,14.55439],[107.52126,14.56643],[107.51989,14.58175],[107.51454,14.58634],[107.52285,14.59911],[107.53367,14.60144],[107.54259,14.61145],[107.53748,14.63223],[107.54961,14.64814],[107.54628,14.65958],[107.55115,14.66973],[107.54784,14.67692],[107.55607,14.68935],[107.55759,14.70271],[107.55446,14.72227],[107.52139,14.72447],[107.52111,14.73086],[107.53554,14.74169],[107.53975,14.75193],[107.52331,14.77723],[107.51509,14.78084],[107.51346,14.78609],[107.50374,14.7872],[107.50927,14.7976],[107.52202,14.80594],[107.52078,14.81459],[107.53599,14.81957],[107.53961,14.82824],[107.559,14.83924],[107.56455,14.85014],[107.58846,14.86632],[107.58364,14.89237],[107.57086,14.89293],[107.55944,14.90382],[107.55127,14.90295],[107.538,14.90939],[107.52912,14.91971],[107.52807,14.92928],[107.50342,14.93155],[107.49654,14.94387],[107.48923,14.94467],[107.48104,14.95282],[107.47649,14.95911],[107.47921,14.97306],[107.46761,14.98481],[107.47624,14.9927],[107.46816,14.99939],[107.46783,15.0136],[107.47736,15.02324],[107.49878,15.02262],[107.53781,15.05047],[107.58082,15.02934],[107.5864,15.03162],[107.59113,15.04991],[107.61342,15.04661],[107.61896,15.05189],[107.59676,15.09012],[107.62091,15.10621],[107.61749,15.11863],[107.60597,15.13375],[107.62036,15.13614],[107.62451,15.14976],[107.61458,15.15706],[107.59455,15.19104],[107.58152,15.1983],[107.59304,15.21219],[107.60051,15.2054],[107.61044,15.21294],[107.61808,15.21289],[107.61853,15.22732],[107.63153,15.23142],[107.62328,15.23278],[107.61763,15.24672],[107.6187,15.26367],[107.61357,15.28919],[107.6224,15.31134],[107.632,15.31433],[107.63267,15.32057],[107.62498,15.33213],[107.61564,15.33159],[107.60826,15.33627],[107.60327,15.35199],[107.60712,15.36789],[107.59497,15.38283],[107.61114,15.39453],[107.61309,15.40392],[107.62216,15.4141],[107.61787,15.41851],[107.60153,15.42239],[107.59804,15.41573],[107.58764,15.41381],[107.57106,15.39897],[107.55934,15.39552],[107.54621,15.40449],[107.5286,15.40686],[107.51672,15.41715],[107.52504,15.4426],[107.51206,15.47349],[107.49288,15.47973],[107.47627,15.47888],[107.48037,15.48932],[107.4717,15.49671],[107.44882,15.50478],[107.42998,15.50287],[107.4277,15.49114],[107.41092,15.49496],[107.38001,15.49454],[107.37249,15.53259],[107.36161,15.55743],[107.36308,15.57003],[107.35777,15.57337],[107.3501,15.57147],[107.34093,15.57877],[107.35169,15.59266],[107.34052,15.60692],[107.34069,15.61496],[107.32909,15.6242],[107.29045,15.6243],[107.27373,15.63623],[107.27332,15.65431],[107.26307,15.65593],[107.26326,15.66387],[107.27453,15.68342],[107.27152,15.70857],[107.26448,15.71199],[107.26278,15.72139],[107.25067,15.72282],[107.24748,15.72662],[107.25254,15.7394],[107.24761,15.74519],[107.21241,15.74037],[107.20921,15.75557],[107.21546,15.76161],[107.21775,15.7783],[107.22734,15.78651],[107.22421,15.80681],[107.20883,15.82783],[107.21952,15.83223],[107.23166,15.84465],[107.24618,15.83954],[107.25623,15.84984],[107.26807,15.85239],[107.27379,15.86259],[107.28096,15.85872],[107.29617,15.86958],[107.30113,15.86734],[107.30774,15.87148],[107.31401,15.88339],[107.32453,15.88977],[107.34544,15.89453],[107.36061,15.89272],[107.36898,15.8989],[107.38279,15.8883],[107.39724,15.89533],[107.40754,15.91095],[107.41373,15.91346],[107.41672,15.92386],[107.42661,15.93257],[107.4331,15.96182],[107.44403,15.98084],[107.44284,15.98777],[107.45074,15.99489],[107.46587,16.02638],[107.44528,16.04259],[107.44465,16.05533],[107.45943,16.07408],[107.45478,16.08429],[107.44469,16.09107],[107.44163,16.08391],[107.4266,16.07924],[107.40738,16.08514],[107.40155,16.07859],[107.39928,16.06548],[107.38868,16.06367],[107.3755,16.07433],[107.36425,16.0622],[107.3472,16.0634],[107.33251,16.056],[107.32271,16.07105],[107.31701,16.07139],[107.30886,16.07978],[107.28328,16.11724],[107.26761,16.12017],[107.26105,16.13794],[107.25206,16.13737],[107.24224,16.14823],[107.2213,16.14011],[107.20478,16.1469],[107.19309,16.14564],[107.16738,16.16713],[107.15786,16.16991],[107.14734,16.19062],[107.14262,16.21487],[107.15346,16.23231],[107.14929,16.24099],[107.15362,16.2587],[107.14564,16.27074],[107.08593,16.31237],[107.07932,16.31318],[107.06952,16.30478],[107.04869,16.3056],[107.04472,16.30046],[107.02629,16.31223],[107.01873,16.30382],[107.01329,16.30414],[107.01383,16.30913],[107.00553,16.31439],[106.96736,16.3034],[106.96385,16.31933],[106.96566,16.34832],[106.96179,16.35817],[106.92143,16.3712],[106.89589,16.39285],[106.89068,16.41231],[106.89836,16.42745],[106.88849,16.42661],[106.88526,16.42235],[106.86996,16.42974],[106.86986,16.43653],[106.88521,16.45457],[106.88265,16.46863],[106.87447,16.47142],[106.87601,16.4828],[106.88471,16.49288],[106.88535,16.5104],[106.88866,16.51261],[106.88522,16.5219],[106.86104,16.53999],[106.84251,16.54841],[106.82894,16.54995],[106.82726,16.53772],[106.82079,16.53051],[106.82666,16.52233],[106.8002,16.46459],[106.79006,16.47452],[106.76912,16.46875],[106.77363,16.45987],[106.77013,16.4331],[106.75954,16.42566],[106.74391,16.42493],[106.74406,16.41767],[106.73806,16.41176],[106.73232,16.4263],[106.73303,16.44034],[106.72264,16.43645],[106.72838,16.42951],[106.72421,16.42624],[106.71373,16.43407],[106.69401,16.44079],[106.68592,16.4399],[106.68504,16.44542],[106.69126,16.45009],[106.68287,16.45862],[106.67427,16.45294],[106.67217,16.47646],[106.65874,16.47443],[106.65872,16.49503],[106.66346,16.50423],[106.65108,16.51225],[106.64547,16.52617],[106.65004,16.54587],[106.66026,16.55697],[106.67053,16.5613],[106.66036,16.57419],[106.66539,16.58495],[106.65464,16.5825],[106.64377,16.59492],[106.62997,16.59213],[106.62655,16.58311],[106.62258,16.58898],[106.62472,16.60196],[106.61364,16.60714],[106.5963,16.60737],[106.58318,16.60298],[106.58013,16.61116],[106.58902,16.61791],[106.5882,16.62434],[106.56326,16.64262],[106.56487,16.66238],[106.5561,16.67509],[106.55019,16.69533],[106.54918,16.8677],[106.51671,16.8907],[106.51484,16.89802],[106.51858,16.90298],[106.5143,16.91096],[106.51745,16.92279],[106.52365,16.92249],[106.52243,16.92658],[106.54569,16.92679],[106.54811,17.00888],[106.54403,17.00993],[106.54171,16.99648],[106.5344,16.99266],[106.52896,16.9795],[106.51295,16.97243],[106.4969,16.98081],[106.46896,16.98529],[106.46156,16.99098],[106.45864,17.00179],[106.43629,16.99698],[106.42563,17.00708],[106.4216,17.03129],[106.40046,17.05322],[106.4155,17.07923],[106.38908,17.10468],[106.37144,17.11201],[106.36922,17.12365],[106.35475,17.13567],[106.3539,17.14391],[106.34784,17.1483],[106.35442,17.15973],[106.33834,17.16807],[106.32501,17.18276],[106.32119,17.20145],[106.30091,17.21009],[106.31326,17.22057],[106.32341,17.21703],[106.33287,17.2341],[106.30675,17.2408],[106.31635,17.2492],[106.31234,17.25446],[106.30708,17.25427],[106.30491,17.25971],[106.30542,17.2835],[106.30126,17.29565],[106.27574,17.2968],[106.27322,17.28707],[106.27927,17.27759],[106.27533,17.26467],[106.25218,17.25412],[106.24618,17.24647],[106.23074,17.25228],[106.20885,17.26987],[106.19571,17.27531],[106.17621,17.29455],[106.14357,17.31293],[106.14206,17.32525],[106.1327,17.33607],[106.09014,17.36158],[105.85649,17.62475],[105.85154,17.621],[105.85197,17.63595],[105.84294,17.63242],[105.83882,17.6361],[105.83421,17.63097],[105.8274,17.65527],[105.8214,17.65422],[105.81492,17.64528],[105.80303,17.66131],[105.79706,17.65899],[105.79024,17.67012],[105.78223,17.67149],[105.77976,17.67728],[105.76685,17.67546],[105.7608,17.66806],[105.74891,17.66932],[105.74208,17.71619],[105.73974,17.72206],[105.73405,17.72075],[105.72685,17.72525],[105.72813,17.74571],[105.69933,17.76271],[105.68473,17.78731],[105.67356,17.79621],[105.68233,17.81991],[105.68133,17.83536],[105.67557,17.83623],[105.67296,17.845],[105.66269,17.85335],[105.63744,17.85928],[105.62496,17.87725],[105.61326,17.88124],[105.60706,17.89153],[105.60605,17.8964],[105.61847,17.91712],[105.627,17.95329],[105.64053,17.96377],[105.64175,17.99372],[105.62709,17.99536],[105.61194,18.01269],[105.60239,18.00991],[105.59684,18.00304],[105.59226,18.01008],[105.5818,18.01233],[105.57781,18.02773],[105.58389,18.04406],[105.57888,18.063],[105.57047,18.06572],[105.57272,18.07221],[105.5696,18.08226],[105.56481,18.08521],[105.55539,18.08142],[105.53839,18.08331],[105.53778,18.10584],[105.53381,18.11309],[105.52037,18.12676],[105.50832,18.12167],[105.50307,18.12727],[105.5024,18.1415],[105.51081,18.15122],[105.49862,18.19052],[105.4917,18.178],[105.48624,18.17868],[105.4855,18.18723],[105.49176,18.19985],[105.48966,18.20359],[105.47873,18.19693],[105.45853,18.20581],[105.44123,18.20499],[105.44442,18.19438],[105.43705,18.18201],[105.4297,18.17973],[105.42597,18.18403],[105.41856,18.18434],[105.40832,18.1553],[105.40181,18.16059],[105.39107,18.1603],[105.38202,18.17132],[105.37443,18.16127],[105.36541,18.16199],[105.35071,18.18436],[105.33529,18.18325],[105.33613,18.19188],[105.32742,18.19339],[105.3181,18.2015],[105.32391,18.21131],[105.32152,18.22937],[105.32906,18.25407],[105.32795,18.26331],[105.30867,18.26734],[105.29816,18.23654],[105.2942,18.24223],[105.29609,18.25283],[105.29333,18.25642],[105.27975,18.26192],[105.27407,18.25508],[105.26989,18.26082],[105.25456,18.25987],[105.2547,18.27373],[105.24123,18.29723],[105.22768,18.30393],[105.21552,18.30481],[105.20597,18.3157],[105.18253,18.32589],[105.1878,18.34867],[105.17815,18.36988],[105.18207,18.388],[105.17045,18.39309],[105.16235,18.38787],[105.15094,18.38905],[105.14527,18.40407],[105.13643,18.40931],[105.13854,18.42073],[105.13301,18.41669],[105.12196,18.41891],[105.11695,18.43259],[105.10854,18.43526],[105.10202,18.44834],[105.11074,18.49345],[105.10868,18.50793],[105.11785,18.52315],[105.11342,18.52947],[105.11415,18.53975],[105.12694,18.5492],[105.12628,18.55677],[105.13828,18.56323],[105.13253,18.57047],[105.13328,18.59301],[105.1576,18.61426],[105.18121,18.60347],[105.18981,18.60542],[105.18976,18.63077],[105.1972,18.63933],[105.19346,18.64912],[105.18707,18.64783],[105.18099,18.65823],[105.16683,18.65822],[105.15038,18.67962],[105.13833,18.68106],[105.13277,18.68844],[105.14371,18.70266],[105.13604,18.70705],[105.13194,18.71559],[105.11222,18.71426],[105.10356,18.7041],[105.08621,18.70833],[105.07131,18.70447],[105.06457,18.70905],[105.04857,18.70768],[105.05748,18.72433],[105.05002,18.72998],[105.03882,18.72512],[105.01752,18.73184],[105.01456,18.73746],[105.01877,18.74668],[104.99771,18.73818],[104.98806,18.74549],[104.98096,18.73978],[104.96611,18.74369],[104.94104,18.73939],[104.93478,18.7599],[104.93636,18.77456],[104.91164,18.79179],[104.90657,18.7874],[104.87221,18.78683],[104.85524,18.77564],[104.83937,18.7864],[104.79333,18.78494],[104.78279,18.803],[104.7573,18.79714],[104.73718,18.80157],[104.73476,18.81404],[104.7228,18.81894],[104.71294,18.83088],[104.71313,18.84137],[104.70424,18.83714],[104.69658,18.84129],[104.68871,18.8362],[104.6755,18.83839],[104.66755,18.85364],[104.65255,18.86609],[104.63502,18.87041],[104.6274,18.87797],[104.62628,18.88882],[104.58699,18.90486],[104.57759,18.90263],[104.57592,18.91247],[104.55999,18.94039],[104.54347,18.95665],[104.54197,18.97407],[104.53029,18.98432],[104.51104,18.98252],[104.5012,18.99915],[104.48472,19.00455],[104.47965,19.00436],[104.46782,18.98921],[104.46088,18.99189],[104.44671,18.98662],[104.42795,19.00576],[104.42124,19.00722],[104.42429,19.01629],[104.39956,19.04013],[104.40218,19.05401],[104.3968,19.05897],[104.38171,19.06212],[104.36668,19.07397],[104.35344,19.07241],[104.30841,19.0902],[104.29834,19.1144],[104.29375,19.11316],[104.27939,19.1209],[104.25719,19.11655],[104.24843,19.1111],[104.23968,19.11528],[104.23213,19.11289],[104.21233,19.12126],[104.22435,19.15411],[104.22262,19.1578],[104.19903,19.16222],[104.19273,19.18151],[104.17975,19.19891],[104.12937,19.20463],[104.11087,19.22444],[104.10147,19.213],[104.09214,19.23025],[104.07583,19.23949],[104.069,19.24809],[104.05808,19.2406],[104.04634,19.24394],[104.0002,19.23036],[103.99147,19.23984],[103.9601,19.25211],[103.92218,19.28639],[103.91409,19.30334],[103.89811,19.30981],[103.88608,19.3011],[103.87413,19.3067],[103.87362,19.31857],[103.88235,19.32682],[103.89283,19.33165],[103.90765,19.33132],[103.91794,19.34317],[103.92918,19.34524],[103.9508,19.35865],[103.9509,19.36519],[103.95449,19.36547],[103.95897,19.37591],[103.95564,19.38476],[103.97084,19.39337],[103.97443,19.39942],[103.98676,19.40024],[103.99133,19.40638],[104.01113,19.40322],[104.02164,19.41695],[104.02961,19.41596],[104.04798,19.42655],[104.05246,19.41915],[104.06877,19.41671],[104.07394,19.44963],[104.06356,19.45361],[104.08433,19.46794],[104.08353,19.47993],[104.09074,19.48995],[104.09642,19.49357],[104.11021,19.4905],[104.12137,19.50301],[104.10201,19.52447],[104.10792,19.53366],[104.10807,19.54201],[104.10344,19.54797],[104.10632,19.57002],[104.0856,19.58229],[104.05931,19.62045],[104.06736,19.63686],[104.05567,19.65292],[104.06821,19.66621],[104.0701,19.68189],[104.09086,19.66642],[104.10609,19.66154],[104.13319,19.66231],[104.15431,19.67056],[104.1556,19.68623],[104.16129,19.69747],[104.1741,19.68989],[104.18394,19.69549],[104.19918,19.6941],[104.213,19.70491],[104.23618,19.70821],[104.27831,19.69589],[104.30616,19.6969],[104.32062,19.68518],[104.31832,19.66831],[104.33481,19.67674],[104.34827,19.69248],[104.38755,19.70033],[104.39787,19.69833],[104.40397,19.70626],[104.41397,19.70774],[104.42076,19.70218],[104.4201,19.68314],[104.42493,19.67409],[104.4446,19.67245],[104.44353,19.65872],[104.45906,19.65017],[104.47613,19.65593],[104.48913,19.65481],[104.50561,19.62326],[104.52675,19.61347],[104.53523,19.61329],[104.54424,19.61981],[104.5594,19.61164],[104.56824,19.6153],[104.57721,19.62741],[104.60727,19.63408],[104.63743,19.62285],[104.64491,19.62556],[104.65033,19.63633],[104.64533,19.65299],[104.65961,19.66109],[104.65852,19.67371],[104.66913,19.68475],[104.66096,19.70227],[104.67602,19.71149],[104.68503,19.72358],[104.69302,19.72517],[104.69905,19.73556],[104.72188,19.75529],[104.72876,19.75727],[104.73684,19.75039],[104.75574,19.75192],[104.75844,19.7602],[104.7667,19.76579],[104.76293,19.77642],[104.77545,19.77848],[104.79594,19.79124],[104.82077,19.78627],[104.83563,19.79968],[104.83456,19.82463],[104.847,19.84197],[104.8447,19.84768],[104.83217,19.85443],[104.84746,19.8702],[104.84048,19.88812],[104.84686,19.91091],[104.84075,19.91855],[104.84557,19.93144],[104.86039,19.9447],[104.8877,19.9554],[104.90136,19.96719],[104.90969,19.98666],[104.91857,19.99642],[104.91135,20],[104.91941,20.02041],[104.93926,20.04307],[104.96936,20.06283],[104.97366,20.07793],[104.98779,20.09574],[104.96484,20.10135],[104.95562,20.1151],[104.92448,20.13696],[104.92119,20.14664],[104.92713,20.15342],[104.92569,20.15942],[104.89558,20.14857],[104.85358,20.14602],[104.82775,20.15916],[104.81626,20.17173],[104.77175,20.19898],[104.71887,20.20394],[104.66862,20.22108],[104.66203,20.23288],[104.64378,20.23555],[104.63006,20.22971],[104.61178,20.24516],[104.60805,20.2734],[104.62156,20.30038],[104.61451,20.30111],[104.61342,20.30489],[104.61754,20.33956],[104.61421,20.35813],[104.68377,20.4029],[104.70902,20.39975],[104.71599,20.40566],[104.67784,20.44538],[104.66515,20.45175],[104.66143,20.46026],[104.66841,20.46453],[104.66819,20.46976],[104.64252,20.47125],[104.62223,20.45863],[104.61241,20.44486],[104.61653,20.43906],[104.61572,20.43229],[104.60323,20.42025],[104.56261,20.41609],[104.54641,20.40966],[104.52649,20.41309],[104.52163,20.39314],[104.46876,20.37111],[104.44801,20.3784],[104.4197,20.37889],[104.40654,20.38562],[104.4054,20.41408],[104.41299,20.42733],[104.37613,20.44592],[104.37939,20.45212],[104.37379,20.4672],[104.38524,20.47867],[104.38643,20.4899],[104.41455,20.49174],[104.44015,20.50963],[104.47585,20.52078],[104.49446,20.54387],[104.52298,20.55247],[104.52416,20.57203],[104.53092,20.57805],[104.5401,20.59956],[104.56514,20.60872],[104.60069,20.60784],[104.61196,20.62258],[104.62796,20.63423],[104.63591,20.6598],[104.63308,20.67375],[104.59002,20.67809],[104.58302,20.68427],[104.58271,20.7016],[104.55253,20.72233],[104.53239,20.71773],[104.51959,20.70298],[104.50805,20.71059],[104.50638,20.71756],[104.49301,20.71694],[104.47823,20.77081],[104.46606,20.77929],[104.44908,20.7832],[104.44582,20.80013],[104.43749,20.80098],[104.42291,20.79434],[104.38378,20.82876],[104.37749,20.83097],[104.37362,20.82253],[104.33539,20.85936],[104.32572,20.85826],[104.32375,20.86077],[104.3307,20.87299],[104.32817,20.88634],[104.30604,20.90696],[104.2944,20.90992],[104.28815,20.92441],[104.27918,20.92824],[104.26675,20.9217],[104.25136,20.90073],[104.23771,20.91229],[104.24008,20.93223],[104.23635,20.93686],[104.19264,20.94789],[104.18661,20.95754],[104.15284,20.95622],[104.13476,20.94881],[104.12733,20.95163],[104.11794,20.97288],[104.10226,20.97764],[104.0871,20.96478],[104.05236,20.95239],[104.0549,20.94254],[104.04755,20.93282],[104.04579,20.91713],[104.03084,20.90504],[103.99357,20.90638],[103.97272,20.91399],[103.9541,20.89743],[103.94628,20.8968],[103.93038,20.90464],[103.91207,20.90297],[103.89412,20.90731],[103.84649,20.86325],[103.83016,20.8732],[103.81986,20.87372],[103.80883,20.86357],[103.80867,20.85719],[103.79824,20.84918],[103.80123,20.83565],[103.79801,20.82614],[103.77369,20.80603],[103.785,20.78076],[103.78326,20.76623],[103.78773,20.74806],[103.76745,20.73747],[103.76209,20.73975],[103.75184,20.73542],[103.72923,20.73467],[103.72658,20.73136],[103.73239,20.70102],[103.74325,20.68],[103.7308,20.67023],[103.68523,20.66311],[103.67303,20.67076],[103.66808,20.69685],[103.6627,20.70068],[103.65574,20.69773],[103.64667,20.69998],[103.63622,20.71964],[103.61082,20.73182],[103.59815,20.74546],[103.5796,20.74976],[103.55187,20.74643],[103.53519,20.75527],[103.51933,20.75177],[103.5086,20.75535],[103.4973,20.77461],[103.48092,20.78782],[103.47692,20.79707],[103.47781,20.8116],[103.46036,20.82809],[103.44134,20.81727],[103.43619,20.79767],[103.41213,20.79726],[103.39731,20.78391],[103.38239,20.78866],[103.36286,20.80764],[103.34581,20.80534],[103.32304,20.81789],[103.29583,20.82266],[103.29023,20.82744],[103.29137,20.83519],[103.28557,20.83901],[103.26,20.82597],[103.23229,20.83846],[103.22562,20.84555],[103.22429,20.85425],[103.23103,20.8758],[103.21375,20.89284],[103.20889,20.90286],[103.19588,20.90698],[103.18334,20.90529],[103.16551,20.91594],[103.15083,20.90514],[103.12443,20.9093],[103.11735,20.89916],[103.11242,20.89853],[103.10353,20.93423],[103.08678,20.94062],[103.08239,20.94618],[103.08149,20.96823],[103.06789,20.98453],[103.06591,20.99457],[103.05654,21.00278],[103.03028,21.05801],[103.01206,21.06438],[102.98984,21.06218],[102.9639,21.07581],[102.9601,21.08292],[102.96449,21.09304],[102.96244,21.10713],[102.93843,21.12968],[102.94605,21.14525],[102.93285,21.16057],[102.91389,21.16014],[102.90099,21.16888],[102.9062,21.1792],[102.90331,21.19406],[102.91022,21.23091],[102.89019,21.24672],[102.87484,21.25291],[102.85437,21.25652],[102.83553,21.247],[102.8215,21.2472],[102.8177,21.24793],[102.81299,21.25983],[102.81531,21.27144],[102.84751,21.29737],[102.88974,21.30333],[102.8958,21.30929],[102.88971,21.33088],[102.89526,21.38319],[102.91372,21.40606],[102.92766,21.44299],[102.93799,21.45725],[102.93072,21.46045],[102.91919,21.45721],[102.903,21.43417],[102.88815,21.43283],[102.8775,21.4265],[102.86795,21.42967],[102.8837,21.45463],[102.88668,21.47731],[102.90524,21.47986],[102.91602,21.50612],[102.95802,21.5463],[102.95954,21.55619],[102.98737,21.59155],[102.97869,21.65104],[102.98609,21.68383],[102.97682,21.69571],[102.98775,21.71306],[102.97053,21.74574],[102.96413,21.74508],[102.94428,21.72897],[102.89293,21.71614],[102.87425,21.70623],[102.85677,21.7267],[102.85928,21.76717],[102.85224,21.83634],[102.84363,21.84455],[102.83124,21.84168],[102.81377,21.83313],[102.80919,21.82107],[102.8171,21.80454],[102.81524,21.79097],[102.8224,21.74154],[102.82003,21.73435],[102.79943,21.71473],[102.78423,21.70718],[102.76312,21.68097],[102.7427,21.66367],[102.69016,21.6641],[102.6783,21.65543],[102.67414,21.65672],[102.66216,21.68151],[102.66372,21.68714],[102.65626,21.71373],[102.64454,21.73446],[102.64799,21.76411],[102.65849,21.79289],[102.64722,21.81149],[102.64253,21.85766],[102.61031,21.87673],[102.61676,21.90004],[102.61002,21.91909],[102.56348,21.93872],[102.52178,21.96595],[102.50888,21.96866],[102.4873,21.99367],[102.48522,22.00582],[102.49335,22.01485],[102.5156,22.02312],[102.51753,22.03127],[102.49253,22.03804],[102.46428,22.06392],[102.45022,22.07337],[102.44018,22.07505],[102.44406,22.08449],[102.43623,22.09259],[102.43846,22.10171],[102.43228,22.11632],[102.42011,22.11777],[102.40656,22.12742],[102.38433,22.1288],[102.3805,22.15089],[102.35675,22.16724],[102.33475,22.16707],[102.33075,22.19196],[102.3206,22.20194],[102.30887,22.20774],[102.30274,22.20242],[102.27755,22.20645],[102.26999,22.23775],[102.23838,22.24041],[102.24065,22.25669],[102.22812,22.27611],[102.23203,22.28343],[102.21148,22.2881],[102.17453,22.30777],[102.17777,22.32214],[102.19389,22.33682],[102.18736,22.34106],[102.17533,22.34047],[102.16972,22.3452],[102.16164,22.35956],[102.16694,22.37503],[102.1479,22.38953],[102.14149,22.40151],[102.15815,22.43052],[102.17566,22.43315],[102.23386,22.42865],[102.25206,22.41755],[102.26512,22.41932],[102.26657,22.43056],[102.24826,22.46254],[102.26361,22.47015],[102.26321,22.47991],[102.29023,22.51303],[102.29913,22.53254],[102.31806,22.54864],[102.32058,22.55899],[102.35335,22.5688],[102.34546,22.58097],[102.34575,22.58914],[102.36724,22.59464],[102.40274,22.63338],[102.41513,22.63872],[102.41281,22.64286],[102.39976,22.6443],[102.38363,22.67411],[102.38476,22.68593],[102.39105,22.68932],[102.41024,22.68818],[102.43359,22.70365],[102.44292,22.72865],[102.45406,22.73473],[102.44955,22.75171],[102.45743,22.76659],[102.49134,22.78135],[102.50496,22.77789],[102.54541,22.74815],[102.55002,22.73506],[102.56236,22.72094],[102.5649,22.70647],[102.58206,22.70857],[102.58473,22.72254],[102.59723,22.73453],[102.60327,22.73481],[102.65432,22.69233],[102.68775,22.7053],[102.70562,22.69598],[102.7078,22.68402],[102.72234,22.68016],[102.72929,22.66943],[102.74565,22.66898],[102.76065,22.64946],[102.78342,22.64581],[102.7812,22.63456],[102.78604,22.6275],[102.8143,22.62264],[102.8237,22.62741],[102.83828,22.62045],[102.8412,22.61362],[102.86083,22.6103],[102.86316,22.60095],[102.87526,22.59279],[102.86925,22.57685],[102.87905,22.56914],[102.87607,22.5603],[102.89197,22.54803],[102.89286,22.54408],[102.88692,22.5381],[102.90615,22.52568],[102.90898,22.51073],[102.92037,22.5071],[102.92119,22.49376],[102.92695,22.48484],[102.95241,22.48642],[102.96114,22.47986],[102.98433,22.48044],[102.99026,22.47307],[102.99166,22.46293],[103.00571,22.46242],[103.02833,22.44394],[103.04991,22.44778],[103.05493,22.45355],[103.0656,22.44874],[103.07668,22.45245],[103.07861,22.46331],[103.06873,22.47809],[103.07237,22.48616],[103.0698,22.49116],[103.0821,22.5122],[103.11458,22.51907],[103.13685,22.54206],[103.14599,22.54526],[103.15645,22.54171],[103.18,22.55835],[103.15702,22.59371],[103.16642,22.6174],[103.17972,22.6329],[103.18558,22.64729],[103.19762,22.65114],[103.22092,22.64943],[103.24311,22.6669],[103.26906,22.67687],[103.28112,22.68568],[103.28034,22.69904],[103.28668,22.71853],[103.28462,22.7383],[103.30765,22.76508],[103.31605,22.78327],[103.31557,22.80791],[103.32556,22.81232],[103.33501,22.8068],[103.37138,22.80021],[103.38343,22.7866],[103.41065,22.77739],[103.41474,22.7664],[103.4377,22.75455],[103.43915,22.74275],[103.42662,22.73488],[103.42937,22.70444],[103.45587,22.68302],[103.45495,22.6626],[103.48656,22.62062],[103.50456,22.61276],[103.50644,22.60329],[103.52683,22.59648],[103.53736,22.60816],[103.55201,22.63693],[103.56735,22.64444],[103.5771,22.66621],[103.56217,22.69593],[103.56347,22.70717],[103.5743,22.7243],[103.60703,22.75702],[103.6083,22.7658],[103.61858,22.77639],[103.61681,22.78693],[103.64376,22.79513],[103.65629,22.79105],[103.66632,22.77227],[103.67751,22.76541],[103.68306,22.75472],[103.7008,22.74561],[103.73688,22.71321],[103.73582,22.70338],[103.75178,22.68931],[103.76606,22.691],[103.78202,22.66897],[103.8114,22.6395],[103.81944,22.62122],[103.86082,22.58502],[103.87425,22.56625],[103.88028,22.56465],[103.88332,22.57098],[103.88966,22.56995],[103.91224,22.54565],[103.91371,22.53476],[103.92524,22.54065],[103.93051,22.52878],[103.94419,22.52536],[103.95651,22.50902],[103.96799,22.51165],[103.97425,22.50787],[103.98934,22.52009],[104.0035,22.51851],[104.00987,22.52458],[104.00477,22.5414],[104.01295,22.54782],[104.01075,22.561],[104.01366,22.56612],[104.00563,22.57796],[104.0122,22.58316],[104.02363,22.61396],[104.02297,22.62821],[104.03775,22.67873],[104.03683,22.6831],[104.02749,22.68789],[104.02624,22.69387],[104.04055,22.72905],[104.06258,22.7553],[104.08697,22.77315],[104.09714,22.79643],[104.11518,22.81241],[104.12529,22.81401],[104.13608,22.80681],[104.15908,22.81671],[104.16331,22.82331],[104.17292,22.82143],[104.18832,22.82905],[104.21805,22.82968],[104.24228,22.84432],[104.24699,22.84076],[104.25406,22.84553],[104.26273,22.84364],[104.26982,22.82979],[104.25508,22.77305],[104.26663,22.75552],[104.26778,22.74299],[104.30005,22.73219],[104.31639,22.73247],[104.3273,22.72788],[104.34146,22.71454],[104.35046,22.69509],[104.36789,22.68965],[104.3845,22.70491],[104.39649,22.70253],[104.40713,22.72531],[104.42167,22.73853],[104.47017,22.76143],[104.49719,22.78659],[104.51489,22.79758],[104.52545,22.81861],[104.54866,22.83503],[104.54375,22.83879],[104.54624,22.84141],[104.57136,22.85144],[104.58912,22.85316],[104.59524,22.84707],[104.60106,22.83415],[104.59651,22.82366],[104.59831,22.81899],[104.61117,22.81729],[104.61748,22.82335],[104.6175,22.84249],[104.62178,22.84766],[104.62712,22.83823],[104.65186,22.83548],[104.66984,22.81955],[104.69799,22.82745],[104.7267,22.82237],[104.73273,22.83022],[104.7234,22.85227],[104.73487,22.85935],[104.75386,22.85996],[104.77132,22.90189],[104.81389,22.92285],[104.83665,22.92355],[104.86314,22.95377],[104.85779,22.97796],[104.83083,22.98528],[104.82597,23.02408],[104.81822,23.03781],[104.81883,23.05446],[104.81203,23.05919],[104.81513,23.08068],[104.80446,23.08463],[104.80025,23.11691],[104.81814,23.11888],[104.82063,23.11126],[104.82408,23.11098],[104.82659,23.11582],[104.83799,23.11606],[104.85478,23.12825],[104.86184,23.12478],[104.87403,23.12692],[104.87989,23.14325],[104.88064,23.1677],[104.90433,23.18091],[104.91448,23.17744],[104.91459,23.17066],[104.92369,23.16496],[104.92568,23.15867],[104.94606,23.15221],[104.94884,23.16372],[104.94534,23.17136],[104.95413,23.18074],[104.96096,23.19987],[104.9776,23.20614],[104.98563,23.20231],[104.99492,23.20436],[105.00026,23.21752],[105.02307,23.22062],[105.04976,23.24877],[105.07793,23.26714],[105.09572,23.26084],[105.09959,23.25813],[105.09864,23.24884],[105.10795,23.2471],[105.15319,23.26728],[105.17091,23.2903],[105.17688,23.28913],[105.18053,23.27886],[105.1933,23.28166],[105.20156,23.27216],[105.20825,23.26925],[105.21904,23.27127],[105.22583,23.26187],[105.23295,23.2638],[105.23675,23.28189],[105.23278,23.28963],[105.24368,23.29339],[105.24941,23.30184],[105.2479,23.31042],[105.25618,23.31776],[105.24825,23.33132],[105.24952,23.33731],[105.25843,23.34388],[105.27173,23.34086],[105.28168,23.34297],[105.28643,23.35999],[105.32094,23.39331],[105.34814,23.36758],[105.34964,23.34635],[105.36827,23.32069],[105.37985,23.31247],[105.38451,23.31701],[105.40183,23.2951],[105.41437,23.28694],[105.41897,23.28596],[105.42673,23.29174],[105.42719,23.30374],[105.43961,23.30066],[105.44709,23.28152],[105.48919,23.2351],[105.49577,23.20527],[105.52229,23.19058],[105.54103,23.19371],[105.55011,23.18922],[105.55715,23.17178],[105.57155,23.16205],[105.56941,23.15045],[105.56216,23.14428],[105.5638,23.13518],[105.55813,23.12939],[105.56301,23.12164],[105.55933,23.11681],[105.56398,23.10392],[105.56015,23.08788],[105.57023,23.07323],[105.58297,23.07037],[105.59471,23.07788],[105.60276,23.07785],[105.61756,23.0684],[105.63152,23.08132],[105.6417,23.08318],[105.67408,23.06469],[105.70731,23.06387],[105.70935,23.07286],[105.7266,23.05468],[105.72975,23.03774],[105.73787,23.03305],[105.75595,23.03326],[105.75749,23.0287],[105.77805,23.02377],[105.80158,22.99201],[105.81264,22.98992],[105.82093,22.99733],[105.83218,22.99166],[105.84118,22.97738],[105.83656,22.97441],[105.838,22.97034],[105.84941,22.97357],[105.85252,22.97045],[105.84368,22.95928],[105.8535,22.94374],[105.86278,22.94156],[105.86994,22.93407],[105.86852,22.92469],[105.87401,22.91876],[105.88562,22.92141],[105.8817,22.92849],[105.88752,22.94017],[105.90673,22.94074],[105.92046,22.94753],[105.9343,22.94048],[105.94766,22.94011],[105.9585,22.95185],[105.99456,22.94224],[106.00635,22.96994],[106.00013,22.98284],[106.00033,22.99252],[106.06253,22.99321],[106.08154,23.00162],[106.094,22.99655],[106.09838,22.9881],[106.11585,22.98633],[106.13295,22.99747],[106.14078,22.99691],[106.16808,22.98542],[106.18734,22.98915],[106.19925,22.98595],[106.21057,22.97231],[106.23425,22.95472],[106.23601,22.94392],[106.26231,22.91246],[106.25766,22.89909],[106.24948,22.89686],[106.24786,22.8927],[106.25769,22.88579],[106.25747,22.8788],[106.2781,22.87096],[106.28605,22.86907],[106.28932,22.87586],[106.29501,22.87581],[106.30787,22.86549],[106.31994,22.86965],[106.32444,22.87528],[106.34768,22.85664],[106.36118,22.86821],[106.36347,22.88103],[106.37233,22.88468],[106.41225,22.87716],[106.41045,22.88979],[106.41946,22.89344],[106.4307,22.88487],[106.44137,22.89368],[106.4467,22.90463],[106.45721,22.89889],[106.46736,22.90205],[106.47281,22.91041],[106.4847,22.90322],[106.49692,22.90741],[106.5013,22.91573],[106.4987,22.92823],[106.50531,22.93376],[106.51031,22.94724],[106.52133,22.94947],[106.52842,22.94214],[106.53874,22.94223],[106.54237,22.92982],[106.56286,22.9215],[106.58005,22.92745],[106.58764,22.93444],[106.6001,22.93011],[106.61388,22.90254],[106.62694,22.89325],[106.62873,22.88774],[106.63523,22.88757],[106.63607,22.87657],[106.64174,22.87594],[106.64937,22.86741],[106.66394,22.87762],[106.66655,22.89337],[106.67527,22.89347],[106.67871,22.88784],[106.6897,22.89226],[106.70384,22.88924],[106.71537,22.87846],[106.70725,22.86677],[106.75255,22.83236],[106.76678,22.82676],[106.76459,22.81283],[106.77159,22.81786],[106.78307,22.81501],[106.80713,22.82202],[106.81693,22.82047],[106.83341,22.80673],[106.81592,22.77359],[106.7934,22.77124],[106.79127,22.76613],[106.78415,22.768],[106.78563,22.75591],[106.77356,22.74608],[106.76309,22.74333],[106.76753,22.73795],[106.76005,22.73287],[106.76354,22.72067],[106.77737,22.70974],[106.76487,22.70681],[106.76308,22.70217],[106.75123,22.69752],[106.75759,22.68568],[106.75489,22.67597],[106.73989,22.67064],[106.72965,22.65534],[106.73002,22.64907],[106.72123,22.6405],[106.72689,22.63154],[106.72129,22.61983],[106.71282,22.61622],[106.71577,22.60991],[106.72751,22.60238],[106.72026,22.58824],[106.70639,22.57996],[106.69217,22.58483],[106.65165,22.57702],[106.64588,22.57865],[106.63296,22.59327],[106.62863,22.60576],[106.60695,22.60344],[106.60413,22.59289],[106.60768,22.5824],[106.60063,22.57819],[106.5992,22.55686],[106.58949,22.55099],[106.58817,22.53556],[106.57971,22.5185],[106.58136,22.47525],[106.57432,22.47013],[106.57288,22.47673],[106.56953,22.47643],[106.56266,22.46713],[106.55796,22.46701],[106.55581,22.45924],[106.55698,22.44876],[106.56529,22.44204],[106.56239,22.42249],[106.56595,22.41295],[106.58426,22.39066],[106.58329,22.37872],[106.57812,22.37292],[106.55982,22.36527],[106.55887,22.34826],[106.56784,22.34322],[106.57462,22.34638],[106.57987,22.3407],[106.58727,22.34382],[106.5997,22.33893],[106.61243,22.3401],[106.61713,22.33406],[106.63362,22.34021],[106.64787,22.34017],[106.65686,22.3347],[106.65726,22.31932],[106.66554,22.30934],[106.66561,22.28604],[106.67524,22.28627],[106.68861,22.28007],[106.68896,22.27412],[106.68306,22.26615],[106.69975,22.22059],[106.69351,22.20688],[106.67881,22.20583],[106.67666,22.19374],[106.6689,22.18533],[106.68448,22.16577],[106.7009,22.16456],[106.70413,22.16091],[106.70408,22.15639],[106.69524,22.15477],[106.68812,22.13853],[106.69207,22.13412],[106.69373,22.11148],[106.70713,22.10313],[106.71074,22.09657],[106.70382,22.08399],[106.70427,22.06718],[106.69536,22.05501],[106.69542,22.04422],[106.70298,22.03923],[106.70578,22.02583],[106.6811,22.00318],[106.68237,21.98421],[106.69286,21.9738],[106.69,21.96517],[106.69726,21.96169],[106.70623,21.975],[106.71727,21.97499],[106.72549,21.98358],[106.73628,22.00841],[106.76325,22.01365],[106.78338,22.00336],[106.78646,21.99117],[106.7941,21.99381],[106.79696,21.98278],[106.80782,21.97527],[106.83076,21.97595],[106.83376,21.98492],[106.87759,21.98269],[106.90129,21.97299],[106.916,21.97621],[106.92891,21.93161],[106.94945,21.93234],[106.9593,21.92104],[106.97629,21.92735],[106.98892,21.95163],[106.99936,21.94685],[107.01843,21.94643],[107.02485,21.93865],[107.04694,21.92909],[107.05483,21.91781],[107.06137,21.8959],[107.05102,21.88355],[107.0388,21.87982],[107.01501,21.86267],[107.00405,21.84915],[107.00268,21.83565],[107.0078,21.82831],[107.04031,21.81378],[107.08167,21.80983],[107.08855,21.80111],[107.10995,21.79463],[107.12064,21.78089],[107.13215,21.77633],[107.13804,21.76401],[107.15775,21.75847],[107.16347,21.75155],[107.1703,21.75329],[107.18455,21.7472],[107.19582,21.73379],[107.19654,21.7219],[107.22038,21.70898],[107.24575,21.70699],[107.24968,21.71904],[107.25977,21.72802],[107.27379,21.73419],[107.28464,21.73341],[107.29356,21.74235],[107.30062,21.74271],[107.30797,21.73007],[107.31947,21.72573],[107.31792,21.71685],[107.32281,21.70686],[107.33089,21.7014],[107.3358,21.69032],[107.34577,21.68451],[107.3443,21.67707],[107.35729,21.66502],[107.36281,21.64201],[107.35313,21.63131],[107.35291,21.62558],[107.35923,21.61621],[107.35587,21.60581],[107.36197,21.60093],[107.36785,21.60264],[107.38071,21.59709],[107.39572,21.61138],[107.39381,21.61806],[107.40555,21.62333],[107.41378,21.63303],[107.41674,21.64201],[107.46024,21.66466],[107.47968,21.65877],[107.48304,21.62964],[107.4955,21.61581],[107.48579,21.6007],[107.52294,21.59125],[107.53504,21.59528],[107.54184,21.59162],[107.55749,21.61371],[107.56651,21.61322],[107.57374,21.61902],[107.58007,21.61775],[107.59154,21.60538],[107.59958,21.60464],[107.61881,21.60966],[107.65098,21.60835],[107.66433,21.61439],[107.67434,21.61041],[107.71307,21.62247],[107.71939,21.62964],[107.73029,21.6321],[107.74242,21.64107],[107.77752,21.64944],[107.7827,21.6572],[107.79622,21.65525],[107.81397,21.65889],[107.83833,21.64297],[107.85594,21.65525],[107.85935,21.65049],[107.86918,21.64878],[107.86993,21.64297],[107.87619,21.64029],[107.87705,21.63127],[107.88609,21.6267],[107.88397,21.62158],[107.88885,21.61726],[107.88121,21.60925],[107.8897,21.60744],[107.88831,21.60028],[107.89651,21.59521],[107.89746,21.5892],[107.90086,21.58804],[107.90311,21.59235],[107.9129,21.588],[107.9229,21.58998],[107.92722,21.58053],[107.94034,21.57159],[107.95335,21.53881],[107.96426,21.53627],[107.97907,21.54458],[108.0038,21.54959],[108.03063,21.54785],[108.04383,21.54022],[108.04651,21.52621],[108.02985,21.53192],[108.03851,21.51764],[108.01843,21.51279],[108.04296,21.50829],[108.01584,21.49306],[108.01786,21.48937],[108.02744,21.48705],[108.0445,21.49526],[108.06072,21.49604],[108.08584,21.48608],[108.03839,21.48421],[108.01907,21.47789],[107.99931,21.46629],[107.9769,21.43958],[107.96703,21.4342],[107.96402,21.43689],[107.96713,21.44877],[107.98635,21.46736],[107.98866,21.47856],[107.98224,21.48177],[107.97788,21.47216],[107.97031,21.48281],[107.97235,21.48926],[107.96248,21.49354],[107.96389,21.47498],[107.95533,21.47289],[107.95562,21.46091],[107.9505,21.44912],[107.94692,21.45078],[107.94479,21.45402],[107.94857,21.45882],[107.94495,21.46448],[107.94137,21.46392],[107.9429,21.45883],[107.93751,21.45692],[107.92564,21.46582],[107.92428,21.47167],[107.92935,21.47765],[107.93623,21.47743],[107.93723,21.48658],[107.94659,21.4975],[107.93719,21.50459],[107.92981,21.50042],[107.92255,21.50256],[107.9205,21.50976],[107.91495,21.51296],[107.91526,21.5259],[107.90131,21.52022],[107.8938,21.53004],[107.88675,21.52809],[107.88926,21.51957],[107.88336,21.51471],[107.89112,21.51375],[107.88462,21.50672],[107.87717,21.50783],[107.87317,21.513],[107.86654,21.51225],[107.85845,21.52139],[107.86006,21.5287],[107.85676,21.52921],[107.83887,21.50384],[107.83005,21.51316],[107.83646,21.52148],[107.83495,21.52606],[107.82869,21.52575],[107.8227,21.51636],[107.81979,21.52158],[107.81529,21.5213],[107.8144,21.51505],[107.80885,21.51168],[107.77475,21.52401],[107.7534,21.51153],[107.75314,21.50807],[107.75757,21.50262],[107.77335,21.50708],[107.79444,21.48911],[107.79717,21.47814],[107.78391,21.47197],[107.78,21.46069],[107.7599,21.44699],[107.76022,21.43683],[107.75134,21.43256],[107.7563,21.42519],[107.74923,21.41516],[107.75169,21.4048],[107.74427,21.40015],[107.73614,21.40444],[107.72768,21.40193],[107.72797,21.40945],[107.72463,21.41115],[107.71329,21.41026],[107.7082,21.40404],[107.70084,21.41125],[107.68014,21.40387],[107.67548,21.41684],[107.66917,21.41508],[107.66044,21.39752],[107.67018,21.39041],[107.6708,21.38216],[107.65758,21.379],[107.63665,21.38062],[107.63886,21.36346],[107.63125,21.3572],[107.63291,21.34736],[107.62568,21.33658],[107.61488,21.3356],[107.6134,21.32552],[107.59658,21.30808],[107.60273,21.29731],[107.58901,21.30411],[107.57634,21.30524],[107.56601,21.31364],[107.55974,21.30943],[107.55222,21.31248],[107.53827,21.33749],[107.53446,21.33812],[107.51869,21.31536],[107.50712,21.30951],[107.50759,21.30119],[107.49124,21.30172],[107.48201,21.30802],[107.47062,21.30833],[107.46393,21.31538],[107.45179,21.31649],[107.43826,21.3009],[107.4503,21.29072],[107.44954,21.28291],[107.42645,21.28934],[107.41899,21.28738],[107.41841,21.26921],[107.40983,21.28265],[107.40378,21.28542],[107.40091,21.27872],[107.36557,21.26331],[107.36367,21.19409],[107.36739,21.17576],[107.38292,21.17624],[107.38334,21.15798],[107.37899,21.1502],[107.38505,21.14382],[107.38664,21.12853],[107.38092,21.1102],[107.37066,21.10039],[107.36413,21.10889],[107.35714,21.10512],[107.37533,21.08667],[107.35344,21.07503],[107.36113,21.07409],[107.3647,21.06633],[107.36719,21.05495],[107.36205,21.03985],[107.37032,21.02731],[107.3626,21.01028],[107.33949,20.99262],[107.31717,20.99286],[107.31397,20.99842],[107.30645,20.99978],[107.30573,20.99638],[107.29712,20.99724],[107.30233,20.99528],[107.30057,20.99167],[107.29162,20.99263],[107.29081,20.99758],[107.27448,20.99655],[107.27011,21.00174],[107.26253,20.99688],[107.24926,20.99867],[107.24932,20.99383],[107.24039,20.9921],[107.24179,20.98378],[107.22578,20.9807],[107.20097,20.96299],[107.19145,20.94519],[107.199,20.93644],[107.1496,20.93979],[107.15166,20.93467],[107.16253,20.93599],[107.16082,20.92954],[107.15615,20.92874],[107.14287,20.93371],[107.14259,20.94327],[107.11919,20.93793],[107.0838,20.95033],[107.07505,20.94593],[107.053,20.94903],[107.03218,20.9418],[107.00593,20.95436],[106.98928,20.95382],[106.98365,20.95709],[106.97617,20.95053],[106.9568,20.95204],[106.95646,20.94488],[106.93943,20.93515],[106.92501,20.94392],[106.92463,20.95723],[106.9198,20.96629],[106.89654,20.97148],[106.88845,20.99239],[106.87995,20.98755],[106.87728,20.97892],[106.88573,20.97103],[106.87717,20.96516],[106.88804,20.96572],[106.88785,20.95489],[106.90294,20.95368],[106.9137,20.94754],[106.92408,20.93756],[106.93156,20.92108],[106.94423,20.91457],[106.94557,20.90973],[106.91922,20.91095],[106.8949,20.90417],[106.89565,20.91488],[106.8851,20.93043],[106.88004,20.93071],[106.87876,20.92671],[106.88893,20.91496],[106.88529,20.90668],[106.88085,20.90323],[106.87921,20.89401],[106.87096,20.89273],[106.86642,20.88131],[106.8681,20.87423],[106.85034,20.86875],[106.86264,20.85674],[106.86738,20.83553],[106.87831,20.82124],[106.84122,20.81834],[106.83446,20.8137],[106.83776,20.8095],[106.81462,20.80604],[106.81253,20.79613],[106.80293,20.7995],[106.79904,20.79512],[106.77609,20.79456],[106.77426,20.7893],[106.7615,20.78284],[106.75953,20.7754],[106.77164,20.76845],[106.7863,20.72884],[106.79927,20.72228],[106.78965,20.70208],[106.79685,20.69497],[106.79396,20.68583],[106.80199,20.68524],[106.80761,20.6745],[106.79945,20.67337],[106.78527,20.68929],[106.78156,20.70052],[106.77908,20.69194],[106.76234,20.69343],[106.76519,20.70298],[106.7712,20.7063],[106.76759,20.71024],[106.75913,20.70052],[106.7458,20.69681],[106.729,20.67933],[106.71813,20.67807],[106.69531,20.6872],[106.7086,20.65753],[106.69437,20.63294],[106.67065,20.61471],[106.66259,20.61352],[106.64979,20.61823],[106.65193,20.60247],[106.60937,20.58143],[106.58332,20.55256],[106.58802,20.54019],[106.58536,20.52163],[106.6009,20.49466],[106.60369,20.48208],[106.59794,20.46642],[106.5994,20.4538],[106.61722,20.44186],[106.60312,20.4148],[106.59386,20.41471],[106.58712,20.40676],[106.57537,20.36869],[106.60182,20.32041],[106.60184,20.30332],[106.59633,20.29745],[106.60676,20.28875],[106.59593,20.2524],[106.58231,20.23717],[106.57968,20.21725],[106.56377,20.20671],[106.55164,20.20719],[106.54097,20.20268],[106.54073,20.22591],[106.52639,20.22257],[106.51301,20.22639],[106.49009,20.21966],[106.4063,20.20689],[106.38644,20.19839],[106.36508,20.18213],[106.35079,20.18115],[106.35307,20.17268],[106.24727,20.06161],[106.20051,20.00614],[106.19441,20.01114],[106.18762,20.00754],[106.1869,19.99619],[106.17791,19.97707],[106.15415,19.95094],[106.06229,19.92262],[106.0573,19.9258],[106.04937,19.94972],[106.02334,19.96576],[106.00474,19.95918],[105.99397,19.94827],[105.96657,19.93606],[105.95237,19.92147],[105.94701,19.89227],[105.96398,19.89103],[105.9461,19.8691],[105.93291,19.8368],[105.92959,19.81152],[105.9365,19.79634],[105.92858,19.79022],[105.93251,19.78201],[105.90754,19.74988],[105.89558,19.72294],[105.88659,19.72336],[105.87717,19.73182],[105.8556,19.70986],[105.83192,19.65437],[105.81748,19.58524],[105.81042,19.58077],[105.81283,19.57067],[105.80473,19.52254],[105.80379,19.48758],[105.811,19.42936],[105.8026,19.43145],[105.7946,19.42648],[105.79085,19.40671],[105.78331,19.4031],[105.78235,19.39356],[105.79016,19.36087],[105.80075,19.33881],[105.81135,19.33141],[105.81392,19.33837],[105.81979,19.33693],[105.81998,19.34234],[105.82358,19.34148],[105.82143,19.32574],[105.82592,19.30588],[105.82037,19.30408],[105.81466,19.317],[105.80821,19.32205],[105.80974,19.31528],[105.80111,19.31489],[105.81232,19.30951],[105.80742,19.30299],[105.80828,19.29573],[105.80033,19.28577],[105.79992,19.27888],[105.80418,19.27498],[105.78089,19.27533],[105.76411,19.22911],[105.75598,19.22623],[105.75401,19.23315],[105.73589,19.2198],[105.72926,19.18912],[105.72733,19.13789],[105.72877,19.11773],[105.73485,19.10393],[105.72253,19.10369],[105.7161,19.09858],[105.7112,19.10415],[105.7088,19.09683],[105.69042,19.08332],[105.68227,19.09352],[105.67186,19.09897],[105.65356,19.08753],[105.63926,19.06869],[105.61924,19.02322],[105.61504,18.98428],[105.61855,18.95885],[105.63592,18.89775],[105.64768,18.89275],[105.65125,18.88639],[105.65936,18.89053],[105.66518,18.88119],[105.6724,18.88158],[105.67865,18.87469],[105.68155,18.87776],[105.68901,18.87503],[105.69308,18.8647],[105.69962,18.86384],[105.70125,18.8553],[105.71007,18.84967],[105.71573,18.85227],[105.7173,18.84842],[105.71305,18.84477],[105.71772,18.83539],[105.71399,18.82957],[105.72692,18.80151],[105.74919,18.77657],[105.77485,18.75999],[105.80881,18.63426],[105.85815,18.53396],[105.86589,18.52897],[105.92085,18.45212],[105.92598,18.45158],[105.93414,18.46743],[105.94088,18.47259],[105.93744,18.46299],[105.95964,18.42567],[105.98368,18.39285],[106.04679,18.32089],[106.09933,18.27537],[106.12113,18.26697],[106.16251,18.26602],[106.23384,18.21664],[106.24975,18.21563],[106.29206,18.16788],[106.35481,18.11177],[106.39755,18.09952],[106.40533,18.10202],[106.40814,18.11934],[106.41478,18.12574],[106.4193,18.1264],[106.42078,18.12177],[106.43298,18.12294],[106.4213,18.10721],[106.41891,18.09111],[106.43782,18.04955],[106.45082,18.05633],[106.45706,18.03165],[106.44949,18.02804],[106.45978,18.00961],[106.47904,17.98854],[106.4924,17.96592],[106.50819,17.96117],[106.5025,17.95919],[106.50267,17.95279],[106.50741,17.94339],[106.51363,17.94291],[106.50316,17.93389],[106.5,17.9251],[106.48085,17.92198],[106.4596,17.88447],[106.44945,17.8782],[106.44249,17.83294],[106.4595,17.76638],[106.525,17.63638],[106.54457,17.62035],[106.57222,17.56865],[106.62377,17.49662],[106.62598,17.48615],[106.69356,17.40567],[106.75475,17.34322],[106.82982,17.2826],[107.03198,17.13471],[107.10519,17.09183],[107.11274,17.08022],[107.10893,17.01914],[107.13426,16.97245],[107.16754,16.93079],[107.19898,16.90279],[107.21976,16.87795],[107.30528,16.80354],[107.57239,16.60219],[107.66085,16.55639],[107.71218,16.52262],[107.79773,16.45488],[107.88521,16.37739],[107.89768,16.36781],[107.9031,16.36857],[107.93259,16.34193],[107.94173,16.34135],[107.94434,16.34851],[107.95298,16.34552],[107.95412,16.3374],[107.96793,16.32314],[107.97645,16.31782],[108.00183,16.31326],[108.02007,16.32124],[108.02011,16.33084],[108.0149,16.33996],[108.02134,16.3445],[108.03243,16.33606],[108.04027,16.31696],[108.0358,16.30955],[108.05777,16.27288],[108.08566,16.23285],[108.10258,16.22071],[108.11711,16.21368],[108.12785,16.21716],[108.14048,16.21447],[108.1446,16.22114],[108.16809,16.20964],[108.18208,16.21407],[108.19236,16.211],[108.19049,16.20138],[108.17788,16.20117],[108.15429,16.19027],[108.15137,16.16246],[108.13784,16.16461],[108.13476,16.15842],[108.13671,16.14589],[108.12196,16.13988],[108.12129,16.13209],[108.13033,16.11338],[108.15102,16.09179],[108.17706,16.07736],[108.19319,16.07402],[108.20013,16.07531],[108.21385,16.09662],[108.22215,16.09765],[108.22358,16.10996],[108.22727,16.1036],[108.2325,16.10406],[108.23526,16.09384],[108.23985,16.1117],[108.21984,16.12063],[108.21512,16.1179],[108.21239,16.12339],[108.23228,16.14763],[108.24666,16.15613],[108.25708,16.15265],[108.26968,16.13563],[108.28601,16.13744],[108.30377,16.12394],[108.30785,16.12611],[108.3125,16.14398],[108.32068,16.14212],[108.33562,16.11995],[108.31173,16.11347],[108.30485,16.09699],[108.29359,16.10641],[108.27237,16.09806],[108.25739,16.10261],[108.25123,16.09727],[108.24449,16.07553],[108.25106,16.04077],[108.29222,15.9595],[108.33065,15.91989],[108.38095,15.88949],[108.39292,15.87144],[108.40216,15.87178],[108.40154,15.8548],[108.41189,15.81442],[108.44042,15.75909],[108.53384,15.61452],[108.60558,15.52628],[108.62103,15.51199],[108.64903,15.49912],[108.6685,15.50133],[108.67287,15.50719],[108.67277,15.51627],[108.67986,15.50879],[108.67348,15.5],[108.67254,15.48607],[108.68068,15.47865],[108.68223,15.4854],[108.68767,15.48586],[108.69834,15.46195],[108.69443,15.44185],[108.73065,15.40341],[108.74816,15.39229],[108.77006,15.38752],[108.77614,15.39259],[108.79318,15.39522],[108.79314,15.40086],[108.79754,15.40222],[108.8011,15.39762],[108.80633,15.40855],[108.79428,15.41661],[108.79652,15.42601],[108.80051,15.4187],[108.81006,15.41313],[108.82478,15.41943],[108.81985,15.41096],[108.82548,15.39947],[108.8297,15.39856],[108.82589,15.37758],[108.84839,15.34971],[108.85746,15.34788],[108.86301,15.35252],[108.86844,15.35178],[108.86146,15.34323],[108.86358,15.33541],[108.88031,15.32853],[108.8785,15.31862],[108.86769,15.30227],[108.875,15.28629],[108.90491,15.25059],[108.91909,15.24484],[108.92469,15.24981],[108.93454,15.24824],[108.93806,15.24404],[108.94029,15.23409],[108.93247,15.21678],[108.92596,15.2115],[108.91383,15.21441],[108.92055,15.20488],[108.91603,15.20174],[108.91102,15.20709],[108.90239,15.20495],[108.89304,15.19061],[108.90049,15.08609],[108.9122,15.0351],[108.94053,14.95022],[108.96231,14.89837],[108.99826,14.83073],[108.99898,14.81973],[109.07499,14.70624],[109.07208,14.69285],[109.08162,14.67222],[109.07353,14.66657],[109.0705,14.67877],[109.06658,14.67835],[109.06894,14.67268],[109.06332,14.65558],[109.07328,14.59538],[109.08078,14.57866],[109.06789,14.57726],[109.06569,14.56132],[109.09147,14.48563],[109.10106,14.48084],[109.12155,14.44764],[109.11295,14.42309],[109.12606,14.39541],[109.12061,14.38943],[109.12145,14.37167],[109.15897,14.31153],[109.18471,14.28252],[109.17764,14.27729],[109.17741,14.27163],[109.19521,14.2346],[109.19227,14.22826],[109.18439,14.23031],[109.17958,14.22405],[109.18213,14.20289],[109.21479,14.14458],[109.22583,14.13932],[109.21966,14.12822],[109.2079,14.12943],[109.20297,14.11514],[109.21819,14.07249],[109.25153,14.0199],[109.24496,14.00806],[109.25519,13.98962],[109.24829,13.98592],[109.24735,13.9805],[109.25798,13.96453],[109.24075,13.95628],[109.24218,13.94138],[109.26547,13.90103],[109.28159,13.88785],[109.29253,13.89578],[109.29592,13.88017],[109.29095,13.87579],[109.29055,13.85235],[109.29597,13.84436],[109.29629,13.82813],[109.28757,13.81757],[109.28409,13.80565],[109.29122,13.78039],[109.28699,13.75572],[109.2784,13.76357],[109.26579,13.75863],[109.25303,13.7599],[109.24874,13.7689],[109.23758,13.77246],[109.22054,13.76148],[109.21314,13.74786],[109.2179,13.73568],[109.21606,13.71744],[109.22059,13.71368],[109.23239,13.67917],[109.22873,13.66691],[109.22843,13.63237],[109.23842,13.61266],[109.2576,13.58908],[109.27548,13.57516],[109.29092,13.57528],[109.29608,13.57136],[109.29578,13.56836],[109.28844,13.5696],[109.28727,13.56134],[109.27709,13.55594],[109.27711,13.53529],[109.29372,13.52736],[109.30006,13.51919],[109.29864,13.51223],[109.28561,13.5036],[109.28687,13.4925],[109.29452,13.47602],[109.30344,13.46691],[109.31294,13.46614],[109.32261,13.47533],[109.32857,13.46559],[109.31414,13.45948],[109.31781,13.44491],[109.30892,13.43925],[109.30932,13.41481],[109.30084,13.41633],[109.29515,13.4062],[109.28954,13.41798],[109.26612,13.41465],[109.25755,13.42952],[109.26345,13.43553],[109.27279,13.4349],[109.28082,13.44671],[109.28911,13.44767],[109.29037,13.45722],[109.2848,13.46397],[109.27623,13.46511],[109.2648,13.48049],[109.24998,13.48527],[109.24512,13.49579],[109.23944,13.49519],[109.23767,13.48899],[109.22772,13.48097],[109.23132,13.4724],[109.21892,13.45043],[109.22549,13.43326],[109.23645,13.43015],[109.23125,13.42554],[109.22448,13.4265],[109.21764,13.4188],[109.22864,13.4135],[109.22562,13.3985],[109.21852,13.39426],[109.24159,13.3902],[109.25046,13.36737],[109.26556,13.3557],[109.27116,13.36629],[109.29173,13.36501],[109.29392,13.35694],[109.28881,13.35],[109.29774,13.33742],[109.29536,13.33419],[109.28778,13.33733],[109.28252,13.33399],[109.28118,13.3172],[109.28894,13.2973],[109.30652,13.27604],[109.31342,13.25705],[109.3009,13.2493],[109.30215,13.22938],[109.29125,13.21797],[109.29429,13.20137],[109.30155,13.18954],[109.29125,13.16739],[109.29345,13.14076],[109.36739,13.01855],[109.4205,12.95465],[109.4155,12.94635],[109.42802,12.94795],[109.42724,12.93873],[109.43567,12.92647],[109.44285,12.91794],[109.45387,12.91394],[109.44742,12.89513],[109.45604,12.89853],[109.45233,12.88934],[109.45701,12.88254],[109.44957,12.87818],[109.45047,12.86029],[109.43653,12.85774],[109.42618,12.84803],[109.41817,12.85039],[109.43613,12.87082],[109.43541,12.88178],[109.42747,12.88199],[109.41716,12.87303],[109.3996,12.86764],[109.40126,12.85978],[109.39094,12.85167],[109.38893,12.84479],[109.3753,12.83725],[109.36292,12.83734],[109.35479,12.82091],[109.35998,12.81672],[109.35703,12.80092],[109.36212,12.77989],[109.39191,12.71777],[109.40349,12.70203],[109.41541,12.70503],[109.4091,12.69295],[109.42379,12.671],[109.43735,12.67084],[109.4416,12.66582],[109.45076,12.66833],[109.45949,12.65058],[109.4369,12.64872],[109.43347,12.64319],[109.43218,12.63499],[109.4353,12.63238],[109.43212,12.62495],[109.43607,12.61404],[109.42749,12.60147],[109.42855,12.59671],[109.43431,12.59462],[109.43359,12.58644],[109.43842,12.57877],[109.43589,12.56658],[109.43111,12.56354],[109.42636,12.57376],[109.4142,12.5783],[109.41067,12.58526],[109.41299,12.60372],[109.39603,12.60753],[109.38837,12.62881],[109.38965,12.63204],[109.40758,12.63497],[109.41168,12.65363],[109.40757,12.65723],[109.40498,12.67157],[109.40025,12.67127],[109.39457,12.68582],[109.38918,12.67874],[109.39106,12.6697],[109.36702,12.67383],[109.36429,12.66729],[109.36883,12.65897],[109.36278,12.65423],[109.36613,12.64786],[109.36248,12.6437],[109.34927,12.66325],[109.33723,12.65369],[109.33049,12.66203],[109.34207,12.66923],[109.3518,12.69326],[109.35892,12.68892],[109.36448,12.69048],[109.37807,12.71179],[109.35187,12.76387],[109.35299,12.78859],[109.34811,12.79989],[109.33014,12.79443],[109.32262,12.76515],[109.31351,12.76615],[109.30335,12.76143],[109.28308,12.73596],[109.27386,12.73137],[109.25414,12.70371],[109.24282,12.7043],[109.23118,12.69788],[109.20853,12.66733],[109.2131,12.64982],[109.20139,12.65067],[109.19016,12.63715],[109.18891,12.62769],[109.20367,12.61663],[109.19819,12.60568],[109.202,12.5947],[109.19507,12.5802],[109.19581,12.57202],[109.20913,12.57],[109.21705,12.57774],[109.22086,12.57277],[109.22845,12.57523],[109.22811,12.57991],[109.22165,12.57397],[109.21823,12.58066],[109.22973,12.59407],[109.24228,12.58636],[109.24192,12.57572],[109.23434,12.5736],[109.2281,12.54856],[109.22845,12.53493],[109.23712,12.51025],[109.25607,12.5041],[109.27531,12.48658],[109.28081,12.49047],[109.2859,12.48717],[109.29458,12.47465],[109.28355,12.4447],[109.2889,12.42718],[109.29235,12.42346],[109.29681,12.42563],[109.30596,12.41683],[109.31853,12.41835],[109.32775,12.40814],[109.33521,12.40913],[109.33981,12.40079],[109.33542,12.38997],[109.32388,12.38566],[109.32864,12.37869],[109.32614,12.37364],[109.31917,12.37759],[109.31284,12.38871],[109.30689,12.38983],[109.30045,12.38161],[109.29793,12.35467],[109.28866,12.34714],[109.27939,12.35065],[109.27593,12.35918],[109.26121,12.36195],[109.25884,12.3687],[109.26275,12.37664],[109.23946,12.40536],[109.20802,12.43581],[109.17742,12.45548],[109.16819,12.44384],[109.15785,12.45272],[109.15824,12.44263],[109.16425,12.44248],[109.16454,12.43894],[109.14924,12.42704],[109.15591,12.42346],[109.16397,12.40469],[109.1717,12.40833],[109.19818,12.39867],[109.19503,12.36063],[109.20232,12.34397],[109.19985,12.33793],[109.20989,12.3252],[109.24058,12.30645],[109.23117,12.29537],[109.21769,12.29673],[109.20465,12.29067],[109.2006,12.27681],[109.20427,12.26914],[109.19841,12.26497],[109.19509,12.25508],[109.19955,12.22543],[109.21531,12.21031],[109.20627,12.17783],[109.2036,12.17275],[109.19828,12.17292],[109.19907,12.16454],[109.2186,12.15561],[109.22299,12.14299],[109.21338,12.13934],[109.21014,12.12414],[109.20481,12.1191],[109.19446,12.11847],[109.19288,12.09124],[109.20235,12.05846],[109.22253,12.01842],[109.24875,11.98399],[109.2685,11.97564],[109.26935,11.95478],[109.28123,11.95307],[109.26973,11.93751],[109.26116,11.93501],[109.25738,11.92169],[109.25976,11.90726],[109.27273,11.88746],[109.27073,11.88359],[109.2789,11.87838],[109.26887,11.86412],[109.25395,11.86541],[109.2472,11.85907],[109.23786,11.87576],[109.22996,11.88191],[109.20262,11.88397],[109.20436,11.90959],[109.21016,11.92282],[109.20518,11.92827],[109.21138,11.93178],[109.21358,11.94082],[109.20529,11.95282],[109.21215,11.9575],[109.21237,11.97832],[109.20215,11.9832],[109.18559,11.94885],[109.18571,11.94065],[109.1655,11.9173],[109.16178,11.91892],[109.15867,11.91503],[109.16437,11.91183],[109.16433,11.90732],[109.15578,11.91106],[109.14962,11.90571],[109.15295,11.89892],[109.14707,11.89601],[109.14035,11.89841],[109.13735,11.91144],[109.12957,11.90859],[109.12058,11.87915],[109.11372,11.8697],[109.11208,11.8546],[109.11946,11.83244],[109.13279,11.82241],[109.14673,11.82421],[109.16165,11.85394],[109.18783,11.87629],[109.1757,11.84489],[109.18137,11.83297],[109.17939,11.82064],[109.18306,11.80729],[109.18983,11.78959],[109.20912,11.77182],[109.21296,11.75903],[109.22102,11.75301],[109.22043,11.74799],[109.22878,11.74686],[109.23085,11.72942],[109.22513,11.72197],[109.20614,11.71851],[109.19686,11.72243],[109.1992,11.70886],[109.17142,11.65726],[109.16474,11.62583],[109.15356,11.62166],[109.139,11.5888],[109.13014,11.5808],[109.12734,11.56368],[109.12157,11.57357],[109.08519,11.58717],[109.06476,11.58153],[109.04371,11.58986],[109.02767,11.58152],[109.02408,11.56296],[109.03216,11.54779],[109.02598,11.53633],[109.01496,11.52985],[109.01139,11.52085],[109.01232,11.46645],[109.00596,11.44408],[109.01152,11.42498],[109.00436,11.41022],[109.00606,11.38465],[109.01002,11.37484],[109.01859,11.36966],[109.0173,11.36146],[108.99242,11.35023],[108.98546,11.33597],[108.96258,11.31868],[108.93309,11.30781],[108.92005,11.31029],[108.89432,11.3331],[108.88222,11.3379],[108.8699,11.33098],[108.85131,11.33196],[108.82713,11.31841],[108.78611,11.31426],[108.78049,11.30818],[108.77507,11.28874],[108.75865,11.28657],[108.75255,11.27981],[108.74278,11.23109],[108.73239,11.21413],[108.72568,11.18389],[108.70442,11.17329],[108.68238,11.18794],[108.65179,11.19328],[108.63344,11.19004],[108.61613,11.17827],[108.60826,11.18264],[108.58856,11.18389],[108.57551,11.17779],[108.563,11.16575],[108.52677,11.15661],[108.51402,11.14738],[108.50146,11.12857],[108.47153,11.05057],[108.45691,11.04125],[108.44389,11.0485],[108.43307,11.04775],[108.41307,11.02868],[108.40461,11.03335],[108.37887,11.03477],[108.37064,11.03185],[108.35133,11.00353],[108.33635,10.95382],[108.33026,10.95196],[108.31717,10.95626],[108.30622,10.9512],[108.29153,10.92527],[108.28189,10.92659],[108.26841,10.94296],[108.22988,10.95394],[108.18044,10.93544],[108.15309,10.93174],[108.13078,10.93342],[108.10712,10.92121],[108.08773,10.91774],[108.0733,10.90526],[108.03003,10.81821],[108.01254,10.73595],[107.99086,10.70064],[107.97478,10.70729],[107.96093,10.70497],[107.93283,10.71716],[107.90398,10.72287],[107.88335,10.72177],[107.84491,10.70667],[107.82283,10.70398],[107.80954,10.69405],[107.77802,10.65691],[107.75394,10.64251],[107.72821,10.63369],[107.70337,10.63371],[107.68074,10.62693],[107.6548,10.60803],[107.61293,10.59332],[107.56907,10.57054],[107.55229,10.55518],[107.50996,10.50273],[107.46892,10.49912],[107.44293,10.47011],[107.36716,10.4685],[107.33588,10.45193],[107.32943,10.45287],[107.29165,10.42418],[107.25353,10.38071],[107.23866,10.37992],[107.22011,10.40072],[107.20948,10.40638],[107.16276,10.39909],[107.15529,10.39018],[107.13087,10.37794],[107.1073,10.36028],[107.09129,10.34024],[107.08257,10.32127],[107.0707,10.33386],[107.06983,10.34866],[107.05911,10.35688],[107.05976,10.36787],[107.05382,10.37489],[107.05498,10.38474],[107.0617,10.38741],[107.07085,10.37503],[107.07888,10.37424],[107.08289,10.37761],[107.07562,10.37903],[107.07132,10.38729],[107.07511,10.39416],[107.0908,10.38891],[107.10033,10.39453],[107.10701,10.40898],[107.11544,10.41243],[107.12015,10.42624],[107.11503,10.42671],[107.11184,10.43694],[107.08015,10.43448],[107.06992,10.44472],[107.0574,10.44537],[107.03184,10.47936],[107.0268,10.48042],[107.02388,10.46954],[107.01809,10.47393],[107.02002,10.48325],[107.01626,10.49532],[107.00571,10.49406],[106.99765,10.50667],[106.9853,10.49475],[106.97167,10.45913],[106.97302,10.4168],[106.97024,10.40866],[106.89576,10.37847],[106.87407,10.37882],[106.83264,10.39613],[106.78053,10.37716],[106.77958,10.29226],[106.78805,10.23034],[106.79879,10.21018],[106.7978,10.20442],[106.78794,10.19851],[106.78203,10.15958],[106.78753,10.15114],[106.78619,10.1373],[106.77057,10.13274],[106.78743,10.125],[106.78999,10.11208],[106.77711,10.09107],[106.73609,10.04543],[106.72181,10.03802],[106.72185,10.04604],[106.70391,10.04139],[106.6793,10.00804],[106.66939,10.00219],[106.64691,9.9771],[106.63348,9.9725],[106.62197,9.95102],[106.66044,9.9278],[106.66822,9.90904],[106.68293,9.89172],[106.68618,9.8782],[106.65173,9.82668],[106.62977,9.80422],[106.6134,9.79492],[106.56601,9.73921],[106.56786,9.69727],[106.57519,9.69535],[106.57723,9.69081],[106.57596,9.66549],[106.55974,9.62464],[106.53308,9.58647],[106.51595,9.57058],[106.48748,9.55282],[106.40806,9.52866],[106.40321,9.53752],[106.37651,9.53067],[106.37966,9.54111],[106.3711,9.55166],[106.34135,9.57949],[106.3261,9.59071],[106.31875,9.59051],[106.29137,9.5761],[106.28054,9.53577],[106.26623,9.51132],[106.2516,9.49798],[106.2364,9.49274],[106.22924,9.5],[106.20985,9.50068],[106.20702,9.4735],[106.20061,9.45573],[106.16624,9.42573],[106.16649,9.4186],[106.17753,9.4209],[106.1875,9.41529],[106.18812,9.3919],[106.19356,9.38904],[106.18781,9.38776],[106.18931,9.37914],[106.18317,9.36925],[106.15776,9.34533],[106.13802,9.33372],[106.13795,9.34163],[106.12458,9.33377],[106.12165,9.33511],[106.12662,9.33868],[106.12234,9.34039],[106.10024,9.34172],[105.88032,9.26896]],[[105.49296,10.54365],[105.51717,10.5452],[105.52348,10.54194],[105.51923,10.54562],[105.50832,10.54907],[105.49047,10.55058],[105.46832,10.54065],[105.48221,10.53405],[105.49296,10.54365]]],[[[103.50332,9.32108],[103.50907,9.31146],[103.49896,9.30327],[103.50311,9.29863],[103.49338,9.30023],[103.48164,9.28684],[103.47092,9.28983],[103.47365,9.3038],[103.4627,9.30122],[103.45603,9.30476],[103.46154,9.31341],[103.47523,9.32048],[103.50332,9.32108]]],[[[103.53269,9.3168],[103.52105,9.32373],[103.5299,9.32774],[103.53269,9.3168]]],[[[103.60598,9.3947],[103.60564,9.3895],[103.60066,9.38634],[103.60088,9.39287],[103.60598,9.3947]]],[[[104.40018,9.63243],[104.39236,9.63768],[104.40567,9.64257],[104.40018,9.63243]]],[[[104.4045,9.67446],[104.40072,9.67201],[104.40062,9.66526],[104.39332,9.66062],[104.39813,9.67682],[104.4045,9.67446]]],[[[104.35629,9.69255],[104.36048,9.66255],[104.35894,9.66018],[104.35183,9.66152],[104.34589,9.6687],[104.34415,9.68075],[104.34836,9.69353],[104.3535,9.69489],[104.35256,9.7129],[104.35911,9.70617],[104.36092,9.69678],[104.35629,9.69255]]],[[[104.38588,9.68142],[104.38713,9.68994],[104.39446,9.69237],[104.38588,9.68142]]],[[[104.38684,9.70854],[104.38705,9.70217],[104.38274,9.69818],[104.38153,9.71041],[104.38684,9.70854]]],[[[104.65678,9.8183],[104.65459,9.80469],[104.64754,9.7966],[104.63593,9.7938],[104.62984,9.79948],[104.61288,9.79837],[104.61741,9.81261],[104.63056,9.82216],[104.65678,9.8183]]],[[[102.88593,9.93218],[102.8904,9.92308],[102.90479,9.91638],[102.89486,9.91571],[102.87771,9.93285],[102.88593,9.93218]]],[[[102.9202,9.92726],[102.93597,9.91993],[102.92902,9.91562],[102.91084,9.93529],[102.91494,9.93605],[102.9202,9.92726]]],[[[104.0162,9.96805],[104.0238,9.94555],[104.02021,9.94121],[104.00846,9.94965],[104.01185,9.95482],[104.00854,9.96917],[104.0162,9.96805]]],[[[104.85623,9.97558],[104.84436,9.96975],[104.83928,9.95339],[104.83441,9.94953],[104.82941,9.95299],[104.82567,9.96068],[104.82805,9.97003],[104.84961,9.97873],[104.85623,9.97558]]],[[[104.02484,9.97002],[104.01576,9.97483],[104.01174,9.98541],[104.02145,9.9806],[104.02484,9.97002]]],[[[104.00906,9.9918],[104.00557,9.99911],[104.01263,9.99398],[104.00906,9.9918]]],[[[104.54945,10.01524],[104.54266,10.03169],[104.55268,10.04092],[104.55922,10.02895],[104.55903,10.01961],[104.54945,10.01524]]],[[[104.53852,10.12725],[104.54073,10.1343],[104.54473,10.13821],[104.54135,10.12346],[104.53852,10.12725]]],[[[104.53017,10.17029],[104.52201,10.18593],[104.52511,10.18949],[104.53179,10.18252],[104.53017,10.17029]]],[[[104.03807,10.41694],[104.06919,10.38355],[104.07912,10.35799],[104.07237,10.34985],[104.07083,10.33937],[104.07821,10.30887],[104.0731,10.27923],[104.07905,10.24605],[104.06911,10.21711],[104.05793,10.20746],[104.05182,10.19528],[104.04102,10.15382],[104.02984,10.14134],[104.02851,10.13406],[104.03459,10.11999],[104.02467,10.10778],[104.02299,10.0932],[104.01617,10.08488],[104.02237,10.0748],[104.02639,10.07977],[104.04148,10.07005],[104.03354,10.05467],[104.03717,10.04231],[104.03044,10.04016],[104.02853,10.03228],[104.04864,10.01199],[104.04908,10.00694],[104.03581,10.01674],[104.02872,10.01177],[104.02166,10.01928],[104.00749,10.01159],[103.99893,10.04497],[103.98901,10.05011],[103.98362,10.09475],[103.96557,10.18135],[103.94579,10.24555],[103.9279,10.26503],[103.91393,10.28879],[103.90499,10.29311],[103.89037,10.29136],[103.87988,10.3035],[103.86972,10.30858],[103.8627,10.30849],[103.85882,10.30345],[103.84087,10.35687],[103.83074,10.36474],[103.83689,10.37895],[103.88618,10.37051],[103.91757,10.36076],[103.92594,10.36279],[103.93932,10.37984],[103.94526,10.40234],[103.96528,10.41065],[103.97199,10.44131],[103.98241,10.45013],[103.99502,10.45134],[104.00409,10.44779],[104.0254,10.41749],[104.03124,10.41463],[104.03807,10.41694]]],[[[104.33617,10.32192],[104.32671,10.31365],[104.32171,10.3223],[104.32826,10.3199],[104.3326,10.32428],[104.33617,10.32192]]],[[[106.46241,18.10293],[106.45007,18.1011],[106.46144,18.10766],[106.46241,18.10293]]],[[[105.96424,18.79187],[105.95628,18.79611],[105.95062,18.80671],[105.96353,18.79745],[105.96424,18.79187]]],[[[105.78025,18.80273],[105.7702,18.79707],[105.76788,18.80136],[105.77466,18.80243],[105.7768,18.80692],[105.78025,18.80273]]],[[[105.88831,19.33725],[105.88932,19.33781],[105.88932,19.33675],[105.88831,19.33725]]],[[[105.90595,19.33958],[105.90582,19.34091],[105.90651,19.33982],[105.90595,19.33958]]],[[[105.90358,19.34299],[105.89604,19.34671],[105.89687,19.34964],[105.90358,19.34299]]],[[[105.93396,19.35388],[105.93368,19.34742],[105.92797,19.35101],[105.92887,19.35732],[105.93396,19.35388]]],[[[105.87606,19.35239],[105.87554,19.3553],[105.87608,19.35542],[105.87606,19.35239]]],[[[105.87192,19.35744],[105.87143,19.35941],[105.87247,19.35889],[105.87192,19.35744]]],[[[105.92735,19.35908],[105.92857,19.3598],[105.92816,19.35862],[105.92735,19.35908]]],[[[105.9361,19.37573],[105.92543,19.35972],[105.91119,19.37267],[105.91288,19.38419],[105.91806,19.37968],[105.92821,19.38495],[105.9361,19.37573]]],[[[106.66322,8.68276],[106.68972,8.67385],[106.69482,8.68042],[106.70911,8.66827],[106.69425,8.66134],[106.68105,8.66728],[106.67601,8.65687],[106.66835,8.66024],[106.65671,8.67706],[106.66322,8.68276]]],[[[106.73971,8.6843],[106.73171,8.6891],[106.73903,8.69986],[106.7418,8.6944],[106.73971,8.6843]]],[[[106.66242,8.76146],[106.66787,8.75526],[106.66655,8.75039],[106.6595,8.74759],[106.65779,8.75396],[106.654,8.75479],[106.65066,8.74903],[106.66312,8.74083],[106.66151,8.73438],[106.65923,8.73152],[106.64361,8.73179],[106.63738,8.71671],[106.65787,8.69396],[106.6501,8.69215],[106.63424,8.7006],[106.62273,8.68629],[106.6257,8.68446],[106.6226,8.67921],[106.61055,8.67517],[106.61234,8.68562],[106.60096,8.67821],[106.59688,8.6688],[106.61177,8.64134],[106.57496,8.64775],[106.55663,8.63159],[106.54964,8.64348],[106.54008,8.6483],[106.53906,8.66202],[106.55021,8.66577],[106.55736,8.65531],[106.57397,8.64984],[106.55544,8.67693],[106.56672,8.69383],[106.57345,8.69768],[106.57741,8.70753],[106.5883,8.70737],[106.58719,8.71728],[106.592,8.72564],[106.59931,8.72498],[106.61157,8.7356],[106.61843,8.73155],[106.62307,8.73818],[106.62064,8.74365],[106.64859,8.75544],[106.65424,8.76164],[106.66242,8.76146]]],[[[106.54683,8.70969],[106.5436,8.70448],[106.53482,8.70779],[106.53778,8.71087],[106.54683,8.70969]]],[[[106.80596,10.17436],[106.81323,10.17834],[106.82726,10.17517],[106.84716,10.15956],[106.84699,10.15368],[106.84211,10.15026],[106.82138,10.15935],[106.80596,10.17436]]],[[[107.07774,10.43443],[107.06294,10.44279],[107.0696,10.44294],[107.07774,10.43443]]],[[[107.01553,10.48405],[107.00412,10.49067],[107.01268,10.49317],[107.01553,10.48405]]],[[[107.13355,20.62777],[107.14008,20.62029],[107.13924,20.61703],[107.13183,20.62297],[107.13355,20.62777]]],[[[107.15827,20.62712],[107.15757,20.62093],[107.15176,20.62795],[107.15405,20.63015],[107.15827,20.62712]]],[[[107.0229,20.71035],[107.01674,20.71051],[107.00504,20.72639],[107.01946,20.71672],[107.0229,20.71035]]],[[[107.07808,20.7328],[107.08029,20.72011],[107.07608,20.7252],[107.07808,20.7328]]],[[[107.06886,20.72478],[107.05973,20.72862],[107.06045,20.73384],[107.06791,20.73637],[107.06886,20.72478]]],[[[107.14251,20.76499],[107.1528,20.75263],[107.14274,20.75252],[107.13864,20.74684],[107.14881,20.74614],[107.15266,20.73818],[107.12952,20.74021],[107.12407,20.7498],[107.12135,20.75987],[107.12444,20.7676],[107.14251,20.76499]]],[[[107.08487,20.74761],[107.06645,20.75733],[107.05455,20.75661],[107.0542,20.76418],[107.06739,20.76233],[107.08487,20.74761]]],[[[107.07768,20.77734],[107.09966,20.77374],[107.09586,20.76615],[107.08646,20.7639],[107.08527,20.75803],[107.06984,20.76399],[107.07135,20.77709],[107.07483,20.76941],[107.08049,20.77053],[107.07768,20.77734]]],[[[107.13271,20.79882],[107.13982,20.78418],[107.13351,20.77989],[107.13053,20.77147],[107.12156,20.76996],[107.11462,20.7869],[107.1124,20.81689],[107.12148,20.81351],[107.12619,20.79582],[107.13271,20.79882]]],[[[106.95452,20.85647],[106.98083,20.85712],[106.98021,20.84681],[106.9845,20.8576],[106.99408,20.86219],[107.00193,20.85649],[106.99893,20.84645],[107.00473,20.85262],[107.01233,20.84041],[107.00687,20.86049],[107.0341,20.86235],[107.04399,20.84875],[107.04602,20.83511],[107.05852,20.83372],[107.05854,20.82619],[107.06753,20.81879],[107.07517,20.82491],[107.08748,20.81879],[107.08987,20.81267],[107.10768,20.80008],[107.10774,20.78775],[107.09454,20.79235],[107.09968,20.77791],[107.07481,20.78146],[107.06808,20.77683],[107.06938,20.77169],[107.06353,20.7699],[107.05801,20.77631],[107.04736,20.77429],[107.05527,20.76792],[107.04424,20.76295],[107.04388,20.75904],[107.071,20.74529],[107.06961,20.73917],[107.06293,20.73739],[107.06443,20.74354],[107.05392,20.74772],[107.05807,20.73864],[107.05778,20.7223],[107.05124,20.71531],[107.04336,20.71373],[107.04795,20.72332],[107.04464,20.72642],[107.03963,20.72357],[107.03319,20.73215],[107.0285,20.73144],[107.0333,20.72149],[107.0243,20.72872],[107.01998,20.72413],[107.01375,20.73461],[107.03771,20.7345],[107.03991,20.73906],[107.01083,20.7392],[107.01546,20.74595],[107.01355,20.74859],[107.00652,20.74559],[107.0011,20.75081],[106.99485,20.74977],[107,20.73201],[106.99679,20.72895],[106.99312,20.73703],[106.98607,20.73889],[106.9671,20.75688],[106.96683,20.75975],[106.97387,20.76101],[106.9733,20.76568],[106.95118,20.79377],[106.91509,20.80068],[106.91733,20.80847],[106.90694,20.82843],[106.92209,20.84913],[106.94298,20.84597],[106.94805,20.85096],[106.94848,20.86105],[106.9409,20.86464],[106.94823,20.87023],[106.94915,20.87957],[106.9542,20.87412],[106.94996,20.86304],[106.95452,20.85647]]],[[[106.89976,20.79279],[106.8941,20.79808],[106.87636,20.79449],[106.8739,20.7874],[106.85736,20.78701],[106.84681,20.7971],[106.84321,20.81153],[106.88603,20.81669],[106.9074,20.79896],[106.89976,20.79279]]],[[[107.172,20.8176],[107.17667,20.81594],[107.16438,20.8132],[107.16771,20.81649],[107.16363,20.82181],[107.16929,20.82059],[107.17687,20.82958],[107.17877,20.82176],[107.172,20.8176]]],[[[107.08197,20.83101],[107.07167,20.83644],[107.07117,20.83924],[107.07696,20.84122],[107.0854,20.8338],[107.08197,20.83101]]],[[[107.26139,20.83826],[107.25744,20.8325],[107.25239,20.83955],[107.25554,20.84118],[107.26139,20.83826]]],[[[107.21322,20.83578],[107.20448,20.83759],[107.20196,20.84127],[107.20493,20.84293],[107.21322,20.83578]]],[[[107.1256,20.83584],[107.11745,20.83372],[107.11115,20.84168],[107.1151,20.84346],[107.1256,20.83584]]],[[[107.16215,20.84688],[107.16984,20.84291],[107.17303,20.83413],[107.16346,20.82851],[107.15182,20.84117],[107.15597,20.849],[107.1565,20.84093],[107.16215,20.84688]]],[[[107.10063,20.84966],[107.09593,20.84771],[107.10293,20.84303],[107.10047,20.83398],[107.10856,20.83522],[107.10517,20.8324],[107.10864,20.82963],[107.10672,20.82717],[107.09386,20.83421],[107.09745,20.83985],[107.09381,20.84554],[107.08973,20.83679],[107.08222,20.8419],[107.083,20.84662],[107.08879,20.84627],[107.08706,20.85317],[107.09359,20.85481],[107.09569,20.85966],[107.10063,20.84966]]],[[[107.28436,20.84427],[107.29052,20.84883],[107.29466,20.84638],[107.28647,20.83937],[107.27176,20.83468],[107.26619,20.8397],[107.26974,20.84958],[107.28601,20.85954],[107.28974,20.85758],[107.28489,20.85244],[107.28436,20.84427]]],[[[107.18226,20.84901],[107.18463,20.84145],[107.17121,20.84718],[107.17105,20.85381],[107.18226,20.84901]]],[[[107.24914,20.84416],[107.24213,20.84916],[107.25179,20.8528],[107.25386,20.84865],[107.24914,20.84416]]],[[[107.05272,20.84792],[107.04323,20.85369],[107.04154,20.85844],[107.05157,20.85635],[107.04913,20.85337],[107.05549,20.85021],[107.05272,20.84792]]],[[[106.87569,20.85121],[106.88621,20.8741],[106.89083,20.87256],[106.89673,20.84644],[106.88761,20.84439],[106.87569,20.85121]]],[[[107.27163,20.8605],[107.26254,20.861],[107.26596,20.86516],[107.26061,20.87085],[107.25683,20.8629],[107.25386,20.86793],[107.25662,20.87365],[107.26847,20.87014],[107.27163,20.8605]]],[[[107.27855,20.86419],[107.27816,20.87139],[107.28465,20.86732],[107.27855,20.86419]]],[[[107.06566,20.87422],[107.06631,20.85799],[107.06159,20.86178],[107.05647,20.87808],[107.06566,20.87422]]],[[[106.95731,20.87815],[106.97514,20.87047],[106.9705,20.8613],[106.95409,20.85984],[106.95584,20.87234],[106.95754,20.86912],[106.96205,20.87072],[106.95731,20.87815]]],[[[107.30424,20.87668],[107.3048,20.86956],[107.30922,20.87586],[107.3113,20.87249],[107.30572,20.86749],[107.29989,20.87088],[107.30177,20.86112],[107.29813,20.86347],[107.29727,20.87397],[107.29269,20.87537],[107.30424,20.87668]]],[[[107.01251,20.8787],[107.01397,20.87142],[107.01557,20.87721],[107.02294,20.87421],[107.01037,20.86972],[107.01193,20.86459],[107.00235,20.87149],[107.01251,20.8787]]],[[[107.12636,20.87927],[107.14499,20.87374],[107.15007,20.86607],[107.14669,20.86463],[107.14429,20.87092],[107.13705,20.86949],[107.12636,20.87927]]],[[[107.23154,20.87533],[107.22892,20.87844],[107.23789,20.87516],[107.23682,20.87102],[107.24199,20.86647],[107.23154,20.87533]]],[[[107.21099,20.87547],[107.21622,20.88171],[107.21565,20.86921],[107.22003,20.86352],[107.22359,20.86197],[107.22145,20.86772],[107.22612,20.87018],[107.2325,20.86385],[107.21984,20.85869],[107.21634,20.85952],[107.21635,20.86483],[107.20906,20.8617],[107.18498,20.88417],[107.19998,20.88933],[107.21099,20.87547]]],[[[107.04383,20.87308],[107.04324,20.86624],[107.03703,20.86896],[107.03411,20.87929],[107.02759,20.8766],[107.02856,20.88326],[107.03636,20.88144],[107.04383,20.87308]]],[[[106.99638,20.88757],[106.98721,20.88671],[106.98618,20.87804],[106.99312,20.87811],[106.99533,20.87098],[106.97848,20.87222],[106.98326,20.87915],[106.97976,20.87987],[106.97733,20.88951],[106.98266,20.88629],[106.9852,20.89078],[106.99401,20.89018],[106.99735,20.89473],[106.99638,20.88757]]],[[[107.01289,20.87992],[107.00695,20.8883],[107.0005,20.8814],[107.00009,20.89211],[107.00432,20.89283],[107.00458,20.89698],[107.00873,20.89607],[107.01289,20.87992]]],[[[106.96595,20.88633],[106.94808,20.88546],[106.95272,20.88677],[106.9531,20.89261],[106.96094,20.8885],[106.96475,20.89685],[106.96595,20.88633]]],[[[107.0171,20.90214],[107.00724,20.90641],[107.01658,20.91591],[107.02253,20.90437],[107.0171,20.90214]]],[[[106.98953,20.94218],[106.99643,20.93314],[106.99147,20.9276],[106.99081,20.91775],[106.98399,20.91874],[106.98,20.9296],[106.97555,20.92502],[106.98143,20.91978],[106.97875,20.91465],[106.95891,20.92675],[106.96101,20.94391],[106.9687,20.93944],[106.98953,20.94218]]],[[[107.10848,20.92918],[107.10491,20.92839],[107.10052,20.93525],[107.09819,20.92972],[107.09369,20.93118],[107.09692,20.93921],[107.09202,20.94551],[107.10848,20.92918]]],[[[107.29632,20.9411],[107.28788,20.93629],[107.28251,20.94272],[107.28909,20.94054],[107.28848,20.94626],[107.29632,20.9411]]],[[[107.08766,20.94308],[107.07823,20.93493],[107.07424,20.93841],[107.08321,20.94822],[107.08766,20.94308]]],[[[107.308,20.95574],[107.30175,20.95027],[107.29572,20.9574],[107.308,20.95574]]],[[[107.21158,20.96198],[107.21055,20.95447],[107.21434,20.95099],[107.20396,20.94999],[107.20328,20.95722],[107.20796,20.96472],[107.21788,20.96626],[107.21628,20.96123],[107.21158,20.96198]]],[[[106.91599,20.95447],[106.89537,20.95855],[106.89323,20.96574],[106.91441,20.96321],[106.91599,20.95447]]],[[[107.23227,20.96704],[107.22668,20.96542],[107.22242,20.97321],[107.22924,20.97525],[107.23227,20.96704]]],[[[107.28577,20.98742],[107.29558,20.98857],[107.28618,20.98296],[107.28007,20.99149],[107.28577,20.98742]]],[[[107.79848,10.65299],[107.80311,10.65176],[107.79984,10.65047],[107.79848,10.65299]]],[[[107.33553,17.15237],[107.33,17.16231],[107.33813,17.16749],[107.3462,17.15779],[107.34094,17.15103],[107.33553,17.15237]]],[[[107.73068,20.12567],[107.71431,20.12956],[107.73871,20.14704],[107.73068,20.12567]]],[[[107.44464,20.71868],[107.46619,20.74017],[107.47073,20.7419],[107.46846,20.73136],[107.45658,20.7191],[107.44464,20.71868]]],[[[107.3955,20.75857],[107.39675,20.75276],[107.38427,20.74696],[107.39042,20.75817],[107.3955,20.75857]]],[[[107.47121,20.76399],[107.47755,20.7713],[107.4917,20.77797],[107.48142,20.75912],[107.47728,20.75805],[107.47121,20.76399]]],[[[107.40572,20.77854],[107.39906,20.77941],[107.39792,20.79567],[107.405,20.80955],[107.41728,20.80293],[107.41891,20.79777],[107.41314,20.7739],[107.4076,20.77302],[107.40572,20.77854]]],[[[107.34231,20.85565],[107.34929,20.82935],[107.35649,20.84508],[107.3628,20.82762],[107.37466,20.82545],[107.38131,20.82948],[107.37838,20.81375],[107.38133,20.79611],[107.37779,20.7953],[107.36663,20.80704],[107.34799,20.80878],[107.34208,20.80537],[107.34019,20.83286],[107.33229,20.85447],[107.33769,20.85256],[107.34231,20.85565]]],[[[107.35318,20.89153],[107.35995,20.88862],[107.37253,20.89279],[107.38461,20.89157],[107.38555,20.88659],[107.39234,20.88511],[107.39272,20.87703],[107.37132,20.87752],[107.38848,20.86973],[107.38969,20.8656],[107.38062,20.86774],[107.36911,20.85982],[107.35855,20.86417],[107.35038,20.86175],[107.34375,20.86997],[107.33843,20.88772],[107.33578,20.87404],[107.32785,20.87778],[107.32829,20.89593],[107.34547,20.88605],[107.35318,20.89153]]],[[[107.51441,20.88292],[107.49432,20.86695],[107.47791,20.81974],[107.46847,20.81572],[107.46701,20.81954],[107.47985,20.84487],[107.48154,20.8596],[107.48995,20.87002],[107.48748,20.87751],[107.4752,20.88213],[107.47397,20.88616],[107.49644,20.88024],[107.50829,20.88631],[107.51116,20.89386],[107.5096,20.90084],[107.50081,20.89502],[107.47802,20.89599],[107.4774,20.90023],[107.51465,20.91553],[107.53071,20.91794],[107.53685,20.92925],[107.53632,20.93871],[107.54921,20.95672],[107.54957,20.94604],[107.55568,20.93333],[107.52061,20.90268],[107.51441,20.88292]]],[[[107.32231,20.87409],[107.29782,20.89338],[107.28912,20.90826],[107.30441,20.89823],[107.32231,20.87409]]],[[[107.33715,20.90058],[107.35222,20.89548],[107.34556,20.88845],[107.33715,20.90058]]],[[[107.44888,20.90092],[107.42933,20.8854],[107.41382,20.89294],[107.44245,20.9066],[107.44118,20.90088],[107.44888,20.90092]]],[[[107.31329,20.88776],[107.30666,20.89838],[107.3051,20.92102],[107.31217,20.9144],[107.32209,20.88473],[107.31329,20.88776]]],[[[107.34576,20.91551],[107.33828,20.91522],[107.30909,20.92469],[107.31816,20.92893],[107.34065,20.92307],[107.34576,20.91551]]],[[[107.41632,20.92058],[107.37055,20.90463],[107.35331,20.90159],[107.34463,20.90565],[107.40323,20.92084],[107.41113,20.92659],[107.41912,20.94934],[107.42509,20.95054],[107.44641,20.96925],[107.45228,20.96902],[107.44612,20.94689],[107.41632,20.92058]]],[[[107.38153,20.95781],[107.38856,20.96184],[107.3642,20.93366],[107.34987,20.92666],[107.33577,20.92729],[107.309,20.9367],[107.3123,20.94351],[107.31372,20.93812],[107.33678,20.94499],[107.34069,20.93636],[107.34558,20.94225],[107.36253,20.9479],[107.37352,20.96142],[107.38151,20.96247],[107.38153,20.95781]]],[[[107.3934,20.93973],[107.37812,20.93999],[107.39083,20.95554],[107.39369,20.95098],[107.39061,20.94701],[107.3934,20.93973]]],[[[107.31235,20.9595],[107.29915,20.96523],[107.30495,20.97202],[107.31235,20.9595]]],[[[107.54963,21.0288],[107.54073,21.00375],[107.54717,20.9925],[107.5369,20.97774],[107.52381,20.93947],[107.51999,20.9374],[107.521,20.93228],[107.51395,20.92264],[107.46133,20.90707],[107.44912,20.90696],[107.45855,20.91267],[107.45327,20.91768],[107.394,20.89293],[107.39314,20.9023],[107.42848,20.91814],[107.48006,20.95562],[107.48751,20.96698],[107.49018,20.9806],[107.48551,20.98002],[107.46703,20.95119],[107.44848,20.93482],[107.44149,20.93371],[107.4553,20.94799],[107.45682,20.95679],[107.46698,20.97119],[107.46484,20.9804],[107.47592,20.98625],[107.48418,20.98424],[107.48426,20.98882],[107.50749,21.01826],[107.50497,21.00425],[107.50846,21.00315],[107.51458,21.01988],[107.53159,21.04043],[107.53503,21.04074],[107.53156,21.02101],[107.53411,21.00922],[107.54798,21.03096],[107.54859,21.04576],[107.55637,21.04527],[107.55828,21.03807],[107.55485,21.03067],[107.54963,21.0288]]],[[[107.75836,21.01336],[107.78434,20.99084],[107.78011,20.98225],[107.7791,20.98926],[107.76634,20.99759],[107.7601,20.9904],[107.7611,20.98573],[107.77468,20.98431],[107.77741,20.97006],[107.75942,20.95656],[107.74852,20.95488],[107.74558,20.9474],[107.73648,20.94337],[107.74669,20.95903],[107.76102,20.97086],[107.74959,20.98574],[107.73381,20.99214],[107.73531,21.00096],[107.73025,21.00635],[107.73656,21.01736],[107.74558,21.02336],[107.75043,21.01445],[107.75836,21.01336]]],[[[107.86201,21.02939],[107.84169,21.01803],[107.83135,21.0059],[107.83398,21.00024],[107.8284,21.00111],[107.81963,20.99445],[107.81937,20.98419],[107.81072,20.98379],[107.80291,20.97795],[107.80703,20.98749],[107.80286,20.99569],[107.80853,20.99965],[107.80533,21.00508],[107.8131,21.00931],[107.81789,21.02356],[107.82285,21.03064],[107.82954,21.03143],[107.83358,21.04301],[107.84528,21.03947],[107.85443,21.04582],[107.86201,21.02939]]],[[[107.44947,21.02004],[107.44416,21.02198],[107.43966,21.00828],[107.43185,21.01331],[107.44158,21.02287],[107.44234,21.02898],[107.44594,21.02534],[107.4505,21.0269],[107.44947,21.02004]]],[[[107.53689,21.02049],[107.53987,21.04318],[107.54504,21.04459],[107.54517,21.03422],[107.53689,21.02049]]],[[[107.77917,21.03763],[107.76017,21.03369],[107.76369,21.04539],[107.77064,21.04505],[107.77791,21.05152],[107.77917,21.03763]]],[[[107.37273,21.03429],[107.3711,21.05235],[107.37522,21.05535],[107.37683,21.04615],[107.37273,21.03429]]],[[[107.57482,20.97974],[107.56097,20.97153],[107.56211,20.98074],[107.57263,20.99257],[107.56528,20.99486],[107.56371,20.99958],[107.57418,21.0262],[107.58451,21.03384],[107.58209,21.04219],[107.58646,21.07245],[107.62925,21.12643],[107.60703,21.06457],[107.59825,21.05106],[107.59509,21.0311],[107.58641,21.02355],[107.57482,20.97974]]],[[[107.52479,21.0478],[107.50623,21.04485],[107.49563,21.0347],[107.49171,21.04181],[107.52424,21.06775],[107.5213,21.07491],[107.53018,21.0728],[107.52984,21.06755],[107.53512,21.06377],[107.53145,21.05415],[107.52488,21.05329],[107.52479,21.0478]]],[[[107.55501,21.05098],[107.54674,21.05497],[107.55361,21.05621],[107.5473,21.06027],[107.55536,21.07074],[107.55501,21.05098]]],[[[107.76764,21.06994],[107.77505,21.07514],[107.77086,21.06702],[107.76764,21.06994]]],[[[107.51377,21.07118],[107.49918,21.06849],[107.49535,21.07213],[107.51141,21.07598],[107.51377,21.07118]]],[[[107.48417,21.08594],[107.48972,21.09106],[107.49389,21.09061],[107.48974,21.08473],[107.48417,21.08594]]],[[[107.57035,21.08115],[107.58175,21.10063],[107.58637,21.10259],[107.58161,21.08504],[107.57161,21.07713],[107.57035,21.08115]]],[[[107.56705,21.08356],[107.53796,21.06782],[107.52314,21.0806],[107.52467,21.09124],[107.53157,21.09126],[107.54225,21.10119],[107.54999,21.11787],[107.56114,21.11266],[107.5776,21.12089],[107.57905,21.11249],[107.56705,21.08356]]],[[[107.80186,21.10331],[107.81372,21.11659],[107.81854,21.11569],[107.81915,21.11029],[107.80186,21.10331]]],[[[107.58088,21.13603],[107.56123,21.12],[107.55426,21.12525],[107.56434,21.13855],[107.5693,21.13474],[107.57921,21.13925],[107.58088,21.13603]]],[[[107.86827,21.14748],[107.86977,21.14298],[107.86641,21.13983],[107.86259,21.14792],[107.86827,21.14748]]],[[[107.39159,21.15095],[107.39496,21.15788],[107.3931,21.16875],[107.40175,21.17135],[107.40416,21.16611],[107.39967,21.15948],[107.40505,21.1391],[107.39905,21.13345],[107.39571,21.13488],[107.39159,21.15095]]],[[[107.54781,21.1986],[107.58253,21.20868],[107.59479,21.21924],[107.60892,21.21874],[107.5913,21.19011],[107.55686,21.15713],[107.48643,21.11007],[107.48389,21.10428],[107.45088,21.07907],[107.44278,21.08056],[107.44037,21.07145],[107.42577,21.06975],[107.42721,21.06005],[107.41745,21.059],[107.39328,21.03945],[107.37955,21.04042],[107.37963,21.05863],[107.36605,21.07603],[107.38332,21.08651],[107.3805,21.09343],[107.39683,21.10326],[107.422,21.14311],[107.43777,21.14998],[107.43153,21.16067],[107.42361,21.15742],[107.41831,21.16509],[107.41938,21.16974],[107.43108,21.17494],[107.43955,21.16522],[107.4452,21.16478],[107.44852,21.17518],[107.44221,21.18548],[107.46381,21.18654],[107.46886,21.1816],[107.47458,21.18318],[107.47176,21.19521],[107.45473,21.20703],[107.46226,21.21117],[107.44933,21.23588],[107.45441,21.27455],[107.4732,21.27107],[107.52479,21.22417],[107.53632,21.20114],[107.54781,21.1986]]],[[[107.86553,21.16684],[107.8602,21.15662],[107.84975,21.15341],[107.85326,21.1584],[107.86553,21.16684]]],[[[107.65628,21.17443],[107.66868,21.20893],[107.67989,21.21622],[107.67332,21.20504],[107.66238,21.16335],[107.664,21.14696],[107.65463,21.13917],[107.65628,21.17443]]],[[[107.43515,21.17968],[107.4243,21.17939],[107.42026,21.18651],[107.42705,21.18835],[107.42453,21.19502],[107.42912,21.19585],[107.43515,21.17968]]],[[[107.58462,21.21454],[107.57389,21.20921],[107.57059,21.20998],[107.58268,21.21678],[107.58462,21.21454]]],[[[107.39816,21.22962],[107.38825,21.21506],[107.38908,21.19548],[107.37816,21.20072],[107.37655,21.19114],[107.36973,21.19305],[107.36997,21.20987],[107.38315,21.23897],[107.38686,21.2397],[107.39397,21.23028],[107.39639,21.23813],[107.40829,21.24136],[107.40865,21.23216],[107.39816,21.22962]]],[[[107.67958,21.22095],[107.69402,21.23487],[107.6846,21.22104],[107.67958,21.22095]]],[[[107.59707,21.23442],[107.5952,21.22985],[107.57784,21.2242],[107.57911,21.22723],[107.59707,21.23442]]],[[[107.62683,21.2348],[107.63837,21.24207],[107.63242,21.23428],[107.62683,21.2348]]],[[[107.9466,21.24031],[107.96965,21.24994],[107.97707,21.24193],[107.97763,21.23487],[107.97495,21.23163],[107.95756,21.23134],[107.94676,21.23571],[107.9466,21.24031]]],[[[107.61962,21.24958],[107.63137,21.25098],[107.61483,21.24063],[107.61284,21.23473],[107.60662,21.23435],[107.60359,21.23879],[107.60934,21.2442],[107.59127,21.23693],[107.58692,21.23852],[107.61748,21.25234],[107.61816,21.2561],[107.64068,21.26124],[107.61962,21.24958]]],[[[107.58618,21.26286],[107.56303,21.26216],[107.55511,21.25487],[107.55618,21.26413],[107.54546,21.26587],[107.54368,21.25715],[107.53807,21.26612],[107.5683,21.2778],[107.58618,21.26286]]],[[[107.55697,21.28189],[107.54074,21.27784],[107.54849,21.28422],[107.55697,21.28189]]],[[[107.69921,21.29613],[107.65128,21.26684],[107.64875,21.2707],[107.63837,21.26924],[107.67201,21.29188],[107.69919,21.30133],[107.69921,21.29613]]],[[[107.77162,21.2935],[107.75245,21.28384],[107.74961,21.28502],[107.7513,21.29061],[107.76486,21.29672],[107.79308,21.29661],[107.77162,21.2935]]],[[[107.79887,21.33764],[107.75087,21.31454],[107.74499,21.308],[107.73162,21.30403],[107.72783,21.31191],[107.71032,21.30517],[107.74,21.32484],[107.7667,21.33492],[107.79472,21.35242],[107.8174,21.35739],[107.81772,21.35289],[107.80397,21.34539],[107.79887,21.33764]]],[[[107.74203,21.36943],[107.7579,21.37111],[107.75962,21.36484],[107.74261,21.3634],[107.74203,21.36943]]],[[[108.00245,21.39814],[107.99712,21.39039],[107.98904,21.39125],[107.96424,21.37861],[107.94512,21.35769],[107.92295,21.36334],[107.908,21.35846],[107.88162,21.35898],[107.8443,21.34051],[107.84081,21.34681],[107.84752,21.35821],[107.85143,21.35599],[107.84636,21.34884],[107.87837,21.36819],[107.88691,21.36787],[107.88737,21.37209],[107.87838,21.37516],[107.85928,21.36959],[107.84619,21.37173],[107.83631,21.36539],[107.83183,21.36785],[107.8596,21.37944],[107.90998,21.38389],[107.96131,21.39732],[108.00245,21.39814]]],[[[109.50013,7.31595],[109.47344,7.32358],[109.47786,7.34307],[109.55418,7.45573],[109.62323,7.52841],[109.69591,7.56112],[109.79404,7.56838],[109.89216,7.55748],[109.94243,7.539],[109.96149,7.52566],[109.95005,7.5085],[109.79182,7.5371],[109.72319,7.53138],[109.66409,7.51041],[109.60117,7.46656],[109.50013,7.31595]]],[[[111.58504,7.52585],[111.55081,7.51159],[111.5394,7.5287],[111.5451,7.57148],[111.57363,7.61141],[111.60785,7.61997],[111.62211,7.59715],[111.61071,7.56863],[111.58504,7.52585]]],[[[110.4895,7.77917],[110.46644,7.78378],[110.46644,7.80454],[110.50104,7.83684],[110.51949,7.83223],[110.52641,7.81608],[110.4895,7.77917]]],[[[110.04498,7.95679],[110.06445,7.95841],[110.08732,7.94507],[110.09114,7.91647],[110.07895,7.87181],[110.05856,7.84938],[109.98864,7.81325],[109.95387,7.81734],[109.92909,7.83259],[109.93594,7.87752],[109.94777,7.89202],[110.04498,7.95679]]],[[[110.61922,8.0442],[110.64019,8.0442],[110.64782,7.987],[110.61541,7.9851],[110.60778,8.0156],[110.61922,8.0442]]],[[[110.49551,8.06745],[110.4704,8.07426],[110.45346,8.14003],[110.57969,8.18515],[110.60207,8.17955],[110.59825,8.14905],[110.55607,8.09311],[110.49551,8.06745]]],[[[111.5127,8.54683],[111.5044,8.53023],[111.47711,8.52192],[111.46644,8.5243],[111.46881,8.54565],[111.47593,8.55277],[111.50321,8.55988],[111.5127,8.55751],[111.5127,8.54683]]],[[[108.95999,10.48903],[108.96217,10.49661],[108.96582,10.49577],[108.9628,10.48681],[108.95999,10.48903]]],[[[108.95126,10.54827],[108.95679,10.52321],[108.96479,10.51077],[108.95676,10.50463],[108.94654,10.50518],[108.93424,10.51167],[108.92168,10.54539],[108.92969,10.55349],[108.94688,10.55279],[108.95126,10.54827]]],[[[107.98872,10.69413],[107.9882,10.69783],[107.99298,10.69784],[107.99274,10.69438],[107.98872,10.69413]]],[[[108.83068,11.2293],[108.82578,11.22524],[108.81864,11.22668],[108.82966,11.23395],[108.83068,11.2293]]],[[[109.21915,11.78544],[109.22079,11.77405],[109.21918,11.77289],[109.21081,11.78625],[109.21915,11.78544]]],[[[109.24027,11.84955],[109.24642,11.8505],[109.24957,11.83714],[109.23524,11.82999],[109.22664,11.83337],[109.21879,11.84942],[109.2202,11.85268],[109.23593,11.84243],[109.24027,11.84955]]],[[[109.32301,12.00823],[109.3218,12.004],[109.31754,12.00595],[109.31978,12.00869],[109.32301,12.00823]]],[[[109.31987,12.04132],[109.32393,12.04693],[109.32637,12.04699],[109.3251,12.03527],[109.31987,12.04132]]],[[[109.3025,12.17299],[109.31545,12.16577],[109.31329,12.16278],[109.30781,12.16674],[109.29863,12.16486],[109.29496,12.17066],[109.3025,12.17299]]],[[[109.25014,12.17104],[109.23418,12.18003],[109.24292,12.18062],[109.25014,12.17104]]],[[[109.26929,12.18002],[109.27391,12.18286],[109.27614,12.17741],[109.2711,12.17485],[109.26929,12.18002]]],[[[109.23148,12.19646],[109.22407,12.18385],[109.21709,12.18965],[109.22124,12.19855],[109.23148,12.19646]]],[[[109.27566,12.22902],[109.29564,12.23083],[109.30494,12.214],[109.31499,12.22861],[109.31961,12.22237],[109.328,12.22184],[109.32622,12.20259],[109.33391,12.195],[109.32451,12.19187],[109.32251,12.18635],[109.31594,12.18662],[109.32204,12.19477],[109.3096,12.19116],[109.29609,12.19454],[109.30186,12.20244],[109.29943,12.20739],[109.28797,12.19475],[109.29375,12.1828],[109.28093,12.18214],[109.27272,12.18757],[109.26752,12.19743],[109.25674,12.20042],[109.23718,12.2147],[109.23836,12.22384],[109.22859,12.22749],[109.23187,12.23322],[109.24172,12.23284],[109.24381,12.2243],[109.24986,12.22568],[109.25687,12.2195],[109.26391,12.23742],[109.27566,12.22902]]],[[[109.35484,12.27134],[109.35873,12.27538],[109.3627,12.27173],[109.35995,12.26751],[109.35484,12.27134]]],[[[109.36549,12.28605],[109.36892,12.28669],[109.36923,12.28066],[109.36655,12.2808],[109.36549,12.28605]]],[[[109.20889,12.36181],[109.21348,12.36357],[109.21631,12.36143],[109.21358,12.35864],[109.20889,12.36181]]],[[[109.37815,12.35804],[109.36637,12.36829],[109.36994,12.37071],[109.37815,12.35804]]],[[[109.22111,12.3877],[109.22702,12.39975],[109.23832,12.38955],[109.23336,12.38231],[109.22111,12.3877]]],[[[109.35789,12.48015],[109.35074,12.47927],[109.34483,12.49019],[109.35523,12.4864],[109.35789,12.48015]]],[[[109.29083,12.48761],[109.29675,12.49718],[109.31185,12.49842],[109.29853,12.48703],[109.29083,12.48761]]],[[[109.35212,12.62726],[109.36228,12.63289],[109.38206,12.62417],[109.38462,12.606],[109.394,12.5942],[109.3983,12.57211],[109.41046,12.55869],[109.40625,12.55157],[109.39683,12.55039],[109.38278,12.567],[109.37114,12.56893],[109.35857,12.58146],[109.33704,12.59176],[109.33742,12.6037],[109.33055,12.60955],[109.32377,12.61004],[109.3158,12.60451],[109.30133,12.62001],[109.30304,12.63121],[109.31755,12.64035],[109.34139,12.6334],[109.3443,12.62755],[109.35212,12.62726]]],[[[109.29572,12.63448],[109.30092,12.63869],[109.30247,12.63626],[109.29572,12.63448]]],[[[109.34559,12.64345],[109.33867,12.64594],[109.33837,12.65194],[109.34801,12.65255],[109.34559,12.64345]]],[[[109.40299,12.65033],[109.39751,12.64979],[109.40071,12.644],[109.38934,12.65282],[109.39548,12.65529],[109.40299,12.65033]]],[[[109.29394,12.71369],[109.296,12.72084],[109.30899,12.72368],[109.30031,12.71404],[109.29394,12.71369]]],[[[109.32734,12.73734],[109.3267,12.74233],[109.33243,12.74422],[109.33421,12.73924],[109.32734,12.73734]]],[[[109.39134,12.82785],[109.39147,12.83528],[109.39575,12.8334],[109.39134,12.82785]]],[[[109.32673,13.28216],[109.32946,13.28959],[109.34072,13.28203],[109.3319,13.27683],[109.32673,13.28216]]],[[[109.35913,13.60698],[109.33872,13.62235],[109.33654,13.63546],[109.34302,13.63485],[109.36154,13.61121],[109.35913,13.60698]]],[[[109.10938,15.39265],[109.14231,15.38717],[109.13831,15.3839],[109.13921,15.37852],[109.11868,15.37027],[109.09593,15.37571],[109.09189,15.38425],[109.09761,15.39059],[109.10938,15.39265]]],[[[109.07587,15.42845],[109.07966,15.43308],[109.08492,15.43229],[109.08232,15.4273],[109.07587,15.42845]]],[[[111.21144,15.76659],[111.18803,15.76866],[111.18528,15.78174],[111.21007,15.78312],[111.22074,15.77967],[111.21144,15.76659]]],[[[111.22418,15.79482],[111.22315,15.79069],[111.20869,15.79035],[111.20525,15.79758],[111.21799,15.80205],[111.22418,15.79482]]],[[[108.68874,15.81237],[108.69016,15.81902],[108.69659,15.81437],[108.6953,15.81249],[108.68874,15.81237]]],[[[108.54101,15.90463],[108.53022,15.90598],[108.54061,15.91512],[108.54101,15.90463]]],[[[108.47494,15.94517],[108.47825,15.94872],[108.48309,15.94934],[108.47786,15.93939],[108.47494,15.94517]]],[[[108.53675,15.95607],[108.53529,15.93056],[108.53831,15.9245],[108.53367,15.92324],[108.51766,15.9392],[108.50991,15.94127],[108.50496,15.95842],[108.49687,15.96119],[108.49154,15.95697],[108.48172,15.96683],[108.50215,15.98061],[108.50869,15.97478],[108.51084,15.9662],[108.53675,15.95607]]],[[[108.44089,15.97232],[108.44789,15.98085],[108.44936,15.98019],[108.4463,15.96893],[108.44089,15.97232]]],[[[108.20513,16.211],[108.19713,16.21446],[108.20229,16.22671],[108.20856,16.22134],[108.20513,16.211]]],[[[111.52916,16.42773],[111.51832,16.42579],[111.51638,16.43016],[111.50279,16.43356],[111.50101,16.44084],[111.54421,16.42902],[111.5379,16.4232],[111.52916,16.42773]]],[[[111.53645,16.45475],[111.54486,16.45086],[111.54502,16.44326],[111.50081,16.45338],[111.50587,16.45879],[111.51671,16.45426],[111.53645,16.45475]]],[[[111.59583,16.49163],[111.58936,16.49179],[111.58871,16.49471],[111.59534,16.49519],[111.59583,16.49163]]],[[[111.52225,17.07783],[111.51407,17.08278],[111.54015,17.09363],[111.5371,17.0843],[111.5293,17.08563],[111.52225,17.07783]]],[[[111.44668,17.07118],[111.45182,17.09192],[111.48514,17.11153],[111.49599,17.10848],[111.49408,17.09877],[111.45753,17.06527],[111.45049,17.06585],[111.44668,17.07118]]],[[[111.5154,17.11704],[111.53368,17.11971],[111.53729,17.11419],[111.50417,17.11038],[111.5154,17.11704]]],[[[108.01466,21.19688],[108.01832,21.19083],[108.00898,21.19147],[108.00896,21.19251],[108.01466,21.19688]]],[[[111.69913,7.64279],[111.6706,7.64279],[111.66775,7.67987],[111.68202,7.71124],[111.71339,7.73121],[111.73906,7.7255],[111.74477,7.69983],[111.7248,7.66275],[111.69913,7.64279]]],[[[111.57078,7.8453],[111.5993,7.87097],[111.61927,7.9109],[111.65064,7.94798],[111.69058,7.94513],[111.73336,7.93657],[111.74477,7.90519],[111.72765,7.87952],[111.68772,7.88808],[111.64208,7.85956],[111.59645,7.75973],[111.56793,7.76544],[111.54796,7.79396],[111.55081,7.81963],[111.57078,7.8453]]],[[[112.9288,7.85074],[112.91226,7.85239],[112.90565,7.85984],[112.90316,7.88217],[112.91392,7.89953],[112.92301,7.90201],[112.93542,7.89623],[112.94782,7.89953],[112.95692,7.89705],[112.96106,7.88547],[112.95527,7.8772],[112.94452,7.87638],[112.9379,7.85818],[112.9288,7.85074]]],[[[112.01054,8.10219],[112.0213,8.09277],[112.02399,8.0753],[112.02264,8.06588],[112.01054,8.05244],[111.99306,8.04841],[111.95811,8.05244],[111.92987,8.0632],[111.93122,8.09681],[111.9487,8.11025],[111.98096,8.11025],[112.01054,8.10219]]],[[[113.32408,8.1069],[113.31409,8.10024],[113.31028,8.08168],[113.30219,8.07835],[113.28839,8.08311],[113.28696,8.1012],[113.28315,8.105],[113.28934,8.13355],[113.30029,8.13641],[113.30314,8.1326],[113.32503,8.13213],[113.32789,8.12832],[113.32218,8.11642],[113.32408,8.1069]]],[[[113.32837,8.17163],[113.32266,8.18305],[113.31457,8.18019],[113.2822,8.1326],[113.27221,8.13118],[113.27126,8.13689],[113.2903,8.17115],[113.33217,8.23159],[113.33218,8.24158],[113.33646,8.24634],[113.35311,8.25015],[113.35645,8.26871],[113.35216,8.28441],[113.35407,8.29821],[113.3612,8.31249],[113.37453,8.31534],[113.38262,8.31153],[113.38881,8.30059],[113.38928,8.24063],[113.35549,8.17733],[113.32408,8.1426],[113.31932,8.14926],[113.32837,8.17163]]],[[[111.92008,8.63753],[111.91387,8.64398],[111.91513,8.65173],[111.92314,8.65637],[111.93241,8.65401],[111.93627,8.64756],[111.93449,8.64107],[111.92008,8.63753]]],[[[111.71673,8.66901],[111.71673,8.65478],[111.68115,8.63224],[111.66318,8.63082],[111.64674,8.64292],[111.64556,8.65597],[111.66573,8.67969],[111.68826,8.68325],[111.70843,8.68087],[111.71673,8.66901]]],[[[112.54284,8.85553],[112.60661,8.86314],[112.64848,8.83649],[112.65324,8.82602],[112.63325,8.8165],[112.5771,8.81555],[112.5645,8.82014],[112.53903,8.8422],[112.54284,8.85553]]],[[[112.21352,8.87361],[112.2278,8.87076],[112.23826,8.86314],[112.26016,8.85934],[112.26682,8.85363],[112.26587,8.84411],[112.24207,8.83364],[112.2316,8.83745],[112.21934,8.83348],[112.20686,8.8641],[112.2059,8.87076],[112.21352,8.87361]]],[[[112.86956,8.87765],[112.87528,8.86528],[112.87052,8.85576],[112.8591,8.85004],[112.84101,8.85671],[112.82293,8.87288],[112.82293,8.8824],[112.8353,8.88716],[112.85148,8.88621],[112.86956,8.87765]]],[[[112.29657,8.87349],[112.27907,8.86255],[112.25282,8.87896],[112.24844,8.8899],[112.26376,8.90083],[112.28344,8.9063],[112.29329,8.90193],[112.29766,8.88771],[112.29657,8.87349]]],[[[112.38865,8.94214],[112.3896,8.93167],[112.38294,8.91739],[112.36676,8.91073],[112.35343,8.91359],[112.3442,8.92918],[112.34201,8.94119],[112.35248,8.9469],[112.36676,8.94785],[112.37913,8.94785],[112.38865,8.94214]]],[[[113.67999,9.03171],[113.67887,9.01939],[113.66766,9.00483],[113.65646,9.00035],[113.64411,9.00082],[113.63518,9.01155],[113.63518,9.02163],[113.66094,9.04179],[113.67215,9.03955],[113.67999,9.03171]]],[[[112.56346,9.56433],[112.5745,9.55504],[112.57508,9.53935],[112.56811,9.52366],[112.56114,9.52017],[112.54022,9.52018],[112.52453,9.52308],[112.51698,9.52889],[112.51407,9.54342],[112.5193,9.5533],[112.53267,9.56259],[112.56346,9.56433]]],[[[112.8746,9.55912],[112.88835,9.56157],[112.89129,9.55617],[112.88491,9.54341],[112.86528,9.53114],[112.85722,9.53154],[112.85791,9.54341],[112.86871,9.54782],[112.8746,9.55912]]],[[[112.91044,9.57678],[112.90258,9.5709],[112.89767,9.57384],[112.89424,9.59053],[112.90013,9.59446],[112.90602,9.59249],[112.91142,9.5866],[112.91044,9.57678]]],[[[112.9022,9.6222],[112.91005,9.63433],[112.92647,9.63576],[112.93147,9.65432],[112.94431,9.65503],[112.95502,9.66717],[112.96073,9.66717],[112.96502,9.66003],[112.96573,9.63933],[112.9386,9.6329],[112.93147,9.61434],[112.9179,9.61006],[112.90484,9.60862],[112.9022,9.6222]]],[[[113.03283,9.64861],[113.00927,9.6586],[112.98572,9.66003],[112.97786,9.68002],[113.01213,9.69215],[113.02712,9.6843],[113.03569,9.68858],[113.05567,9.67145],[113.04925,9.65075],[113.03283,9.64861]]],[[[113.62829,10.2614],[113.6427,10.24623],[113.64195,10.23865],[113.62905,10.22348],[113.62147,10.22272],[113.59871,10.24244],[113.60782,10.25912],[113.61616,10.26443],[113.62829,10.2614]]],[[[112.2709,15.70777],[112.25253,15.69583],[112.24152,15.694],[112.23142,15.69308],[112.22407,15.70043],[112.22591,15.71512],[112.24519,15.73348],[112.2608,15.73899],[112.26998,15.7399],[112.27733,15.73439],[112.27825,15.72246],[112.2709,15.70777]]],[[[112.63666,16.05442],[112.63327,16.03407],[112.60105,16.01204],[112.54002,16.00187],[112.48916,16.00018],[112.46881,16.00866],[112.46712,16.02391],[112.47899,16.03748],[112.49425,16.04595],[112.60784,16.06968],[112.6214,16.06798],[112.63666,16.05442]]],[[[112.43468,16.04462],[112.43862,16.03674],[112.44537,16.02601],[112.43738,16.03196],[112.43468,16.04462]]],[[[111.84831,16.04092],[111.78218,16.03076],[111.76523,16.03245],[111.77202,16.07145],[111.79745,16.07823],[111.84661,16.07314],[111.8517,16.05788],[111.84831,16.04092]]],[[[111.71748,16.20029],[111.71241,16.18167],[111.69109,16.18617],[111.68013,16.182],[111.6697,16.18357],[111.62117,16.15957],[111.59248,16.15905],[111.58987,16.16427],[111.55178,16.16532],[111.54082,16.17158],[111.53718,16.18932],[111.5377,16.19506],[111.56796,16.22323],[111.57579,16.23731],[111.58727,16.23888],[111.59457,16.25349],[111.60292,16.25453],[111.6127,16.26283],[111.62953,16.26015],[111.63456,16.2461],[111.57236,16.20567],[111.56432,16.18781],[111.57683,16.17888],[111.6063,16.17977],[111.67865,16.20566],[111.71748,16.20029]]],[[[111.78553,16.27695],[111.82257,16.24408],[111.82466,16.22268],[111.80535,16.19608],[111.79596,16.19608],[111.77665,16.18564],[111.77196,16.18825],[111.74448,16.18204],[111.73671,16.19137],[111.73839,16.19557],[111.78315,16.2128],[111.79655,16.22173],[111.79923,16.23602],[111.78763,16.24585],[111.76619,16.2521],[111.70724,16.26283],[111.67548,16.25905],[111.67062,16.27355],[111.67149,16.28402],[111.69892,16.28635],[111.71249,16.27957],[111.77353,16.28008],[111.78553,16.27695]]],[[[112.40696,16.27642],[112.40003,16.27773],[112.39139,16.27184],[112.38406,16.27877],[112.40958,16.28479],[112.41325,16.29003],[112.42332,16.28649],[112.40696,16.27642]]],[[[112.33616,16.27551],[112.33249,16.28637],[112.34702,16.2865],[112.35605,16.29448],[112.36024,16.29095],[112.36757,16.30024],[112.37922,16.29474],[112.3571,16.28179],[112.33616,16.27551]]],[[[112.51226,16.28029],[112.50441,16.28347],[112.49827,16.27774],[112.48788,16.27626],[112.48309,16.27829],[112.47983,16.29004],[112.52286,16.30721],[112.52392,16.29512],[112.52116,16.29046],[112.51586,16.29131],[112.5165,16.2841],[112.51226,16.28029]]],[[[112.05096,16.37008],[112.06181,16.36232],[112.07,16.3621],[112.07399,16.35346],[112.08484,16.34682],[112.06203,16.32445],[112.05007,16.32844],[112.03943,16.32357],[112.03124,16.33221],[112.01839,16.32313],[112.01109,16.32822],[112.00046,16.32401],[111.99514,16.32867],[111.98584,16.3249],[111.98052,16.33],[111.97033,16.32247],[111.9591,16.32751],[111.96494,16.35545],[111.97875,16.36056],[111.98651,16.36964],[111.99271,16.37119],[111.99824,16.36676],[112.00799,16.37429],[112.02216,16.36919],[112.03058,16.37362],[112.04387,16.36631],[112.05096,16.37008]]],[[[112.48675,16.34502],[112.50935,16.35771],[112.518,16.35897],[112.51619,16.34766],[112.5074,16.34585],[112.50391,16.34097],[112.48675,16.34502]]],[[[112.51424,16.36845],[112.4795,16.36092],[112.4862,16.37404],[112.49401,16.37404],[112.50071,16.37934],[112.51159,16.37683],[112.51424,16.36845]]],[[[112.62702,16.38966],[112.63074,16.40406],[112.65276,16.40494],[112.65055,16.36492],[112.63868,16.35909],[112.63446,16.36291],[112.62702,16.38966]]],[[[112.66583,16.39206],[112.66463,16.37517],[112.65719,16.39327],[112.66583,16.39206]]],[[[112.54517,16.42043],[112.53934,16.42285],[112.5325,16.4136],[112.52808,16.4134],[112.51561,16.42204],[112.56106,16.44597],[112.55885,16.4325],[112.55282,16.43411],[112.54517,16.42043]]],[[[112.65015,16.45341],[112.66303,16.4526],[112.66524,16.44315],[112.66161,16.4343],[112.65357,16.43812],[112.64714,16.44818],[112.65015,16.45341]]],[[[111.60408,16.44617],[111.5845,16.44665],[111.57188,16.45992],[111.5701,16.47529],[111.61961,16.43986],[111.60974,16.44018],[111.60408,16.44617]]],[[[111.59712,16.48613],[111.6099,16.48532],[111.61298,16.47675],[111.61864,16.47496],[111.6201,16.45943],[111.61702,16.45846],[111.59712,16.48613]]],[[[112.56328,16.4868],[112.5858,16.50308],[112.59184,16.50107],[112.59163,16.4876],[112.57896,16.47714],[112.57032,16.47533],[112.56328,16.4868]]],[[[112.50999,16.5053],[112.51924,16.49022],[112.51823,16.48821],[112.50375,16.49646],[112.50999,16.5053]]],[[[111.7699,16.49576],[111.76299,16.48057],[111.76483,16.4755],[111.75562,16.45892],[111.74411,16.45247],[111.73858,16.44234],[111.72476,16.4382],[111.72292,16.44557],[111.75148,16.48425],[111.73075,16.55317],[111.74273,16.55564],[111.77267,16.54228],[111.77819,16.52616],[111.77082,16.51188],[111.7699,16.49576]]],[[[112.51763,16.523],[112.52427,16.52682],[112.53533,16.52421],[112.53674,16.51455],[112.54277,16.51013],[112.54076,16.49987],[112.53673,16.49686],[112.53231,16.49967],[112.51763,16.523]]],[[[111.64064,16.56781],[111.65487,16.58504],[111.6686,16.58578],[111.66785,16.56881],[111.66061,16.55483],[111.65312,16.55408],[111.64064,16.56781]]],[[[111.71129,16.58103],[111.70904,16.56206],[111.69747,16.55873],[111.70006,16.58928],[111.7073,16.58803],[111.71129,16.58103]]],[[[112.70152,16.5811],[112.6939,16.58632],[112.69869,16.59568],[112.69282,16.6059],[112.69478,16.61134],[112.7087,16.61482],[112.7137,16.57914],[112.71,16.55847],[112.69847,16.5626],[112.69521,16.57392],[112.70152,16.5811]]],[[[112.70805,16.63484],[112.6789,16.64529],[112.6789,16.65551],[112.69434,16.65007],[112.7272,16.62962],[112.71741,16.62657],[112.70805,16.63484]]],[[[112.697,16.66468],[112.69403,16.67473],[112.70885,16.67897],[112.71478,16.67464],[112.71478,16.65744],[112.70589,16.65604],[112.697,16.66468]]],[[[112.73612,16.66856],[112.68913,16.69207],[112.6863,16.69468],[112.70414,16.6975],[112.71023,16.68858],[112.7296,16.68053],[112.73612,16.66856]]],[[[112.19963,16.75061],[112.20468,16.76266],[112.22685,16.73777],[112.21538,16.73777],[112.21227,16.74613],[112.19963,16.75061]]],[[[112.24477,16.79418],[112.28111,16.77654],[112.28378,16.76746],[112.27817,16.7541],[112.26133,16.75009],[112.22392,16.77388],[112.22339,16.78483],[112.229,16.79231],[112.24477,16.79418]]],[[[112.29489,16.83119],[112.29085,16.84359],[112.31053,16.8684],[112.31943,16.8711],[112.32968,16.86462],[112.33129,16.85303],[112.31997,16.84008],[112.30486,16.81204],[112.29381,16.8169],[112.29489,16.83119]]],[[[112.35055,16.85621],[112.3501,16.87998],[112.37044,16.83837],[112.36038,16.82443],[112.35055,16.85621]]],[[[112.20726,16.88405],[112.19755,16.88189],[112.19404,16.89106],[112.18137,16.89942],[112.18488,16.91129],[112.18838,16.91264],[112.21292,16.89915],[112.23723,16.88113],[112.23368,16.87623],[112.22397,16.87515],[112.20726,16.88405]]],[[[112.29733,16.92503],[112.32429,16.90507],[112.32483,16.90238],[112.30919,16.90211],[112.30838,16.9075],[112.29801,16.91398],[112.29733,16.92503]]],[[[112.32025,16.93743],[112.3367,16.93878],[112.33777,16.9199],[112.33215,16.90816],[112.32591,16.91559],[112.32025,16.93743]]],[[[112.23935,16.928],[112.21832,16.92719],[112.20861,16.93043],[112.20699,16.93879],[112.23935,16.928]]],[[[112.28519,16.93878],[112.28195,16.93366],[112.27123,16.94274],[112.27926,16.95604],[112.28519,16.93878]]],[[[112.26609,16.99189],[112.25911,16.97757],[112.2716,16.97317],[112.27233,16.96913],[112.25911,16.96619],[112.24149,16.95518],[112.22901,16.95665],[112.21983,16.94967],[112.18296,16.95726],[112.17455,16.96462],[112.17455,16.97093],[112.18454,16.97776],[112.19032,16.99037],[112.20557,16.99721],[112.22901,16.9985],[112.23709,16.99299],[112.26132,16.99519],[112.26609,16.99189]]],[[[113.83483,7.42707],[113.84693,7.41875],[113.85137,7.39583],[113.84325,7.38772],[113.82431,7.38095],[113.79778,7.38018],[113.79249,7.38926],[113.79702,7.40438],[113.82198,7.42404],[113.83483,7.42707]]],[[[113.9259,7.60758],[113.90876,7.61615],[113.90305,7.62614],[113.91233,7.64042],[113.92661,7.64328],[113.95088,7.63614],[113.95303,7.62686],[113.94732,7.61615],[113.9259,7.60758]]],[[[113.82806,7.65211],[113.83865,7.64258],[113.84077,7.62564],[113.83548,7.61611],[113.80901,7.60446],[113.79237,7.60415],[113.77936,7.60658],[113.76983,7.61717],[113.76983,7.62882],[113.77618,7.64046],[113.79101,7.64893],[113.82806,7.65211]]],[[[113.94136,8.02374],[113.95301,8.01103],[113.97418,7.97503],[113.96889,7.94962],[113.96148,7.94539],[113.94983,7.94433],[113.91383,7.96127],[113.90113,7.97927],[113.89689,8.00362],[113.90007,8.01421],[113.90748,8.02162],[113.92336,8.02586],[113.94136,8.02374]]],[[[114.09373,8.09984],[114.11766,8.12856],[114.1392,8.12616],[114.14399,8.10223],[114.12723,8.0783],[114.1033,8.0783],[114.09373,8.09984]]],[[[114.51071,8.13393],[114.53972,8.14258],[114.54288,8.16364],[114.55868,8.1668],[114.57131,8.16364],[114.57869,8.17417],[114.60818,8.18997],[114.61766,8.1847],[114.62062,8.15533],[114.61348,8.13821],[114.58636,8.12393],[114.53926,8.11109],[114.51927,8.11252],[114.51071,8.12394],[114.51071,8.13393]]],[[[114.22632,8.71396],[114.2149,8.71396],[114.20253,8.73681],[114.19301,8.77107],[114.19301,8.78535],[114.19967,8.79392],[114.21966,8.79772],[114.23489,8.78344],[114.24822,8.75489],[114.25488,8.72253],[114.24631,8.72063],[114.23203,8.74252],[114.22442,8.74157],[114.22632,8.71396]]],[[[113.98172,8.81962],[114.00932,8.79772],[114.00456,8.78154],[113.99124,8.78155],[113.9741,8.79011],[113.95697,8.81486],[113.95126,8.83009],[113.95316,8.84151],[113.95983,8.84531],[113.96935,8.84341],[113.98172,8.81962]]],[[[113.98552,8.85007],[113.97886,8.86721],[113.98457,8.87387],[113.99695,8.87482],[114.04263,8.84246],[114.04929,8.82913],[114.05215,8.79963],[114.04834,8.77964],[114.03121,8.77774],[114.02169,8.78726],[114.01979,8.81105],[114.00361,8.83675],[113.98552,8.85007]]],[[[113.93413,8.86245],[113.93794,8.85578],[113.93508,8.84056],[113.92271,8.83865],[113.90177,8.85674],[113.89701,8.87006],[113.90177,8.88434],[113.91319,8.89195],[113.92271,8.891],[113.93318,8.88339],[113.93413,8.86245]]],[[[113.67144,8.97191],[113.64764,8.97571],[113.64669,8.98809],[113.66954,8.98904],[113.67525,8.98142],[113.67144,8.97191]]],[[[113.73616,8.98333],[113.73235,8.97666],[113.71903,8.97571],[113.71427,8.96905],[113.70285,8.97],[113.69762,8.9757],[113.72569,8.9957],[113.73426,8.9938],[113.73616,8.98333]]],[[[113.71713,9.03187],[113.72569,9.02996],[113.73045,9.0233],[113.7295,9.00902],[113.69809,9.01664],[113.69333,9.03377],[113.69999,9.04043],[113.71046,9.04043],[113.71713,9.03187]]],[[[113.66543,9.2378],[113.69119,9.23668],[113.70799,9.221],[113.70239,9.20084],[113.70687,9.18628],[113.69903,9.1818],[113.66879,9.18516],[113.65423,9.19412],[113.65311,9.2042],[113.65983,9.21204],[113.65983,9.22436],[113.66543,9.2378]]],[[[114.18924,9.34644],[114.17782,9.34644],[114.16783,9.35929],[114.16497,9.37785],[114.16926,9.38927],[114.18211,9.39498],[114.19781,9.38927],[114.20209,9.37356],[114.19924,9.35786],[114.18924,9.34644]]],[[[114.27782,9.74131],[114.31113,9.72703],[114.31113,9.71394],[114.3028,9.70205],[114.28733,9.69967],[114.27425,9.70562],[114.26354,9.71989],[114.26592,9.74012],[114.27782,9.74131]]],[[[114.36213,9.75514],[114.3538,9.75395],[114.34905,9.75871],[114.35083,9.77418],[114.35619,9.77775],[114.3657,9.77061],[114.36213,9.75514]]],[[[114.25718,9.81182],[114.2629,9.81848],[114.27432,9.82134],[114.28479,9.81658],[114.2905,9.80706],[114.2905,9.79659],[114.29811,9.78898],[114.30192,9.7728],[114.30097,9.76042],[114.29131,9.75237],[114.28288,9.74995],[114.26384,9.76614],[114.2648,9.78517],[114.25718,9.8023],[114.25718,9.81182]]],[[[114.3989,9.79762],[114.40532,9.78976],[114.4039,9.78262],[114.3964,9.78334],[114.39033,9.79048],[114.39176,9.7969],[114.3989,9.79762]]],[[[114.46778,9.81336],[114.45566,9.81611],[114.45566,9.83044],[114.46337,9.83264],[114.47384,9.82548],[114.46778,9.81336]]],[[[114.48704,9.83023],[114.47943,9.83594],[114.48419,9.8445],[114.4918,9.84022],[114.4918,9.83356],[114.48704,9.83023]]],[[[114.27885,9.83843],[114.27112,9.83189],[114.26279,9.83546],[114.26041,9.842],[114.26696,9.85449],[114.27588,9.85568],[114.27945,9.85033],[114.27885,9.83843]]],[[[114.51605,9.86078],[114.51662,9.84544],[114.50302,9.84284],[114.49463,9.85615],[114.49955,9.86397],[114.51605,9.86078]]],[[[114.39534,9.86935],[114.3995,9.86549],[114.41199,9.86906],[114.41437,9.86162],[114.39652,9.85865],[114.38344,9.8625],[114.38492,9.86727],[114.39534,9.86935]]],[[[114.28433,9.86793],[114.28361,9.86115],[114.27933,9.85972],[114.27505,9.86008],[114.27219,9.86686],[114.27826,9.8715],[114.28433,9.86793]]],[[[114.30325,9.88149],[114.30575,9.86972],[114.29504,9.86758],[114.29147,9.874],[114.29432,9.88078],[114.30325,9.88149]]],[[[114.54528,9.87728],[114.54181,9.87062],[114.53312,9.87352],[114.53312,9.88741],[114.54528,9.87728]]],[[[114.39325,9.89345],[114.39266,9.87649],[114.37898,9.88125],[114.37808,9.89345],[114.38314,9.8985],[114.38969,9.8985],[114.39325,9.89345]]],[[[114.6052,9.89493],[114.60085,9.88567],[114.59564,9.88364],[114.58899,9.88799],[114.59275,9.90072],[114.60259,9.89898],[114.6052,9.89493]]],[[[114.33823,9.90564],[114.34804,9.90267],[114.35131,9.89345],[114.33852,9.87977],[114.33317,9.88453],[114.33853,9.89137],[114.33823,9.90564]]],[[[114.47054,9.8993],[114.47439,9.89214],[114.47109,9.88663],[114.46282,9.88388],[114.44464,9.88884],[114.44189,9.8971],[114.44299,9.90316],[114.4485,9.90647],[114.47054,9.8993]]],[[[114.5557,9.90825],[114.57191,9.89551],[114.57104,9.88451],[114.55946,9.88364],[114.5476,9.89609],[114.55049,9.90651],[114.5557,9.90825]]],[[[114.49666,9.92243],[114.49955,9.90362],[114.49289,9.89436],[114.48305,9.90044],[114.48247,9.90854],[114.4871,9.92012],[114.49666,9.92243]]],[[[114.52473,9.93459],[114.52734,9.92938],[114.52502,9.91635],[114.51518,9.9152],[114.51142,9.92533],[114.51373,9.93227],[114.52473,9.93459]]],[[[114.57886,9.96092],[114.58089,9.95282],[114.56844,9.94529],[114.56091,9.94558],[114.55484,9.95311],[114.56439,9.96295],[114.57886,9.96092]]],[[[114.66363,9.99233],[114.67196,9.97329],[114.66839,9.94593],[114.6434,9.92808],[114.63031,9.92808],[114.61929,9.93645],[114.62318,9.96734],[114.61485,9.97924],[114.61723,9.9959],[114.63865,9.99947],[114.65293,9.99828],[114.66363,9.99233]]],[[[114.59536,9.9641],[114.58668,9.96439],[114.58581,9.9725],[114.59362,9.97134],[114.59536,9.9641]]],[[[113.8462,10.10791],[113.86134,10.12641],[113.87312,10.12809],[113.88406,10.12389],[113.8891,10.09445],[113.88322,10.08015],[113.87396,10.00024],[113.86892,9.98678],[113.84957,9.97837],[113.83695,9.98089],[113.83191,9.99098],[113.84284,10.05323],[113.8462,10.10791]]],[[[114.28033,10.16354],[114.27119,10.13823],[114.26205,10.13542],[114.24166,10.13823],[114.23673,10.16214],[114.25221,10.17972],[114.27682,10.17409],[114.28033,10.16354]]],[[[114.34081,10.17058],[114.33308,10.15862],[114.32183,10.15722],[114.30424,10.16425],[114.29792,10.18112],[114.30143,10.19027],[114.31479,10.20011],[114.33449,10.19519],[114.34292,10.18745],[114.34081,10.17058]]],[[[114.36051,10.19378],[114.36262,10.21066],[114.37316,10.21488],[114.38582,10.21347],[114.42731,10.23035],[114.43997,10.22261],[114.43856,10.21417],[114.42942,10.20433],[114.40411,10.18675],[114.37035,10.18112],[114.36051,10.19378]]],[[[114.3241,10.29312],[114.31569,10.27293],[114.29214,10.26284],[114.28205,10.25443],[114.27111,10.23424],[114.26102,10.22415],[114.24756,10.21994],[114.23558,10.22394],[114.2341,10.24097],[114.24167,10.25527],[114.26438,10.27798],[114.2913,10.29733],[114.30644,10.30069],[114.3241,10.29312]]],[[[114.61156,10.29082],[114.6193,10.28942],[114.62633,10.28027],[114.62633,10.27184],[114.60523,10.2641],[114.59117,10.25074],[114.56656,10.23949],[114.5539,10.23738],[114.54476,10.2423],[114.54265,10.25848],[114.55249,10.26691],[114.61156,10.29082]]],[[[114.37395,10.38954],[114.3756,10.38192],[114.36997,10.37463],[114.35738,10.37695],[114.35771,10.38391],[114.36467,10.38921],[114.37395,10.38954]]],[[[114.4896,10.38556],[114.48695,10.37728],[114.47767,10.37662],[114.478,10.38954],[114.4843,10.39153],[114.4896,10.38556]]],[[[114.41736,10.38689],[114.4104,10.3902],[114.41636,10.39683],[114.42266,10.39252],[114.41736,10.38689]]],[[[114.59233,10.41638],[114.58338,10.40843],[114.57178,10.41042],[114.57112,10.41505],[114.5814,10.42168],[114.59167,10.42003],[114.59233,10.41638]]],[[[114.46855,10.72255],[114.46926,10.72964],[114.47422,10.73319],[114.48273,10.73106],[114.49692,10.719],[114.49195,10.7034],[114.4799,10.69773],[114.46358,10.69702],[114.45437,10.71333],[114.45578,10.72113],[114.46855,10.72255]]],[[[114.45713,10.79453],[114.46191,10.78557],[114.45653,10.77361],[114.37586,10.72581],[114.37346,10.69832],[114.3651,10.69354],[114.34299,10.69115],[114.32327,10.69533],[114.32088,10.73358],[114.32685,10.74194],[114.43263,10.79035],[114.44996,10.79692],[114.45713,10.79453]]],[[[114.56571,10.79418],[114.57635,10.79914],[114.59691,10.79418],[114.60259,10.78496],[114.59691,10.77716],[114.58344,10.77361],[114.58344,10.76085],[114.57918,10.75943],[114.56287,10.76652],[114.55507,10.77858],[114.55649,10.78638],[114.56216,10.78779],[114.56571,10.79418]]],[[[114.51211,10.84114],[114.50733,10.83098],[114.4912,10.81545],[114.48223,10.81365],[114.47805,10.81784],[114.47207,10.84174],[114.51809,10.88058],[114.54379,10.89254],[114.56769,10.91106],[114.59518,10.91285],[114.60235,10.89373],[114.59817,10.85907],[114.58681,10.84353],[114.57845,10.83756],[114.56888,10.83756],[114.54319,10.85489],[114.52944,10.85429],[114.51211,10.84114]]],[[[114.07096,10.94157],[114.09019,10.94662],[114.12055,10.93701],[114.12561,10.91475],[114.12106,10.90868],[114.11144,10.90665],[114.10841,10.894],[114.10284,10.89097],[114.07349,10.88742],[114.06843,10.90007],[114.06287,10.90716],[114.05426,10.90969],[114.05072,10.91728],[114.07096,10.94157]]],[[[114.27636,11.032],[114.2629,11.02642],[114.25826,11.03107],[114.26754,11.04081],[114.27775,11.03757],[114.27636,11.032]]],[[[114.20018,11.05349],[114.20221,11.04135],[114.17715,11.03256],[114.17589,11.04286],[114.18349,11.0459],[114.18854,11.05349],[114.20018,11.05349]]],[[[114.33983,11.09398],[114.35855,11.07425],[114.35855,11.05857],[114.33072,11.04237],[114.31302,11.03832],[114.29935,11.04338],[114.2953,11.05249],[114.29834,11.06261],[114.33224,11.09348],[114.33983,11.09398]]],[[[114.22143,11.07475],[114.22548,11.07171],[114.2356,11.07728],[114.24167,11.07424],[114.24268,11.06159],[114.21498,11.05653],[114.21283,11.06817],[114.22143,11.07475]]],[[[114.59508,11.3381],[114.60134,11.31762],[114.582,11.30852],[114.57175,11.3199],[114.57062,11.32729],[114.58313,11.34209],[114.59508,11.3381]]],[[[114.42216,11.45032],[114.40791,11.40207],[114.3862,11.37247],[114.38247,11.37532],[114.33927,11.3637],[114.30944,11.36195],[114.2919,11.36677],[114.28466,11.37467],[114.28247,11.39396],[114.28971,11.40756],[114.31186,11.42708],[114.3123,11.4398],[114.32085,11.45208],[114.35594,11.48036],[114.38445,11.48935],[114.41254,11.49219],[114.4226,11.46501],[114.42216,11.45032]]],[[[114.84782,7.18381],[114.82641,7.19273],[114.82462,7.21058],[114.84247,7.23913],[114.86032,7.24806],[114.87281,7.24092],[114.87281,7.21772],[114.86567,7.1963],[114.84782,7.18381]]],[[[115.0138,7.48719],[114.98346,7.47648],[114.96204,7.48183],[114.95312,7.50146],[114.9549,7.52109],[114.98346,7.5318],[115.00666,7.53359],[115.0245,7.52288],[115.0245,7.50325],[115.0138,7.48719]]],[[[114.71042,7.57999],[114.68365,7.56036],[114.66759,7.56571],[114.6658,7.58535],[114.67473,7.61033],[114.689,7.62104],[114.7122,7.62282],[114.72469,7.61747],[114.72826,7.6014],[114.71042,7.57999]]],[[[114.91571,7.99723],[114.91781,7.97406],[114.9136,7.96142],[114.90307,7.95931],[114.8957,7.94984],[114.88727,7.94878],[114.87253,7.97195],[114.86831,7.9888],[114.87253,8.01092],[114.88622,8.01934],[114.89675,8.01724],[114.90728,8.01092],[114.91571,7.99723]]],[[[114.80927,8.10701],[114.78055,8.11419],[114.77337,8.1453],[114.78534,8.16205],[114.80927,8.16683],[114.82123,8.1453],[114.82363,8.11897],[114.80927,8.10701]]],[[[114.68722,8.18837],[114.66808,8.2123],[114.68004,8.22427],[114.70397,8.22427],[114.73508,8.2123],[114.74705,8.19316],[114.71833,8.18598],[114.68722,8.18837]]],[[[115.24013,8.3842],[115.26753,8.37393],[115.29492,8.35509],[115.29321,8.33455],[115.27951,8.32256],[115.25383,8.32256],[115.19339,8.34947],[115.18705,8.3842],[115.19904,8.3979],[115.21273,8.40475],[115.23157,8.40132],[115.24013,8.3842]]],[[[115.56913,8.48746],[115.56053,8.46381],[115.53688,8.46166],[115.52183,8.46596],[115.50893,8.49391],[115.51323,8.51756],[115.52613,8.53261],[115.55624,8.53261],[115.56698,8.51326],[115.56913,8.48746]]],[[[115.25739,8.49822],[115.25739,8.52402],[115.27244,8.53692],[115.29394,8.53261],[115.30254,8.51757],[115.29824,8.49607],[115.27459,8.47887],[115.25739,8.49822]]],[[[116.32586,8.89417],[116.31697,8.89036],[116.30808,8.86624],[116.29538,8.85862],[116.27761,8.87132],[116.27634,8.88528],[116.30681,8.93099],[116.31824,8.93099],[116.33348,8.92083],[116.33474,8.9056],[116.32586,8.89417]]],[[[114.66129,8.93096],[114.68033,8.93477],[114.6946,8.93001],[114.69746,8.91097],[114.67271,8.87195],[114.65558,8.86434],[114.62988,8.86243],[114.62607,8.87005],[114.62893,8.88433],[114.64416,8.89289],[114.64416,8.90812],[114.64987,8.92049],[114.66129,8.93096]]],[[[116.50107,9.1811],[116.49091,9.14809],[116.4706,9.14936],[116.45156,9.16841],[116.45029,9.1811],[116.45917,9.19126],[116.47822,9.20015],[116.49599,9.19888],[116.50107,9.1811]]],[[[115.97886,9.3091],[115.96716,9.28717],[115.94815,9.28132],[115.92915,9.29302],[115.91567,9.3264],[115.91746,9.34126],[115.954,9.35003],[115.96862,9.33395],[115.97886,9.3091]]],[[[115.47832,9.37998],[115.48213,9.34568],[115.46879,9.32473],[115.44783,9.32473],[115.42497,9.36093],[115.42497,9.39713],[115.43259,9.41619],[115.44593,9.41619],[115.46498,9.40857],[115.47832,9.37998]]],[[[116.96322,9.47564],[116.98354,9.47183],[116.99369,9.45533],[116.98607,9.43755],[116.96703,9.41216],[116.93021,9.40835],[116.92005,9.4147],[116.91684,9.43603],[116.89974,9.44263],[116.89974,9.45787],[116.96322,9.47564]]],[[[116.18207,9.562],[116.16014,9.56493],[116.15137,9.58247],[116.15868,9.59563],[116.17184,9.60294],[116.18938,9.59855],[116.19815,9.58978],[116.19523,9.57224],[116.18207,9.562]]],[[[114.71506,9.74089],[114.72058,9.73414],[114.72057,9.72065],[114.71444,9.71023],[114.70463,9.70533],[114.68501,9.71391],[114.68072,9.72433],[114.68318,9.73353],[114.69115,9.7415],[114.71506,9.74089]]],[[[115.85753,9.79738],[115.90431,9.80761],[115.92624,9.76521],[115.92331,9.7199],[115.90284,9.68042],[115.90138,9.66727],[115.89407,9.65265],[115.87945,9.64534],[115.86143,9.64974],[115.85314,9.6775],[115.83413,9.71259],[115.83852,9.74183],[115.85606,9.76522],[115.85753,9.79738]]],[[[116.59557,9.74133],[116.59288,9.73057],[116.5866,9.7252],[116.57764,9.72878],[116.55645,9.74501],[116.55792,9.75657],[116.56509,9.76284],[116.58033,9.76643],[116.59557,9.74133]]],[[[116.45126,9.80318],[116.44947,9.78256],[116.43692,9.7745],[116.41899,9.7736],[116.40196,9.79242],[116.40465,9.80408],[116.41182,9.81214],[116.42527,9.81663],[116.43961,9.81304],[116.45126,9.80318]]],[[[116.51221,9.80766],[116.51311,9.7987],[116.50504,9.78973],[116.48622,9.78525],[116.48174,9.78884],[116.47815,9.80676],[116.47098,9.81483],[116.47546,9.8229],[116.48443,9.82559],[116.49428,9.8229],[116.51221,9.80766]]],[[[115.55143,9.9248],[115.57427,9.90246],[115.57248,9.88276],[115.56173,9.86664],[115.52362,9.85991],[115.50892,9.8675],[115.5017,9.88604],[115.5017,9.91806],[115.51266,9.92986],[115.53626,9.94334],[115.55143,9.93744],[115.55143,9.9248]]],[[[117.39205,10.09483],[117.38729,10.06628],[117.37658,10.06152],[117.35992,10.0639],[117.35041,10.08651],[117.34922,10.09959],[117.35635,10.10792],[117.37182,10.11149],[117.38491,10.10673],[117.39205,10.09483]]],[[[116.09729,10.08683],[116.08706,10.06929],[116.06659,10.0649],[116.06074,10.08245],[116.04758,10.09122],[116.04612,10.10584],[116.06367,10.13069],[116.07828,10.138],[116.08706,10.12923],[116.09729,10.11022],[116.09729,10.08683]]],[[[115.31066,10.2246],[115.33678,10.20438],[115.34015,10.19258],[115.32919,10.17151],[115.31992,10.16561],[115.29464,10.16224],[115.28453,10.16898],[115.27442,10.19342],[115.28284,10.21449],[115.29886,10.22376],[115.31066,10.2246]]],[[[115.38903,10.23471],[115.38145,10.22713],[115.35701,10.23218],[115.34858,10.24567],[115.34858,10.25662],[115.37471,10.26505],[115.38819,10.25831],[115.38903,10.23471]]],[[[114.69348,10.2954],[114.68221,10.306],[114.6779,10.33516],[114.6948,10.363],[114.7117,10.36632],[114.73489,10.35969],[114.73556,10.34213],[114.718,10.30733],[114.71501,10.30368],[114.70242,10.30468],[114.69348,10.2954]]],[[[117.30044,10.3185],[117.28736,10.30779],[117.26951,10.30779],[117.25999,10.31969],[117.25761,10.33992],[117.26237,10.35657],[117.27189,10.36609],[117.28736,10.36371],[117.29806,10.35538],[117.30401,10.33635],[117.30044,10.3185]]],[[[116.47755,10.30909],[116.46166,10.32725],[116.45712,10.35222],[116.46847,10.37492],[116.49345,10.3999],[116.51161,10.42487],[116.52977,10.43168],[116.54339,10.42941],[116.54566,10.41579],[116.53204,10.39308],[116.52296,10.36811],[116.52977,10.35449],[116.64328,10.36357],[116.65009,10.34768],[116.64101,10.33406],[116.58198,10.31136],[116.51161,10.30455],[116.47755,10.30909]]],[[[115.7755,10.47699],[115.78085,10.4639],[115.77609,10.45498],[115.75765,10.44665],[115.74397,10.45497],[115.73861,10.47044],[115.74099,10.47996],[115.7755,10.47699]]],[[[115.71898,10.47758],[115.72076,10.44843],[115.7047,10.45378],[115.70113,10.46033],[115.7047,10.47877],[115.71898,10.47758]]],[[[116.87509,10.49681],[116.87295,10.47968],[116.86367,10.47396],[116.84511,10.47254],[116.83797,10.47825],[116.83797,10.48467],[116.84939,10.49752],[116.87509,10.49681]]],[[[116.70163,10.49395],[116.64309,10.49967],[116.64167,10.50895],[116.65023,10.5218],[116.67093,10.51823],[116.69806,10.52037],[116.70591,10.51751],[116.71162,10.50466],[116.70948,10.49681],[116.70163,10.49395]]],[[[115.69875,10.52577],[115.72136,10.54302],[115.73444,10.54005],[115.73801,10.53231],[115.73801,10.5222],[115.72731,10.51149],[115.72731,10.50138],[115.72017,10.49543],[115.69837,10.49487],[115.69042,10.4984],[115.68923,10.50554],[115.69696,10.51327],[115.69875,10.52577]]],[[[115.7868,10.53112],[115.7868,10.51387],[115.77906,10.5109],[115.75586,10.52993],[115.75289,10.54064],[115.7624,10.55016],[115.77014,10.54838],[115.7868,10.53112]]],[[[117.21479,10.59095],[117.19575,10.58738],[117.17315,10.59333],[117.17315,10.61117],[117.17791,10.62188],[117.18505,10.62545],[117.19338,10.62069],[117.2136,10.60165],[117.21479,10.59095]]],[[[117.65662,10.62959],[117.64466,10.62241],[117.63391,10.626],[117.63032,10.63437],[117.6363,10.6511],[117.65303,10.66067],[117.66857,10.65828],[117.65662,10.62959]]],[[[115.84629,10.67877],[115.85391,10.67651],[115.85891,10.66866],[115.85034,10.6551],[115.85034,10.64368],[115.83606,10.64011],[115.82607,10.64368],[115.8225,10.65153],[115.83249,10.67509],[115.84629,10.67877]]],[[[117.41943,10.71229],[117.4218,10.68969],[117.41705,10.67779],[117.3873,10.67422],[117.34328,10.67422],[117.27904,10.68612],[117.26714,10.69445],[117.27904,10.72419],[117.29807,10.74323],[117.32425,10.75037],[117.36827,10.7468],[117.40396,10.73133],[117.41943,10.71229]]],[[[117.22074,10.72063],[117.21003,10.7123],[117.19576,10.71706],[117.18386,10.72895],[117.18148,10.73966],[117.18743,10.74799],[117.19814,10.74799],[117.21479,10.74085],[117.22193,10.73133],[117.22074,10.72063]]],[[[115.82821,10.7222],[115.81108,10.71506],[115.79895,10.72506],[115.79609,10.73719],[115.79895,10.74647],[115.81394,10.7479],[115.82464,10.74005],[115.82893,10.73148],[115.82821,10.7222]]],[[[117.828,10.79433],[117.81963,10.76205],[117.80649,10.74889],[117.79334,10.73813],[117.76345,10.73813],[117.75986,10.7716],[117.76464,10.79073],[117.79213,10.82182],[117.80289,10.83019],[117.82082,10.82899],[117.8268,10.81704],[117.828,10.79433]]],[[[115.82322,10.8357],[115.83178,10.83641],[115.8432,10.82713],[115.83749,10.80286],[115.81888,10.80121],[115.8118,10.80358],[115.80894,10.81],[115.82322,10.8357]]],[[[114.87605,10.8238],[114.87247,10.81663],[114.85753,10.81783],[114.85334,10.83755],[114.86649,10.84113],[114.87426,10.83456],[114.87605,10.8238]]],[[[115.8739,10.83998],[115.87176,10.83427],[115.86319,10.8307],[115.85605,10.83356],[115.84535,10.84498],[115.84677,10.85854],[115.85463,10.85997],[115.86462,10.85568],[115.8739,10.83998]]],[[[114.94777,10.91284],[114.9633,10.90567],[114.9645,10.89671],[114.95255,10.85727],[114.94418,10.84651],[114.93462,10.84233],[114.92147,10.84352],[114.9137,10.86743],[114.91609,10.87639],[114.9394,10.91045],[114.94777,10.91284]]],[[[117.69249,11.01929],[117.67575,11.01929],[117.66261,11.02407],[117.65782,11.03603],[117.66022,11.04918],[117.66978,11.05754],[117.6901,11.05396],[117.70206,11.04081],[117.69249,11.01929]]],[[[117.30756,11.03604],[117.28963,11.03006],[117.27409,11.03604],[117.26931,11.06473],[117.27888,11.07788],[117.29322,11.08027],[117.30398,11.07548],[117.30996,11.05516],[117.30756,11.03604]]],[[[114.77773,11.11772],[114.807,11.10702],[114.80485,11.09345],[114.79557,11.07704],[114.77059,11.04706],[114.75988,11.04206],[114.71634,11.00066],[114.70349,11.00351],[114.70206,11.01565],[114.71277,11.04491],[114.76916,11.11558],[114.77773,11.11772]]],[[[117.05294,11.09223],[117.06609,11.08147],[117.07207,11.06951],[117.07207,11.05158],[117.06728,11.03963],[117.04218,11.04321],[117.03501,11.03843],[117.02066,11.06712],[117.0386,11.09223],[117.05294,11.09223]]],[[[115.04756,11.08131],[115.04399,11.06061],[115.034,11.05776],[115.02329,11.06061],[115.01686,11.06918],[115.01972,11.0856],[115.02757,11.08988],[115.04113,11.08845],[115.04756,11.08131]]],[[[117.46417,11.06472],[117.45102,11.06592],[117.44982,11.07787],[117.46058,11.09102],[117.47851,11.097],[117.48927,11.09222],[117.48688,11.08026],[117.46417,11.06472]]],[[[114.82698,11.1527],[114.82913,11.13771],[114.8227,11.13628],[114.79058,11.14128],[114.78487,11.14913],[114.7863,11.15413],[114.79343,11.15556],[114.82341,11.15556],[114.82698,11.1527]]],[[[114.72879,11.49513],[114.73846,11.48204],[114.74301,11.46725],[114.74017,11.43596],[114.73561,11.43084],[114.70887,11.43824],[114.69806,11.45303],[114.69238,11.47408],[114.69238,11.4883],[114.70148,11.49627],[114.71627,11.49911],[114.72879,11.49513]]],[[[114.6241,11.47522],[114.62012,11.52415],[114.64971,11.53439],[114.66734,11.52699],[114.65539,11.43255],[114.648,11.42515],[114.63377,11.42344],[114.62239,11.4297],[114.6241,11.47522]]]]}}]}
