{"type":"FeatureCollection","features":[{"type":"Feature","properties":{"periodId":"van-lang","name":"Văn Lang · vùng lõi","control":"direct","confidence":"low","height":12000,"color":"#d7a050","geometrySourceId":"diaocthongthai-atlas","geometrySourceUrl":"https://cdn.diaocthongthai.com/2021/08/ban-do-lanh-tho-viet-nam-qua-cac-thoi-ky-1.jpg","geometrySourcePageUrl":"https://diaocthongthai.com/ban-do-lanh-tho-viet-nam-qua-cac-thoi-ky/","imageYear":"Văn Lang","reconstructionMethod":"georeferenced-image-color-trace","precision":"illustrative-trace","georeferenceAccuracyKm":50},"geometry":{"type":"MultiPolygon","coordinates":[[[[104.5891,23.6406],[104.6568,23.614],[104.7245,23.5874],[104.7402,23.5284],[104.8079,23.5018],[104.8234,23.4427],[104.8911,23.4162],[104.9066,23.357],[104.9219,23.2978],[104.9897,23.2712],[105.0574,23.2447],[105.0726,23.1854],[105.1403,23.1589],[105.1555,23.0996],[105.1706,23.0402],[105.2383,23.0137],[105.2532,22.9543],[105.2681,22.8948],[105.3358,22.8682],[105.3506,22.8087],[105.4183,22.7822],[105.433,22.7226],[105.5007,22.6961],[105.5153,22.6365],[105.583,22.6099],[105.5975,22.5503],[105.6652,22.5237],[105.6796,22.464],[105.7473,22.4375],[105.7616,22.3777],[105.8293,22.3511],[105.8435,22.2913],[105.9113,22.2648],[105.9254,22.2049],[105.9931,22.1784],[106.0071,22.1185],[106.0748,22.0919],[106.1425,22.0654],[106.1564,22.0054],[106.2242,21.9789],[106.2919,21.9523],[106.3057,21.8923],[106.3734,21.8658],[106.4411,21.8392],[106.4548,21.7792],[106.5226,21.7526],[106.5362,21.6925],[107.078,21.48],[107.0643,21.5401],[107.1321,21.5136],[107.1183,21.5736],[107.1861,21.547],[107.2538,21.5205],[107.24,21.5805],[107.3077,21.5539],[107.3754,21.5274],[107.3615,21.5873],[107.5646,21.5076],[107.5506,21.5675],[107.6184,21.541],[107.6861,21.5144],[107.672,21.5742],[107.7397,21.5477],[107.8074,21.5211],[107.8215,21.4613],[107.7538,21.4878],[107.7678,21.4279],[107.7817,21.368],[107.714,21.3946],[107.7278,21.3346],[107.6601,21.3611],[107.5924,21.3877],[107.6061,21.3276],[107.5384,21.3542],[107.552,21.2941],[107.4843,21.3207],[107.4978,21.2605],[107.4301,21.2871],[107.4435,21.2269],[107.3758,21.2534],[107.3891,21.1932],[107.3214,21.2198],[107.2537,21.2463],[107.2669,21.186],[107.1992,21.2126],[107.2124,21.1523],[107.1446,21.1788],[107.0769,21.2054],[107.09,21.145],[107.0223,21.1715],[107.0608,20.9901],[106.9931,21.0166],[107.0058,20.9561],[106.9381,20.9826],[106.9506,20.922],[106.6798,21.0282],[106.6922,20.9675],[106.4214,21.0738],[106.4337,21.013],[106.366,21.0396],[106.3783,20.9788],[106.3106,21.0054],[106.3228,20.9445],[106.3349,20.8836],[106.2671,20.9102],[106.2791,20.8493],[106.2114,20.8758],[106.2233,20.8149],[106.2351,20.7538],[106.1674,20.7804],[106.225,20.4745],[106.1573,20.501],[106.1685,20.4397],[106.1008,20.4663],[106.0331,20.4928],[106.0442,20.4315],[105.9765,20.458],[105.9876,20.3966],[105.9198,20.4231],[105.9308,20.3617],[105.7276,20.4413],[105.7385,20.3798],[105.6708,20.4064],[105.603,20.4329],[105.635,20.2481],[105.5673,20.2746],[105.5778,20.2129],[105.5101,20.2395],[105.5904,19.7439],[105.5227,19.7704],[105.5323,19.7083],[105.5418,19.6461],[105.4741,19.6726],[105.5291,19.2983],[105.5969,19.2717],[105.6057,19.2091],[105.6734,19.1826],[105.7327,18.7433],[105.8004,18.7167],[105.8085,18.6537],[105.8165,18.5907],[105.7487,18.6173],[105.681,18.6438],[105.673,18.7069],[105.665,18.7698],[105.5972,18.7964],[105.5295,18.8229],[105.5213,18.8858],[105.5131,18.9487],[105.4453,18.9753],[105.3776,19.0018],[105.3693,19.0646],[105.3015,19.0912],[105.2931,19.154],[105.2254,19.1805],[105.2168,19.2432],[105.1491,19.2698],[105.1404,19.3325],[105.0727,19.359],[105.064,19.4216],[104.9962,19.4482],[104.9874,19.5107],[104.9197,19.5373],[104.8519,19.5639],[104.843,19.6264],[104.7753,19.6529],[104.7076,19.6795],[104.6985,19.742],[104.6308,19.7685],[104.6217,19.8309],[104.554,19.8575],[104.5447,19.9199],[104.477,19.9464],[104.4093,19.973],[104.381,20.1598],[104.3133,20.1864],[104.3037,20.2485],[104.71,20.0892],[104.7003,20.1513],[104.9712,20.045],[104.9614,20.1071],[105.0291,20.0806],[105.0192,20.1426],[105.0092,20.2045],[105.0769,20.178],[105.0669,20.2399],[105.0567,20.3018],[105.1244,20.2752],[105.0613,20.6454],[105.129,20.6189],[105.0624,20.9873],[104.9947,21.0138],[104.9833,21.0751],[104.9718,21.1362],[104.9041,21.1628],[104.8924,21.2239],[104.8247,21.2505],[104.813,21.3116],[104.7453,21.3381],[104.7335,21.3992],[104.6658,21.4257],[104.6539,21.4867],[104.5861,21.5133],[104.5741,21.5742],[104.5064,21.6008],[104.4943,21.6616],[104.4266,21.6882],[104.4144,21.749],[104.3467,21.7756],[104.3344,21.8364],[104.2667,21.8629],[104.2543,21.9237],[104.1866,21.9502],[104.1741,22.0109],[104.1615,22.0716],[104.0938,22.0981],[104.0811,22.1587],[104.0134,22.1853],[104.0007,22.2458],[103.9329,22.2724],[103.9201,22.3329],[103.9071,22.3933],[103.8394,22.4199],[103.8264,22.4802],[103.7586,22.5068],[103.7455,22.5671],[103.7322,22.6274],[103.6645,22.654],[103.6512,22.7142],[103.6378,22.7744],[103.57,22.801],[103.5565,22.8611],[103.4888,22.8877],[103.4476,23.0678],[103.3799,23.0944],[103.3237,23.3339],[103.5268,23.2542],[103.5126,23.3139],[103.7157,23.2342],[103.7013,23.2939],[103.6868,23.3536],[103.7546,23.327],[103.8223,23.3005],[103.8077,23.3601],[103.793,23.4196],[103.8607,23.3931],[103.846,23.4526],[103.9137,23.426],[103.8988,23.4854],[103.9665,23.4589],[103.9516,23.5183],[104.0193,23.4917],[104.087,23.4652],[104.072,23.5245],[104.1397,23.498],[104.2074,23.4714],[104.1923,23.5307],[104.4631,23.4245],[104.4479,23.4837],[104.5156,23.4572],[104.5003,23.5164],[104.4848,23.5755],[104.5525,23.549],[104.537,23.6081],[104.6047,23.5815],[104.5891,23.6406]]],[[[106.043,18.3217],[106.1107,18.2952],[106.1785,18.2686],[106.1861,18.2054],[106.2538,18.1788],[106.3215,18.1523],[106.329,18.089],[106.3967,18.0625],[106.4644,18.0359],[106.5075,17.6553],[106.5752,17.6288],[106.582,17.5652],[106.6498,17.5386],[106.6565,17.4749],[106.6632,17.4112],[106.7309,17.3847],[106.7374,17.3209],[106.9406,17.2413],[106.947,17.1775],[107.0148,17.1509],[107.0825,17.1243],[107.0888,17.0605],[107.1566,17.0339],[107.1628,16.97],[107.169,16.9061],[107.2367,16.8795],[107.3044,16.853],[107.3105,16.789],[107.2428,16.8155],[107.2488,16.7515],[107.1811,16.778],[107.1133,16.8046],[107.1192,16.7405],[107.0515,16.7671],[107.0456,16.8312],[106.9779,16.8577],[106.9102,16.8843],[106.9042,16.9483],[106.8981,17.0123],[106.8304,17.0389],[106.7627,17.0654],[106.7565,17.1294],[106.7502,17.1933],[106.6825,17.2198],[106.6762,17.2837],[106.6084,17.3103],[106.602,17.3741],[106.5343,17.4006],[106.5143,17.5917],[106.4466,17.6183],[106.4398,17.6819],[106.4328,17.7454],[106.3651,17.772],[106.3581,17.8355],[106.2904,17.8621],[106.2832,17.9255],[106.276,17.9889],[106.2083,18.0155],[106.201,18.0788],[106.1333,18.1054],[106.1258,18.1687],[106.1183,18.232],[106.0506,18.2585],[106.043,18.3217]]]]}},{"type":"Feature","properties":{"periodId":"van-lang","name":"Không gian Âu Việt","control":"influence","confidence":"low","height":6500,"color":"#7f9661","geometrySourceId":"diaocthongthai-atlas","geometrySourceUrl":"https://cdn.diaocthongthai.com/2021/08/ban-do-lanh-tho-viet-nam-qua-cac-thoi-ky-1.jpg","geometrySourcePageUrl":"https://diaocthongthai.com/ban-do-lanh-tho-viet-nam-qua-cac-thoi-ky/","imageYear":"Văn Lang","reconstructionMethod":"georeferenced-image-color-trace","precision":"illustrative-trace","georeferenceAccuracyKm":50},"geometry":{"type":"Polygon","coordinates":[[[105.1213,23.9042],[105.5954,23.7183],[105.6119,23.6597],[105.815,23.58],[105.8314,23.5214],[105.8991,23.4948],[105.9668,23.4682],[105.9831,23.4095],[106.1863,23.3298],[106.2025,23.2711],[106.4057,23.1914],[106.4218,23.1326],[106.6249,23.0529],[106.641,22.9941],[106.7087,22.9675],[106.7764,22.9409],[106.7923,22.882],[107.0632,22.7758],[107.079,22.7168],[107.3499,22.6106],[107.3656,22.5516],[107.8397,22.3657],[107.8553,22.3066],[108.2616,22.1473],[108.2772,22.0882],[108.8866,21.8491],[108.9021,21.79],[108.9698,21.7634],[109.0375,21.7369],[109.0529,21.6777],[109.1206,21.6511],[109.1358,21.5918],[109.2036,21.5653],[109.2487,21.3872],[109.181,21.4138],[109.1133,21.4403],[109.0983,21.4997],[108.4888,21.7388],[108.5038,21.6794],[108.5187,21.6199],[108.3155,21.6996],[108.3303,21.6401],[108.345,21.5806],[108.2772,21.6071],[108.2918,21.5475],[108.2241,21.5741],[108.2386,21.5144],[108.1709,21.541],[108.1031,21.5676],[108.1175,21.5079],[108.0498,21.5344],[108.0641,21.4747],[107.9964,21.5012],[107.9287,21.5278],[107.9429,21.468],[107.672,21.5742],[107.6861,21.5144],[107.6184,21.541],[107.5506,21.5675],[107.5646,21.5076],[107.3615,21.5873],[107.3754,21.5274],[107.3077,21.5539],[107.24,21.5805],[107.2538,21.5205],[107.1861,21.547],[107.1183,21.5736],[107.1321,21.5136],[107.0643,21.5401],[107.078,21.48],[106.5362,21.6925],[106.5226,21.7526],[106.4548,21.7792],[106.4411,21.8392],[106.3734,21.8658],[106.3057,21.8923],[106.2919,21.9523],[106.2242,21.9789],[106.1564,22.0054],[106.1425,22.0654],[106.0748,22.0919],[106.0071,22.1185],[105.9931,22.1784],[105.9254,22.2049],[105.9113,22.2648],[105.8435,22.2913],[105.8293,22.3511],[105.7616,22.3777],[105.7473,22.4375],[105.6796,22.464],[105.6652,22.5237],[105.5975,22.5503],[105.583,22.6099],[105.5153,22.6365],[105.5007,22.6961],[105.433,22.7226],[105.4183,22.7822],[105.3506,22.8087],[105.3358,22.8682],[105.2681,22.8948],[105.2532,22.9543],[105.2383,23.0137],[105.1706,23.0402],[105.1555,23.0996],[105.1403,23.1589],[105.0726,23.1854],[105.0574,23.2447],[104.9897,23.2712],[104.9219,23.2978],[104.9066,23.357],[104.8911,23.4162],[104.8234,23.4427],[104.8079,23.5018],[104.7402,23.5284],[104.7245,23.5874],[104.6568,23.614],[104.6411,23.673],[104.6253,23.732],[104.693,23.7054],[104.6771,23.7643],[104.7448,23.7377],[104.7288,23.7966],[104.7965,23.77],[104.7804,23.8288],[104.8481,23.8023],[104.8319,23.861],[104.8996,23.8345],[104.8833,23.8932],[104.951,23.8666],[105.0188,23.8401],[105.0024,23.8987],[105.0701,23.8722],[105.1378,23.8456],[105.1213,23.9042]]]}},{"type":"Feature","properties":{"periodId":"au-lac","name":"Âu Lạc","control":"direct","confidence":"low","height":12000,"color":"#d7a050","geometrySourceId":"diaocthongthai-atlas","geometrySourceUrl":"https://cdn.diaocthongthai.com/2021/08/ban-do-lanh-tho-viet-nam-qua-cac-thoi-ky-2.jpg","geometrySourcePageUrl":"https://diaocthongthai.com/ban-do-lanh-tho-viet-nam-qua-cac-thoi-ky/","imageYear":"Âu Lạc","reconstructionMethod":"georeferenced-image-color-trace","precision":"illustrative-trace","georeferenceAccuracyKm":50},"geometry":{"type":"Polygon","coordinates":[[[105.1215,23.9034],[105.5279,23.7441],[105.5444,23.6854],[105.8153,23.5792],[105.8317,23.5204],[105.8994,23.4939],[105.9671,23.4673],[105.9834,23.4085],[106.1866,23.3288],[106.2028,23.27],[106.4737,23.1638],[106.4898,23.1049],[106.5575,23.0783],[106.6253,23.0518],[106.6413,22.9928],[106.709,22.9663],[106.7767,22.9397],[106.7927,22.8808],[107.0635,22.7745],[107.0794,22.7155],[107.3503,22.6092],[107.366,22.5502],[107.7723,22.3908],[107.788,22.3317],[108.0589,22.2254],[108.1052,22.0478],[108.0375,22.0743],[108.083,21.8962],[108.0153,21.9228],[108.0892,21.6249],[108.1569,21.5983],[108.2247,21.5718],[108.2392,21.512],[108.1714,21.5386],[108.1037,21.5652],[108.1181,21.5054],[108.0504,21.532],[108.0647,21.4721],[107.997,21.4987],[107.9293,21.5252],[107.9435,21.4654],[107.8758,21.4919],[107.808,21.5185],[107.8222,21.4586],[107.7544,21.4851],[107.7685,21.4252],[107.7007,21.4517],[107.7147,21.3917],[107.7285,21.3316],[107.6608,21.3582],[107.593,21.3848],[107.6068,21.3246],[107.5391,21.3512],[107.5527,21.291],[107.485,21.3176],[107.4985,21.2574],[107.4308,21.2839],[107.4442,21.2237],[107.3765,21.2502],[107.3899,21.1899],[107.3221,21.2165],[107.2544,21.243],[107.2677,21.1827],[107.2,21.2092],[107.2131,21.1488],[107.1454,21.1754],[107.1585,21.1149],[107.0907,21.1415],[107.023,21.168],[107.0616,20.9863],[106.9939,21.0129],[107.0066,20.9522],[106.9389,20.9788],[106.9514,20.9181],[106.6806,21.0243],[106.693,20.9635],[106.6253,20.9901],[106.5576,21.0167],[106.6066,20.7731],[106.268,20.9059],[106.28,20.8449],[106.2919,20.7838],[106.2242,20.8104],[106.236,20.7493],[106.1683,20.7759],[106.2259,20.4696],[106.1582,20.4961],[106.0905,20.5227],[106.1017,20.4613],[106.034,20.4878],[106.0452,20.4264],[105.9774,20.4529],[105.9885,20.3914],[105.9208,20.418],[105.9317,20.3564],[105.864,20.383],[105.8749,20.3214],[105.6717,20.4011],[105.6825,20.3394],[105.6147,20.366],[105.6254,20.3043],[105.636,20.2425],[105.5683,20.2691],[105.5787,20.2073],[105.5891,20.1454],[105.5214,20.172],[105.5914,19.7376],[105.5236,19.7642],[105.5332,19.7019],[105.5428,19.6396],[105.475,19.6662],[105.5301,19.2913],[105.5979,19.2648],[105.6067,19.2021],[105.6744,19.1756],[105.7421,19.149],[105.7509,19.0863],[105.6832,19.1129],[105.7337,18.7357],[105.8014,18.7091],[105.8095,18.6461],[105.8174,18.583],[105.7497,18.6095],[105.7417,18.6726],[105.674,18.6992],[105.6063,18.7257],[105.5982,18.7888],[105.5305,18.8154],[105.5223,18.8783],[105.5141,18.9413],[105.4463,18.9678],[105.438,19.0307],[105.3702,19.0573],[105.3618,19.1201],[105.2941,19.1467],[105.2855,19.2095],[105.2178,19.2361],[105.2091,19.2988],[105.1414,19.3254],[105.1327,19.3881],[105.0649,19.4146],[104.9972,19.4412],[104.9884,19.5038],[104.9206,19.5304],[104.9117,19.593],[104.844,19.6195],[104.7763,19.6461],[104.7672,19.7086],[104.6995,19.7352],[104.6318,19.7618],[104.6227,19.8243],[104.5549,19.8508],[104.5457,19.9133],[104.478,19.9398],[104.4687,20.0022],[104.4009,20.0288],[104.3915,20.0911],[104.382,20.1534],[104.3143,20.18],[104.3047,20.2422],[104.5756,20.136],[104.5658,20.1982],[104.9722,20.0389],[104.9624,20.101],[105.0301,20.0744],[105.0202,20.1365],[105.0879,20.11],[105.0576,20.296],[105.1253,20.2694],[105.0622,20.6401],[105.1299,20.6135],[105.0519,21.0437],[104.9842,21.0703],[104.9727,21.1316],[104.9049,21.1581],[104.8933,21.2193],[104.8816,21.2805],[104.8139,21.307],[104.7462,21.3336],[104.7343,21.3947],[104.6666,21.4213],[104.6547,21.4823],[104.587,21.5089],[104.575,21.5699],[104.5073,21.5965],[104.4952,21.6574],[104.4274,21.684],[104.4152,21.7449],[104.3475,21.7715],[104.3352,21.8323],[104.2675,21.8589],[104.2551,21.9197],[104.1874,21.9463],[104.1749,22.007],[104.1072,22.0336],[104.0946,22.0943],[104.0819,22.155],[104.0142,22.1815],[104.0014,22.2421],[103.9337,22.2687],[103.9208,22.3292],[103.8531,22.3558],[103.8402,22.4163],[103.8271,22.4768],[103.7594,22.5033],[103.7196,22.6844],[103.6519,22.711],[103.6385,22.7713],[103.6249,22.8315],[103.5572,22.8581],[103.5436,22.9182],[103.4758,22.9448],[103.4621,23.0049],[103.3944,23.0315],[103.3385,23.2714],[103.4062,23.2449],[103.392,23.3048],[103.4597,23.2782],[103.5275,23.2516],[103.5131,23.3115],[103.7163,23.2318],[103.7019,23.2915],[103.7696,23.265],[103.7551,23.3247],[103.8228,23.2981],[103.8083,23.3578],[103.7936,23.4174],[103.8613,23.3909],[103.8465,23.4505],[103.9142,23.4239],[103.8993,23.4834],[103.9671,23.4569],[104.0348,23.4303],[104.0198,23.4898],[104.0875,23.4632],[104.0724,23.5226],[104.1402,23.4961],[104.2079,23.4695],[104.1927,23.5289],[104.4636,23.4227],[104.4483,23.482],[104.5161,23.4554],[104.5007,23.5147],[104.4852,23.5739],[104.553,23.5474],[104.5374,23.6065],[104.6051,23.58],[104.6728,23.5534],[104.6256,23.7307],[104.6933,23.7041],[104.6774,23.7631],[104.7451,23.7365],[104.7291,23.7955],[104.7968,23.7689],[104.7807,23.8278],[104.8484,23.8012],[104.8322,23.86],[104.8999,23.8335],[104.8836,23.8923],[104.9513,23.8657],[105.019,23.8391],[105.0026,23.8979],[105.0703,23.8713],[105.1381,23.8448],[105.1215,23.9034]]]}},{"type":"Feature","properties":{"periodId":"nam-viet","name":"Nam Việt","control":"direct","confidence":"low","height":12000,"color":"#d7a050","geometrySourceId":"diaocthongthai-atlas","geometrySourceUrl":"https://cdn.diaocthongthai.com/2021/08/ban-do-lanh-tho-viet-nam-qua-cac-thoi-ky-3.jpg","geometrySourcePageUrl":"https://diaocthongthai.com/ban-do-lanh-tho-viet-nam-qua-cac-thoi-ky/","imageYear":"Nam Việt","reconstructionMethod":"georeferenced-image-color-trace","precision":"illustrative-trace","georeferenceAccuracyKm":50},"geometry":{"type":"Polygon","coordinates":[[[108.762,22.7357],[109.7101,22.3639],[110.2608,20.2317],[110.1931,20.2583],[110.1254,20.2848],[110.1389,20.2247],[109.9357,20.3044],[109.881,20.5446],[109.8133,20.5712],[109.7571,20.8107],[109.6894,20.8372],[109.6751,20.897],[109.6607,20.9567],[109.7284,20.9301],[109.625,21.3466],[109.2864,21.4794],[109.3015,21.4201],[109.2338,21.4466],[109.2487,21.3872],[109.181,21.4138],[109.1133,21.4403],[109.0983,21.4997],[108.4888,21.7388],[108.5038,21.6794],[108.5187,21.6199],[108.3155,21.6996],[108.3303,21.6401],[108.345,21.5806],[108.2772,21.6071],[108.2918,21.5475],[108.2241,21.5741],[108.2386,21.5144],[108.1709,21.541],[108.1031,21.5676],[108.1175,21.5079],[108.0498,21.5344],[108.0641,21.4747],[107.9964,21.5012],[107.9287,21.5278],[107.9429,21.468],[107.8751,21.4946],[107.8074,21.5211],[107.8215,21.4613],[107.7538,21.4878],[107.7678,21.4279],[107.7817,21.368],[107.714,21.3946],[107.7278,21.3346],[107.6601,21.3611],[107.5924,21.3877],[107.6061,21.3276],[107.5384,21.3542],[107.552,21.2941],[107.4843,21.3207],[107.4978,21.2605],[107.4301,21.2871],[107.4435,21.2269],[107.3758,21.2534],[107.3891,21.1932],[107.3214,21.2198],[107.2537,21.2463],[107.2669,21.186],[107.1992,21.2126],[107.2124,21.1523],[107.1446,21.1788],[107.0769,21.2054],[107.09,21.145],[107.0223,21.1715],[106.9545,21.1981],[107.0058,20.9561],[106.9381,20.9826],[106.8703,21.0092],[106.8829,20.9485],[106.6798,21.0282],[106.6922,20.9675],[106.3536,21.1003],[106.366,21.0396],[106.2983,21.0662],[106.3349,20.8836],[106.2671,20.9102],[106.2791,20.8493],[106.2114,20.8758],[106.2233,20.8149],[106.1556,20.8414],[106.2137,20.5358],[106.146,20.5623],[106.1573,20.501],[106.0896,20.5276],[106.1008,20.4663],[106.0331,20.4928],[105.9654,20.5194],[105.9765,20.458],[105.9088,20.4846],[105.9198,20.4231],[105.8521,20.4497],[105.8631,20.3882],[105.7953,20.4148],[105.7276,20.4413],[105.7385,20.3798],[105.6708,20.4064],[105.603,20.4329],[105.6138,20.3714],[105.6245,20.3097],[105.5567,20.3363],[105.5673,20.2746],[105.5778,20.2129],[105.5101,20.2395],[105.5709,19.8681],[105.5032,19.8946],[105.6145,19.1465],[105.6822,19.12],[105.7327,18.7433],[105.8004,18.7167],[105.8085,18.6537],[105.8165,18.5907],[105.7487,18.6173],[105.7408,18.6803],[105.673,18.7069],[105.665,18.7698],[105.6568,18.8327],[105.4536,18.9124],[105.4453,18.9753],[105.3776,19.0018],[105.3693,19.0646],[105.3608,19.1274],[105.2931,19.154],[105.2845,19.2167],[105.2168,19.2432],[105.2081,19.3059],[105.1404,19.3325],[105.1317,19.3951],[104.5222,19.6341],[104.4677,20.0087],[104.4,20.0353],[104.3905,20.0976],[104.3228,20.1241],[104.3133,20.1864],[104.381,20.1598],[104.3714,20.222],[104.6423,20.1157],[104.5928,20.4258],[105.1346,20.2133],[105.0933,20.4605],[105.161,20.434],[105.0395,21.1097],[104.9718,21.1362],[104.9602,21.1974],[104.6893,21.3036],[104.6539,21.4867],[104.5861,21.5133],[104.5741,21.5742],[104.5064,21.6008],[104.4943,21.6616],[104.4266,21.6882],[104.4144,21.749],[104.3467,21.7756],[104.3344,21.8364],[104.2667,21.8629],[104.2543,21.9237],[104.1866,21.9502],[104.1741,22.0109],[104.1064,22.0375],[104.0938,22.0981],[104.0811,22.1587],[104.0134,22.1853],[104.0007,22.2458],[103.7298,22.352],[103.6242,22.8346],[103.5565,22.8611],[103.5429,22.9212],[103.4752,22.9478],[103.4074,22.9743],[103.3379,23.2741],[103.4056,23.2475],[103.3914,23.3073],[103.4591,23.2807],[103.4448,23.3405],[103.7157,23.2342],[103.7013,23.2939],[103.769,23.2674],[103.7546,23.327],[103.8223,23.3005],[103.8077,23.3601],[103.8754,23.3335],[103.7859,23.6901],[104.3954,23.451],[104.3802,23.5103],[104.4479,23.4837],[104.4325,23.5429],[104.5003,23.5164],[104.4221,23.8116],[104.7607,23.6788],[104.7448,23.7377],[104.8125,23.7112],[104.7965,23.77],[104.7804,23.8288],[104.8481,23.8023],[104.9158,23.7757],[104.8996,23.8345],[104.9673,23.8079],[104.951,23.8666],[105.0188,23.8401],[105.0024,23.8987],[105.0701,23.8722],[105.1378,23.8456],[105.1213,23.9042],[105.4599,23.7714],[105.4764,23.7128],[105.6796,23.6331],[105.696,23.5745],[105.9668,23.4682],[105.9831,23.4095],[106.0509,23.383],[106.0671,23.3242],[106.4057,23.1914],[106.4218,23.1326],[106.4895,23.106],[106.5572,23.0795],[106.5732,23.0206],[106.8441,22.9144],[106.86,22.8555],[106.9278,22.8289],[106.9955,22.8024],[107.0113,22.7434],[107.2145,22.6637],[107.2302,22.6047],[108.1783,22.2329],[108.1625,22.2919],[108.2303,22.2653],[108.2144,22.3243],[108.2822,22.2977],[108.1187,22.8846],[108.7959,22.619],[108.779,22.6774],[108.762,22.7357]]]}},{"type":"Feature","properties":{"periodId":"bac-thuoc-1","name":"Giao Chỉ – Cửu Chân – Nhật Nam · lệ thuộc Hán","control":"autonomous","confidence":"medium","height":12000,"color":"#9a8261","geometrySourceId":"diaocthongthai-atlas","geometrySourceUrl":"https://cdn.diaocthongthai.com/2021/08/ban-do-lanh-tho-viet-nam-qua-cac-thoi-ky-4.jpg","geometrySourcePageUrl":"https://diaocthongthai.com/ban-do-lanh-tho-viet-nam-qua-cac-thoi-ky/","imageYear":"Bắc thuộc I","reconstructionMethod":"georeferenced-image-color-trace","precision":"illustrative-trace","georeferenceAccuracyKm":50},"geometry":{"type":"MultiPolygon","coordinates":[[[[108.762,22.7357],[109.7101,22.3639],[110.2608,20.2317],[110.1931,20.2583],[110.1254,20.2848],[110.1389,20.2247],[109.9357,20.3044],[109.881,20.5446],[109.8133,20.5712],[109.7571,20.8107],[109.6894,20.8372],[109.6751,20.897],[109.6607,20.9567],[109.7284,20.9301],[109.625,21.3466],[109.2864,21.4794],[109.3015,21.4201],[109.2338,21.4466],[109.2487,21.3872],[109.181,21.4138],[109.1133,21.4403],[109.0983,21.4997],[108.4888,21.7388],[108.5038,21.6794],[108.5187,21.6199],[108.3155,21.6996],[108.3303,21.6401],[108.345,21.5806],[108.2772,21.6071],[108.2918,21.5475],[108.2241,21.5741],[108.2386,21.5144],[108.1709,21.541],[108.1031,21.5676],[108.1175,21.5079],[108.0498,21.5344],[108.0641,21.4747],[107.9964,21.5012],[107.9287,21.5278],[107.9429,21.468],[107.8751,21.4946],[107.8074,21.5211],[107.8215,21.4613],[107.7538,21.4878],[107.7678,21.4279],[107.7817,21.368],[107.714,21.3946],[107.7278,21.3346],[107.6601,21.3611],[107.5924,21.3877],[107.6061,21.3276],[107.5384,21.3542],[107.552,21.2941],[107.4843,21.3207],[107.4978,21.2605],[107.4301,21.2871],[107.4435,21.2269],[107.3758,21.2534],[107.3891,21.1932],[107.186,21.2729],[107.1992,21.2126],[107.2124,21.1523],[107.1446,21.1788],[107.0769,21.2054],[107.09,21.145],[107.0223,21.1715],[106.9545,21.1981],[107.0058,20.9561],[106.9381,20.9826],[106.8703,21.0092],[106.8829,20.9485],[106.6798,21.0282],[106.6922,20.9675],[106.3536,21.1003],[106.366,21.0396],[106.2983,21.0662],[106.3349,20.8836],[106.2671,20.9102],[106.2791,20.8493],[106.2114,20.8758],[106.2233,20.8149],[106.1556,20.8414],[106.2137,20.5358],[106.146,20.5623],[106.1573,20.501],[106.0896,20.5276],[106.1008,20.4663],[106.0331,20.4928],[105.9654,20.5194],[105.9765,20.458],[105.9088,20.4846],[105.9198,20.4231],[105.9308,20.3617],[105.7276,20.4413],[105.7385,20.3798],[105.6708,20.4064],[105.603,20.4329],[105.6138,20.3714],[105.6245,20.3097],[105.5567,20.3363],[105.5673,20.2746],[105.5778,20.2129],[105.5101,20.2395],[105.5709,19.8681],[105.5032,19.8946],[105.6145,19.1465],[105.6822,19.12],[105.7327,18.7433],[105.8004,18.7167],[105.8085,18.6537],[105.8165,18.5907],[105.7487,18.6173],[105.7408,18.6803],[105.673,18.7069],[105.665,18.7698],[105.5972,18.7964],[105.5891,18.8593],[105.5213,18.8858],[105.4536,18.9124],[105.4453,18.9753],[105.3776,19.0018],[105.3693,19.0646],[105.3608,19.1274],[105.2931,19.154],[105.2845,19.2167],[105.2168,19.2432],[105.2081,19.3059],[105.1404,19.3325],[105.1317,19.3951],[104.5222,19.6341],[104.4677,20.0087],[104.4,20.0353],[104.3905,20.0976],[104.3228,20.1241],[104.3133,20.1864],[104.381,20.1598],[104.3714,20.222],[104.6423,20.1157],[104.5928,20.4258],[105.1346,20.2133],[105.0933,20.4605],[105.161,20.434],[105.0395,21.1097],[104.9718,21.1362],[104.9602,21.1974],[104.6893,21.3036],[104.6539,21.4867],[104.5861,21.5133],[104.5741,21.5742],[104.5064,21.6008],[104.4943,21.6616],[104.4266,21.6882],[104.4144,21.749],[104.3467,21.7756],[104.3344,21.8364],[104.2667,21.8629],[104.2543,21.9237],[104.1866,21.9502],[104.1741,22.0109],[104.1064,22.0375],[104.0938,22.0981],[104.0811,22.1587],[104.0134,22.1853],[104.0007,22.2458],[103.7298,22.352],[103.6242,22.8346],[103.5565,22.8611],[103.5429,22.9212],[103.4752,22.9478],[103.4074,22.9743],[103.3379,23.2741],[103.4056,23.2475],[103.3914,23.3073],[103.4591,23.2807],[103.4448,23.3405],[103.7157,23.2342],[103.7013,23.2939],[103.769,23.2674],[103.7546,23.327],[103.8223,23.3005],[103.8077,23.3601],[103.8754,23.3335],[103.8607,23.3931],[103.846,23.4526],[103.9137,23.426],[103.8988,23.4854],[103.9665,23.4589],[103.9516,23.5183],[104.0193,23.4917],[104.087,23.4652],[104.072,23.5245],[104.1397,23.498],[104.2074,23.4714],[104.1923,23.5307],[104.3954,23.451],[104.3802,23.5103],[104.4479,23.4837],[104.4325,23.5429],[104.5003,23.5164],[104.4848,23.5755],[104.5525,23.549],[104.537,23.6081],[104.6047,23.5815],[104.5891,23.6406],[104.5734,23.6996],[104.6411,23.673],[104.6253,23.732],[104.693,23.7054],[104.7607,23.6788],[104.7448,23.7377],[104.8125,23.7112],[104.7965,23.77],[104.7804,23.8288],[104.8481,23.8023],[104.9158,23.7757],[104.8996,23.8345],[104.9673,23.8079],[104.951,23.8666],[105.0188,23.8401],[105.0024,23.8987],[105.0701,23.8722],[105.1378,23.8456],[105.1213,23.9042],[105.4599,23.7714],[105.4764,23.7128],[105.6796,23.6331],[105.696,23.5745],[105.9668,23.4682],[105.9831,23.4095],[106.0509,23.383],[106.0671,23.3242],[106.4057,23.1914],[106.4218,23.1326],[106.4895,23.106],[106.5572,23.0795],[106.5732,23.0206],[106.8441,22.9144],[106.86,22.8555],[106.9278,22.8289],[106.9955,22.8024],[107.0113,22.7434],[107.2145,22.6637],[107.2302,22.6047],[108.1783,22.2329],[108.1625,22.2919],[108.2303,22.2653],[108.2144,22.3243],[108.2822,22.2977],[108.1187,22.8846],[108.7959,22.619],[108.779,22.6774],[108.762,22.7357]]],[[[106.1107,18.2952],[106.1785,18.2686],[106.1861,18.2054],[106.2538,18.1788],[106.3215,18.1523],[106.329,18.089],[106.3967,18.0625],[106.4644,18.0359],[106.5075,17.6553],[106.5752,17.6288],[106.582,17.5652],[106.6498,17.5386],[106.6565,17.4749],[106.6632,17.4112],[106.7309,17.3847],[106.7374,17.3209],[106.9406,17.2413],[106.947,17.1775],[107.0148,17.1509],[107.0825,17.1243],[107.0888,17.0605],[107.1566,17.0339],[107.1628,16.97],[107.169,16.9061],[107.2367,16.8795],[107.3044,16.853],[107.3105,16.789],[107.3165,16.7249],[107.3842,16.6984],[107.3901,16.6343],[107.4578,16.6077],[107.4636,16.5436],[107.5313,16.517],[107.537,16.4528],[107.6047,16.4262],[107.6725,16.3997],[107.6781,16.3354],[107.6836,16.2711],[107.7513,16.2446],[107.7567,16.1802],[107.8244,16.1537],[107.8921,16.1271],[107.8974,16.0627],[107.9652,16.0362],[108.0329,16.0096],[108.0381,15.9452],[108.1058,15.9186],[108.1109,15.8541],[108.116,15.7896],[108.3191,15.7099],[108.324,15.6453],[108.3918,15.6187],[108.3966,15.5541],[108.4643,15.5275],[108.469,15.4628],[108.4737,15.3981],[108.5414,15.3715],[108.6091,15.345],[108.6137,15.2802],[108.6814,15.2536],[108.6858,15.1888],[108.6902,15.1239],[108.7579,15.0973],[108.7622,15.0324],[108.8299,15.0059],[108.8341,14.9409],[108.8381,14.8758],[108.9059,14.8493],[108.9098,14.7842],[108.9137,14.719],[108.9814,14.6925],[108.9852,14.6273],[109.0529,14.6007],[109.0566,14.5355],[109.0602,14.4702],[109.1279,14.4437],[109.1314,14.3783],[109.1348,14.313],[109.2025,14.2864],[109.2122,14.09],[109.2799,14.0634],[109.2829,13.9978],[109.2858,13.9322],[109.2181,13.9587],[109.1504,13.9853],[109.1532,13.9196],[109.0855,13.9462],[109.0178,13.9727],[109.0149,14.0384],[108.9472,14.065],[108.9443,14.1306],[108.9413,14.1962],[108.8735,14.2227],[108.8704,14.2883],[108.8672,14.3538],[108.7995,14.3803],[108.7962,14.4458],[108.7928,14.5111],[108.7251,14.5377],[108.7216,14.603],[108.6539,14.6296],[108.6503,14.6949],[108.5826,14.7214],[108.5789,14.7867],[108.5112,14.8132],[108.5074,14.8784],[108.4397,14.905],[108.4358,14.9701],[108.3681,14.9967],[108.3003,15.0232],[108.2964,15.0883],[108.2923,15.1533],[108.2246,15.1799],[108.2204,15.2449],[108.2162,15.3098],[108.1484,15.3364],[108.0807,15.3629],[108.0764,15.4278],[108.0086,15.4544],[108.0042,15.5192],[107.9365,15.5458],[107.9319,15.6106],[107.8642,15.6371],[107.8596,15.7019],[107.7918,15.7284],[107.7871,15.7931],[107.7194,15.8197],[107.7146,15.8843],[107.7096,15.9489],[107.6419,15.9755],[107.6369,16.04],[107.5692,16.0666],[107.564,16.1311],[107.4963,16.1576],[107.4911,16.2221],[107.4234,16.2486],[107.4181,16.313],[107.3504,16.3396],[107.345,16.4039],[107.2772,16.4305],[107.2717,16.4948],[107.204,16.5213],[107.1984,16.5856],[107.1927,16.6498],[106.4478,16.9419],[106.442,17.0061],[106.5097,16.9795],[106.4328,17.7454],[106.3651,17.772],[106.3581,17.8355],[106.2904,17.8621],[106.2832,17.9255],[106.276,17.9889],[106.2083,18.0155],[106.201,18.0788],[106.1333,18.1054],[106.1107,18.2952]]]]}},{"type":"Feature","properties":{"periodId":"trung-vuong","name":"Vùng lõi Trưng Vương","control":"direct","confidence":"low","height":12000,"color":"#d7a050","geometrySourceId":"diaocthongthai-atlas","geometrySourceUrl":"https://cdn.diaocthongthai.com/2021/08/ban-do-lanh-tho-viet-nam-qua-cac-thoi-ky-5.jpg","geometrySourcePageUrl":"https://diaocthongthai.com/ban-do-lanh-tho-viet-nam-qua-cac-thoi-ky/","imageYear":"Trưng Vương","reconstructionMethod":"georeferenced-image-color-trace","precision":"illustrative-trace","georeferenceAccuracyKm":50},"geometry":{"type":"Polygon","coordinates":[[[104.951,23.8666],[105.0188,23.8401],[105.0351,23.7814],[105.1028,23.7548],[105.119,23.696],[105.1867,23.6695],[105.2028,23.6107],[105.2705,23.5841],[105.3383,23.5576],[105.3543,23.4987],[105.422,23.4721],[105.4379,23.4132],[105.5056,23.3867],[105.5734,23.3601],[105.5892,23.3012],[105.6569,23.2746],[105.7246,23.248],[105.7403,23.189],[106.1467,23.0297],[106.1623,22.9706],[106.23,22.9441],[106.2977,22.9175],[106.3133,22.8584],[106.381,22.8318],[106.4487,22.8053],[106.4642,22.7461],[106.5319,22.7196],[106.5996,22.693],[106.6149,22.6338],[106.8181,22.5541],[106.8333,22.4949],[106.9011,22.4683],[106.9462,22.2903],[107.014,22.2637],[107.0288,22.2042],[107.0965,22.1777],[107.1113,22.1182],[107.179,22.0916],[107.1937,22.0321],[107.2083,21.9725],[107.276,21.9459],[107.2905,21.8863],[107.3582,21.8597],[107.4259,21.8332],[107.4403,21.7735],[107.9821,21.561],[107.9677,21.6207],[108.0354,21.5941],[108.1031,21.5676],[108.1175,21.5079],[108.0498,21.5344],[108.0641,21.4747],[107.9964,21.5012],[107.9287,21.5278],[107.9429,21.468],[107.8751,21.4946],[107.8074,21.5211],[107.8215,21.4613],[107.7538,21.4878],[107.7678,21.4279],[107.7817,21.368],[107.714,21.3946],[107.7278,21.3346],[107.6601,21.3611],[107.5924,21.3877],[107.6061,21.3276],[107.5384,21.3542],[107.552,21.2941],[107.4843,21.3207],[107.4978,21.2605],[107.4301,21.2871],[107.4435,21.2269],[107.3758,21.2534],[107.3891,21.1932],[107.3214,21.2198],[107.2537,21.2463],[107.2669,21.186],[107.1992,21.2126],[107.2124,21.1523],[107.1446,21.1788],[107.0769,21.2054],[107.09,21.145],[107.0223,21.1715],[107.0608,20.9901],[106.9931,21.0166],[107.0058,20.9561],[106.9381,20.9826],[106.9506,20.922],[106.6798,21.0282],[106.6922,20.9675],[106.6245,20.9941],[106.5568,21.0206],[106.6057,20.7774],[106.2671,20.9102],[106.2791,20.8493],[106.2114,20.8758],[106.2233,20.8149],[106.1556,20.8414],[106.225,20.4745],[106.1573,20.501],[106.1685,20.4397],[105.9654,20.5194],[105.9765,20.458],[105.9876,20.3966],[105.9198,20.4231],[105.9308,20.3617],[105.8631,20.3882],[105.7953,20.4148],[105.8062,20.3533],[105.603,20.4329],[105.635,20.2481],[105.5673,20.2746],[105.5778,20.2129],[105.5882,20.1511],[105.5204,20.1777],[105.5807,19.806],[105.513,19.8326],[105.5418,19.6461],[105.4741,19.6726],[105.5291,19.2983],[105.5969,19.2717],[105.6057,19.2091],[105.6734,19.1826],[105.7327,18.7433],[105.8004,18.7167],[105.8085,18.6537],[105.8165,18.5907],[105.7487,18.6173],[105.681,18.6438],[105.673,18.7069],[105.6053,18.7334],[105.5972,18.7964],[105.5295,18.8229],[105.5213,18.8858],[105.4536,18.9124],[105.4453,18.9753],[105.3776,19.0018],[105.3693,19.0646],[105.3015,19.0912],[105.2931,19.154],[105.2254,19.1805],[105.2168,19.2432],[105.1491,19.2698],[105.1404,19.3325],[105.0727,19.359],[105.064,19.4216],[104.9962,19.4482],[104.9874,19.5107],[104.9197,19.5373],[104.8519,19.5639],[104.843,19.6264],[104.7753,19.6529],[104.7076,19.6795],[104.6985,19.742],[104.6308,19.7685],[104.6217,19.8309],[104.554,19.8575],[104.5447,19.9199],[104.477,19.9464],[104.4093,19.973],[104.4,20.0353],[104.3905,20.0976],[104.3228,20.1241],[104.3133,20.1864],[104.381,20.1598],[104.3714,20.222],[104.5746,20.1423],[104.5649,20.2044],[104.9712,20.045],[104.9614,20.1071],[105.0291,20.0806],[105.0192,20.1426],[105.0092,20.2045],[105.0769,20.178],[105.0669,20.2399],[105.1346,20.2133],[105.0613,20.6454],[105.129,20.6189],[105.0624,20.9873],[104.9947,21.0138],[104.9833,21.0751],[104.9718,21.1362],[104.9041,21.1628],[104.8924,21.2239],[104.8247,21.2505],[104.813,21.3116],[104.7453,21.3381],[104.7335,21.3992],[104.6658,21.4257],[104.6539,21.4867],[104.5861,21.5133],[104.5741,21.5742],[104.5064,21.6008],[104.4943,21.6616],[104.4266,21.6882],[104.4144,21.749],[104.3467,21.7756],[104.3344,21.8364],[104.2667,21.8629],[104.2543,21.9237],[104.1866,21.9502],[104.1741,22.0109],[104.1615,22.0716],[104.0938,22.0981],[104.0811,22.1587],[104.0134,22.1853],[104.0007,22.2458],[103.9329,22.2724],[103.9201,22.3329],[103.9071,22.3933],[103.8394,22.4199],[103.8264,22.4802],[103.7586,22.5068],[103.7455,22.5671],[103.7322,22.6274],[103.6645,22.654],[103.6512,22.7142],[103.6378,22.7744],[103.57,22.801],[103.5565,22.8611],[103.4888,22.8877],[103.4752,22.9478],[103.4614,23.0078],[103.3937,23.0344],[103.3237,23.3339],[103.5268,23.2542],[103.5126,23.3139],[103.7157,23.2342],[103.7013,23.2939],[103.769,23.2674],[103.7546,23.327],[103.74,23.3866],[103.8077,23.3601],[103.793,23.4196],[103.8607,23.3931],[103.846,23.4526],[103.9137,23.426],[103.8988,23.4854],[103.9665,23.4589],[103.9516,23.5183],[104.0193,23.4917],[104.087,23.4652],[104.072,23.5245],[104.1397,23.498],[104.2074,23.4714],[104.1923,23.5307],[104.4631,23.4245],[104.4479,23.4837],[104.5156,23.4572],[104.5003,23.5164],[104.4848,23.5755],[104.5525,23.549],[104.537,23.6081],[104.6047,23.5815],[104.5891,23.6406],[104.6568,23.614],[104.6411,23.673],[104.6253,23.732],[104.693,23.7054],[104.6771,23.7643],[104.7448,23.7377],[104.7288,23.7966],[104.7965,23.77],[104.7804,23.8288],[104.8481,23.8023],[104.8319,23.861],[104.8996,23.8345],[104.9673,23.8079],[104.951,23.8666]]]}},{"type":"Feature","properties":{"periodId":"trung-vuong","name":"Hợp Phố / Lĩnh Nam · phạm vi truyền thống","control":"influence","confidence":"low","height":6500,"color":"#668d82","geometrySourceId":"diaocthongthai-atlas","geometrySourceUrl":"https://cdn.diaocthongthai.com/2021/08/ban-do-lanh-tho-viet-nam-qua-cac-thoi-ky-5.jpg","geometrySourcePageUrl":"https://diaocthongthai.com/ban-do-lanh-tho-viet-nam-qua-cac-thoi-ky/","imageYear":"Trưng Vương","reconstructionMethod":"georeferenced-image-color-trace","precision":"illustrative-trace","georeferenceAccuracyKm":50},"geometry":{"type":"Polygon","coordinates":[[[109.6847,21.1089],[109.7524,21.0824],[109.7671,21.0228],[109.7817,20.9632],[109.8494,20.9367],[109.8639,20.877],[109.9316,20.8504],[109.946,20.7908],[110.0137,20.7642],[110.0814,20.7376],[110.0957,20.6779],[110.1634,20.6513],[110.1776,20.5915],[110.2454,20.565],[110.3149,20.2652],[110.2472,20.2918],[110.2608,20.2317],[110.1931,20.2583],[110.1254,20.2848],[110.1389,20.2247],[109.9357,20.3044],[109.881,20.5446],[109.8133,20.5712],[109.7571,20.8107],[109.6894,20.8372],[109.6751,20.897],[109.6607,20.9567],[109.7284,20.9301],[109.6847,21.1089]]]}},{"type":"Feature","properties":{"periodId":"bac-thuoc-2","name":"Giao Châu · lệ thuộc các triều đại phương Bắc","control":"autonomous","confidence":"medium","height":12000,"color":"#9a8261","geometrySourceId":"diaocthongthai-atlas","geometrySourceUrl":"https://cdn.diaocthongthai.com/2021/08/ban-do-lanh-tho-viet-nam-qua-cac-thoi-ky-4.jpg","geometrySourcePageUrl":"https://diaocthongthai.com/ban-do-lanh-tho-viet-nam-qua-cac-thoi-ky/","imageYear":"Bắc thuộc II","reconstructionMethod":"georeferenced-image-color-trace","precision":"illustrative-trace","georeferenceAccuracyKm":50},"geometry":{"type":"MultiPolygon","coordinates":[[[[108.762,22.7357],[109.7101,22.3639],[110.2608,20.2317],[110.1931,20.2583],[110.1254,20.2848],[110.1389,20.2247],[109.9357,20.3044],[109.881,20.5446],[109.8133,20.5712],[109.7571,20.8107],[109.6894,20.8372],[109.6751,20.897],[109.6607,20.9567],[109.7284,20.9301],[109.625,21.3466],[109.2864,21.4794],[109.3015,21.4201],[109.2338,21.4466],[109.2487,21.3872],[109.181,21.4138],[109.1133,21.4403],[109.0983,21.4997],[108.4888,21.7388],[108.5038,21.6794],[108.5187,21.6199],[108.3155,21.6996],[108.3303,21.6401],[108.345,21.5806],[108.2772,21.6071],[108.2918,21.5475],[108.2241,21.5741],[108.2386,21.5144],[108.1709,21.541],[108.1031,21.5676],[108.1175,21.5079],[108.0498,21.5344],[108.0641,21.4747],[107.9964,21.5012],[107.9287,21.5278],[107.9429,21.468],[107.8751,21.4946],[107.8074,21.5211],[107.8215,21.4613],[107.7538,21.4878],[107.7678,21.4279],[107.7817,21.368],[107.714,21.3946],[107.7278,21.3346],[107.6601,21.3611],[107.5924,21.3877],[107.6061,21.3276],[107.5384,21.3542],[107.552,21.2941],[107.4843,21.3207],[107.4978,21.2605],[107.4301,21.2871],[107.4435,21.2269],[107.3758,21.2534],[107.3891,21.1932],[107.186,21.2729],[107.1992,21.2126],[107.2124,21.1523],[107.1446,21.1788],[107.0769,21.2054],[107.09,21.145],[107.0223,21.1715],[106.9545,21.1981],[107.0058,20.9561],[106.9381,20.9826],[106.8703,21.0092],[106.8829,20.9485],[106.6798,21.0282],[106.6922,20.9675],[106.3536,21.1003],[106.366,21.0396],[106.2983,21.0662],[106.3349,20.8836],[106.2671,20.9102],[106.2791,20.8493],[106.2114,20.8758],[106.2233,20.8149],[106.1556,20.8414],[106.2137,20.5358],[106.146,20.5623],[106.1573,20.501],[106.0896,20.5276],[106.1008,20.4663],[106.0331,20.4928],[105.9654,20.5194],[105.9765,20.458],[105.9088,20.4846],[105.9198,20.4231],[105.9308,20.3617],[105.7276,20.4413],[105.7385,20.3798],[105.6708,20.4064],[105.603,20.4329],[105.6138,20.3714],[105.6245,20.3097],[105.5567,20.3363],[105.5673,20.2746],[105.5778,20.2129],[105.5101,20.2395],[105.5709,19.8681],[105.5032,19.8946],[105.6145,19.1465],[105.6822,19.12],[105.7327,18.7433],[105.8004,18.7167],[105.8085,18.6537],[105.8165,18.5907],[105.7487,18.6173],[105.7408,18.6803],[105.673,18.7069],[105.665,18.7698],[105.5972,18.7964],[105.5891,18.8593],[105.5213,18.8858],[105.4536,18.9124],[105.4453,18.9753],[105.3776,19.0018],[105.3693,19.0646],[105.3608,19.1274],[105.2931,19.154],[105.2845,19.2167],[105.2168,19.2432],[105.2081,19.3059],[105.1404,19.3325],[105.1317,19.3951],[104.5222,19.6341],[104.4677,20.0087],[104.4,20.0353],[104.3905,20.0976],[104.3228,20.1241],[104.3133,20.1864],[104.381,20.1598],[104.3714,20.222],[104.6423,20.1157],[104.5928,20.4258],[105.1346,20.2133],[105.0933,20.4605],[105.161,20.434],[105.0395,21.1097],[104.9718,21.1362],[104.9602,21.1974],[104.6893,21.3036],[104.6539,21.4867],[104.5861,21.5133],[104.5741,21.5742],[104.5064,21.6008],[104.4943,21.6616],[104.4266,21.6882],[104.4144,21.749],[104.3467,21.7756],[104.3344,21.8364],[104.2667,21.8629],[104.2543,21.9237],[104.1866,21.9502],[104.1741,22.0109],[104.1064,22.0375],[104.0938,22.0981],[104.0811,22.1587],[104.0134,22.1853],[104.0007,22.2458],[103.7298,22.352],[103.6242,22.8346],[103.5565,22.8611],[103.5429,22.9212],[103.4752,22.9478],[103.4074,22.9743],[103.3379,23.2741],[103.4056,23.2475],[103.3914,23.3073],[103.4591,23.2807],[103.4448,23.3405],[103.7157,23.2342],[103.7013,23.2939],[103.769,23.2674],[103.7546,23.327],[103.8223,23.3005],[103.8077,23.3601],[103.8754,23.3335],[103.8607,23.3931],[103.846,23.4526],[103.9137,23.426],[103.8988,23.4854],[103.9665,23.4589],[103.9516,23.5183],[104.0193,23.4917],[104.087,23.4652],[104.072,23.5245],[104.1397,23.498],[104.2074,23.4714],[104.1923,23.5307],[104.3954,23.451],[104.3802,23.5103],[104.4479,23.4837],[104.4325,23.5429],[104.5003,23.5164],[104.4848,23.5755],[104.5525,23.549],[104.537,23.6081],[104.6047,23.5815],[104.5891,23.6406],[104.5734,23.6996],[104.6411,23.673],[104.6253,23.732],[104.693,23.7054],[104.7607,23.6788],[104.7448,23.7377],[104.8125,23.7112],[104.7965,23.77],[104.7804,23.8288],[104.8481,23.8023],[104.9158,23.7757],[104.8996,23.8345],[104.9673,23.8079],[104.951,23.8666],[105.0188,23.8401],[105.0024,23.8987],[105.0701,23.8722],[105.1378,23.8456],[105.1213,23.9042],[105.4599,23.7714],[105.4764,23.7128],[105.6796,23.6331],[105.696,23.5745],[105.9668,23.4682],[105.9831,23.4095],[106.0509,23.383],[106.0671,23.3242],[106.4057,23.1914],[106.4218,23.1326],[106.4895,23.106],[106.5572,23.0795],[106.5732,23.0206],[106.8441,22.9144],[106.86,22.8555],[106.9278,22.8289],[106.9955,22.8024],[107.0113,22.7434],[107.2145,22.6637],[107.2302,22.6047],[108.1783,22.2329],[108.1625,22.2919],[108.2303,22.2653],[108.2144,22.3243],[108.2822,22.2977],[108.1187,22.8846],[108.7959,22.619],[108.779,22.6774],[108.762,22.7357]]],[[[106.1107,18.2952],[106.1785,18.2686],[106.1861,18.2054],[106.2538,18.1788],[106.3215,18.1523],[106.329,18.089],[106.3967,18.0625],[106.4644,18.0359],[106.5075,17.6553],[106.5752,17.6288],[106.582,17.5652],[106.6498,17.5386],[106.6565,17.4749],[106.6632,17.4112],[106.7309,17.3847],[106.7374,17.3209],[106.9406,17.2413],[106.947,17.1775],[107.0148,17.1509],[107.0825,17.1243],[107.0888,17.0605],[107.1566,17.0339],[107.1628,16.97],[107.169,16.9061],[107.2367,16.8795],[107.3044,16.853],[107.3105,16.789],[107.3165,16.7249],[107.3842,16.6984],[107.3901,16.6343],[107.4578,16.6077],[107.4636,16.5436],[107.5313,16.517],[107.537,16.4528],[107.6047,16.4262],[107.6725,16.3997],[107.6781,16.3354],[107.6836,16.2711],[107.7513,16.2446],[107.7567,16.1802],[107.8244,16.1537],[107.8921,16.1271],[107.8974,16.0627],[107.9652,16.0362],[108.0329,16.0096],[108.0381,15.9452],[108.1058,15.9186],[108.1109,15.8541],[108.116,15.7896],[108.3191,15.7099],[108.324,15.6453],[108.3918,15.6187],[108.3966,15.5541],[108.4643,15.5275],[108.469,15.4628],[108.4737,15.3981],[108.5414,15.3715],[108.6091,15.345],[108.6137,15.2802],[108.6814,15.2536],[108.6858,15.1888],[108.6902,15.1239],[108.7579,15.0973],[108.7622,15.0324],[108.8299,15.0059],[108.8341,14.9409],[108.8381,14.8758],[108.9059,14.8493],[108.9098,14.7842],[108.9137,14.719],[108.9814,14.6925],[108.9852,14.6273],[109.0529,14.6007],[109.0566,14.5355],[109.0602,14.4702],[109.1279,14.4437],[109.1314,14.3783],[109.1348,14.313],[109.2025,14.2864],[109.2122,14.09],[109.2799,14.0634],[109.2829,13.9978],[109.2858,13.9322],[109.2181,13.9587],[109.1504,13.9853],[109.1532,13.9196],[109.0855,13.9462],[109.0178,13.9727],[109.0149,14.0384],[108.9472,14.065],[108.9443,14.1306],[108.9413,14.1962],[108.8735,14.2227],[108.8704,14.2883],[108.8672,14.3538],[108.7995,14.3803],[108.7962,14.4458],[108.7928,14.5111],[108.7251,14.5377],[108.7216,14.603],[108.6539,14.6296],[108.6503,14.6949],[108.5826,14.7214],[108.5789,14.7867],[108.5112,14.8132],[108.5074,14.8784],[108.4397,14.905],[108.4358,14.9701],[108.3681,14.9967],[108.3003,15.0232],[108.2964,15.0883],[108.2923,15.1533],[108.2246,15.1799],[108.2204,15.2449],[108.2162,15.3098],[108.1484,15.3364],[108.0807,15.3629],[108.0764,15.4278],[108.0086,15.4544],[108.0042,15.5192],[107.9365,15.5458],[107.9319,15.6106],[107.8642,15.6371],[107.8596,15.7019],[107.7918,15.7284],[107.7871,15.7931],[107.7194,15.8197],[107.7146,15.8843],[107.7096,15.9489],[107.6419,15.9755],[107.6369,16.04],[107.5692,16.0666],[107.564,16.1311],[107.4963,16.1576],[107.4911,16.2221],[107.4234,16.2486],[107.4181,16.313],[107.3504,16.3396],[107.345,16.4039],[107.2772,16.4305],[107.2717,16.4948],[107.204,16.5213],[107.1984,16.5856],[107.1927,16.6498],[106.4478,16.9419],[106.442,17.0061],[106.5097,16.9795],[106.4328,17.7454],[106.3651,17.772],[106.3581,17.8355],[106.2904,17.8621],[106.2832,17.9255],[106.276,17.9889],[106.2083,18.0155],[106.201,18.0788],[106.1333,18.1054],[106.1107,18.2952]]]]}},{"type":"Feature","properties":{"periodId":"van-xuan","name":"Vạn Xuân","control":"direct","confidence":"medium","height":12000,"color":"#d7a050","geometrySourceId":"diaocthongthai-atlas","geometrySourceUrl":"https://cdn.diaocthongthai.com/2021/08/ban-do-lanh-tho-viet-nam-qua-cac-thoi-ky-6.jpg","geometrySourcePageUrl":"https://diaocthongthai.com/ban-do-lanh-tho-viet-nam-qua-cac-thoi-ky/","imageYear":"Vạn Xuân","reconstructionMethod":"georeferenced-image-color-trace","precision":"illustrative-trace","georeferenceAccuracyKm":50},"geometry":{"type":"Polygon","coordinates":[[[104.951,23.8666],[105.0188,23.8401],[105.0351,23.7814],[105.1028,23.7548],[105.119,23.696],[105.1867,23.6695],[105.2028,23.6107],[105.2705,23.5841],[105.3383,23.5576],[105.3543,23.4987],[105.422,23.4721],[105.4379,23.4132],[105.5056,23.3867],[105.5734,23.3601],[105.5892,23.3012],[105.6569,23.2746],[105.7246,23.248],[105.7403,23.189],[106.1467,23.0297],[106.1623,22.9706],[106.23,22.9441],[106.2977,22.9175],[106.3133,22.8584],[106.381,22.8318],[106.4487,22.8053],[106.4642,22.7461],[106.5319,22.7196],[106.5996,22.693],[106.6149,22.6338],[106.8181,22.5541],[106.8333,22.4949],[106.9011,22.4683],[106.9462,22.2903],[107.014,22.2637],[107.0288,22.2042],[107.0436,22.1448],[107.1113,22.1182],[107.179,22.0916],[107.1937,22.0321],[107.2083,21.9725],[107.276,21.9459],[107.3437,21.9194],[107.3582,21.8597],[107.4259,21.8332],[107.4403,21.7735],[108.0498,21.5344],[108.0641,21.4747],[107.9964,21.5012],[107.9287,21.5278],[107.9429,21.468],[107.8751,21.4946],[107.8074,21.5211],[107.8215,21.4613],[107.7538,21.4878],[107.7678,21.4279],[107.7817,21.368],[107.714,21.3946],[107.7278,21.3346],[107.6601,21.3611],[107.5924,21.3877],[107.6061,21.3276],[107.5384,21.3542],[107.552,21.2941],[107.4843,21.3207],[107.4978,21.2605],[107.4301,21.2871],[107.4435,21.2269],[107.3758,21.2534],[107.3891,21.1932],[107.3214,21.2198],[107.2537,21.2463],[107.2669,21.186],[107.1992,21.2126],[107.2124,21.1523],[107.1446,21.1788],[107.1577,21.1184],[107.09,21.145],[107.0223,21.1715],[107.0608,20.9901],[106.9931,21.0166],[107.0058,20.9561],[106.9381,20.9826],[106.9506,20.922],[106.6798,21.0282],[106.6922,20.9675],[106.6245,20.9941],[106.5568,21.0206],[106.6057,20.7774],[106.2671,20.9102],[106.2791,20.8493],[106.2114,20.8758],[106.2233,20.8149],[106.1556,20.8414],[106.2137,20.5358],[106.146,20.5623],[106.1573,20.501],[106.1685,20.4397],[105.9654,20.5194],[105.9765,20.458],[105.9876,20.3966],[105.9198,20.4231],[105.9308,20.3617],[105.8631,20.3882],[105.8739,20.3267],[105.603,20.4329],[105.635,20.2481],[105.5673,20.2746],[105.5778,20.2129],[105.5882,20.1511],[105.5204,20.1777],[105.5807,19.806],[105.513,19.8326],[105.5418,19.6461],[105.4741,19.6726],[105.5291,19.2983],[105.5969,19.2717],[105.6057,19.2091],[105.6734,19.1826],[105.7327,18.7433],[105.8004,18.7167],[105.8085,18.6537],[105.8165,18.5907],[105.7487,18.6173],[105.7408,18.6803],[105.673,18.7069],[105.6053,18.7334],[105.5972,18.7964],[105.5295,18.8229],[105.5213,18.8858],[105.4536,18.9124],[105.4453,18.9753],[105.3776,19.0018],[105.3693,19.0646],[105.3015,19.0912],[105.2931,19.154],[105.2254,19.1805],[105.2168,19.2432],[105.1491,19.2698],[105.1404,19.3325],[105.0727,19.359],[105.064,19.4216],[104.9962,19.4482],[104.9874,19.5107],[104.9197,19.5373],[104.8519,19.5639],[104.843,19.6264],[104.7753,19.6529],[104.7076,19.6795],[104.6985,19.742],[104.6308,19.7685],[104.6217,19.8309],[104.554,19.8575],[104.5447,19.9199],[104.477,19.9464],[104.4093,19.973],[104.381,20.1598],[104.3133,20.1864],[104.3037,20.2485],[104.5069,20.1688],[104.4972,20.231],[104.9712,20.045],[104.9614,20.1071],[105.0291,20.0806],[105.0192,20.1426],[105.0092,20.2045],[105.0769,20.178],[105.0669,20.2399],[105.1346,20.2133],[105.0613,20.6454],[105.129,20.6189],[105.0624,20.9873],[104.9947,21.0138],[104.9833,21.0751],[104.9718,21.1362],[104.9041,21.1628],[104.8924,21.2239],[104.8247,21.2505],[104.813,21.3116],[104.7453,21.3381],[104.7335,21.3992],[104.6658,21.4257],[104.6539,21.4867],[104.5861,21.5133],[104.5741,21.5742],[104.5064,21.6008],[104.4943,21.6616],[104.4266,21.6882],[104.4144,21.749],[104.3467,21.7756],[104.3344,21.8364],[104.2667,21.8629],[104.2543,21.9237],[104.1866,21.9502],[104.1741,22.0109],[104.1615,22.0716],[104.0938,22.0981],[104.0811,22.1587],[104.0134,22.1853],[104.0007,22.2458],[103.9329,22.2724],[103.9201,22.3329],[103.9071,22.3933],[103.8394,22.4199],[103.8264,22.4802],[103.7586,22.5068],[103.7455,22.5671],[103.7322,22.6274],[103.6645,22.654],[103.6512,22.7142],[103.6378,22.7744],[103.57,22.801],[103.5565,22.8611],[103.4888,22.8877],[103.4752,22.9478],[103.4614,23.0078],[103.3937,23.0344],[103.3237,23.3339],[103.5268,23.2542],[103.5126,23.3139],[103.7157,23.2342],[103.7013,23.2939],[103.769,23.2674],[103.7546,23.327],[103.74,23.3866],[103.8077,23.3601],[103.793,23.4196],[103.8607,23.3931],[103.846,23.4526],[103.9137,23.426],[103.8988,23.4854],[103.9665,23.4589],[103.9516,23.5183],[104.0193,23.4917],[104.087,23.4652],[104.072,23.5245],[104.1397,23.498],[104.2074,23.4714],[104.1923,23.5307],[104.4631,23.4245],[104.4479,23.4837],[104.5156,23.4572],[104.5003,23.5164],[104.4848,23.5755],[104.5525,23.549],[104.537,23.6081],[104.6047,23.5815],[104.5891,23.6406],[104.6568,23.614],[104.6411,23.673],[104.6253,23.732],[104.693,23.7054],[104.6771,23.7643],[104.7448,23.7377],[104.7288,23.7966],[104.7965,23.77],[104.7804,23.8288],[104.8481,23.8023],[104.8319,23.861],[104.8996,23.8345],[104.9673,23.8079],[104.951,23.8666]]]}},{"type":"Feature","properties":{"periodId":"bac-thuoc-3","name":"An Nam đô hộ phủ · lệ thuộc Tùy–Đường","control":"autonomous","confidence":"medium","height":12000,"color":"#9a8261","geometrySourceId":"diaocthongthai-atlas","geometrySourceUrl":"https://cdn.diaocthongthai.com/2021/08/ban-do-lanh-tho-viet-nam-qua-cac-thoi-ky-4.jpg","geometrySourcePageUrl":"https://diaocthongthai.com/ban-do-lanh-tho-viet-nam-qua-cac-thoi-ky/","imageYear":"Bắc thuộc III","reconstructionMethod":"georeferenced-image-color-trace","precision":"illustrative-trace","georeferenceAccuracyKm":50},"geometry":{"type":"MultiPolygon","coordinates":[[[[108.762,22.7357],[109.7101,22.3639],[110.2608,20.2317],[110.1931,20.2583],[110.1254,20.2848],[110.1389,20.2247],[109.9357,20.3044],[109.881,20.5446],[109.8133,20.5712],[109.7571,20.8107],[109.6894,20.8372],[109.6751,20.897],[109.6607,20.9567],[109.7284,20.9301],[109.625,21.3466],[109.2864,21.4794],[109.3015,21.4201],[109.2338,21.4466],[109.2487,21.3872],[109.181,21.4138],[109.1133,21.4403],[109.0983,21.4997],[108.4888,21.7388],[108.5038,21.6794],[108.5187,21.6199],[108.3155,21.6996],[108.3303,21.6401],[108.345,21.5806],[108.2772,21.6071],[108.2918,21.5475],[108.2241,21.5741],[108.2386,21.5144],[108.1709,21.541],[108.1031,21.5676],[108.1175,21.5079],[108.0498,21.5344],[108.0641,21.4747],[107.9964,21.5012],[107.9287,21.5278],[107.9429,21.468],[107.8751,21.4946],[107.8074,21.5211],[107.8215,21.4613],[107.7538,21.4878],[107.7678,21.4279],[107.7817,21.368],[107.714,21.3946],[107.7278,21.3346],[107.6601,21.3611],[107.5924,21.3877],[107.6061,21.3276],[107.5384,21.3542],[107.552,21.2941],[107.4843,21.3207],[107.4978,21.2605],[107.4301,21.2871],[107.4435,21.2269],[107.3758,21.2534],[107.3891,21.1932],[107.186,21.2729],[107.1992,21.2126],[107.2124,21.1523],[107.1446,21.1788],[107.0769,21.2054],[107.09,21.145],[107.0223,21.1715],[106.9545,21.1981],[107.0058,20.9561],[106.9381,20.9826],[106.8703,21.0092],[106.8829,20.9485],[106.6798,21.0282],[106.6922,20.9675],[106.3536,21.1003],[106.366,21.0396],[106.2983,21.0662],[106.3349,20.8836],[106.2671,20.9102],[106.2791,20.8493],[106.2114,20.8758],[106.2233,20.8149],[106.1556,20.8414],[106.2137,20.5358],[106.146,20.5623],[106.1573,20.501],[106.0896,20.5276],[106.1008,20.4663],[106.0331,20.4928],[105.9654,20.5194],[105.9765,20.458],[105.9088,20.4846],[105.9198,20.4231],[105.9308,20.3617],[105.7276,20.4413],[105.7385,20.3798],[105.6708,20.4064],[105.603,20.4329],[105.6138,20.3714],[105.6245,20.3097],[105.5567,20.3363],[105.5673,20.2746],[105.5778,20.2129],[105.5101,20.2395],[105.5709,19.8681],[105.5032,19.8946],[105.6145,19.1465],[105.6822,19.12],[105.7327,18.7433],[105.8004,18.7167],[105.8085,18.6537],[105.8165,18.5907],[105.7487,18.6173],[105.7408,18.6803],[105.673,18.7069],[105.665,18.7698],[105.5972,18.7964],[105.5891,18.8593],[105.5213,18.8858],[105.4536,18.9124],[105.4453,18.9753],[105.3776,19.0018],[105.3693,19.0646],[105.3608,19.1274],[105.2931,19.154],[105.2845,19.2167],[105.2168,19.2432],[105.2081,19.3059],[105.1404,19.3325],[105.1317,19.3951],[104.5222,19.6341],[104.4677,20.0087],[104.4,20.0353],[104.3905,20.0976],[104.3228,20.1241],[104.3133,20.1864],[104.381,20.1598],[104.3714,20.222],[104.6423,20.1157],[104.5928,20.4258],[105.1346,20.2133],[105.0933,20.4605],[105.161,20.434],[105.0395,21.1097],[104.9718,21.1362],[104.9602,21.1974],[104.6893,21.3036],[104.6539,21.4867],[104.5861,21.5133],[104.5741,21.5742],[104.5064,21.6008],[104.4943,21.6616],[104.4266,21.6882],[104.4144,21.749],[104.3467,21.7756],[104.3344,21.8364],[104.2667,21.8629],[104.2543,21.9237],[104.1866,21.9502],[104.1741,22.0109],[104.1064,22.0375],[104.0938,22.0981],[104.0811,22.1587],[104.0134,22.1853],[104.0007,22.2458],[103.7298,22.352],[103.6242,22.8346],[103.5565,22.8611],[103.5429,22.9212],[103.4752,22.9478],[103.4074,22.9743],[103.3379,23.2741],[103.4056,23.2475],[103.3914,23.3073],[103.4591,23.2807],[103.4448,23.3405],[103.7157,23.2342],[103.7013,23.2939],[103.769,23.2674],[103.7546,23.327],[103.8223,23.3005],[103.8077,23.3601],[103.8754,23.3335],[103.8607,23.3931],[103.846,23.4526],[103.9137,23.426],[103.8988,23.4854],[103.9665,23.4589],[103.9516,23.5183],[104.0193,23.4917],[104.087,23.4652],[104.072,23.5245],[104.1397,23.498],[104.2074,23.4714],[104.1923,23.5307],[104.3954,23.451],[104.3802,23.5103],[104.4479,23.4837],[104.4325,23.5429],[104.5003,23.5164],[104.4848,23.5755],[104.5525,23.549],[104.537,23.6081],[104.6047,23.5815],[104.5891,23.6406],[104.5734,23.6996],[104.6411,23.673],[104.6253,23.732],[104.693,23.7054],[104.7607,23.6788],[104.7448,23.7377],[104.8125,23.7112],[104.7965,23.77],[104.7804,23.8288],[104.8481,23.8023],[104.9158,23.7757],[104.8996,23.8345],[104.9673,23.8079],[104.951,23.8666],[105.0188,23.8401],[105.0024,23.8987],[105.0701,23.8722],[105.1378,23.8456],[105.1213,23.9042],[105.4599,23.7714],[105.4764,23.7128],[105.6796,23.6331],[105.696,23.5745],[105.9668,23.4682],[105.9831,23.4095],[106.0509,23.383],[106.0671,23.3242],[106.4057,23.1914],[106.4218,23.1326],[106.4895,23.106],[106.5572,23.0795],[106.5732,23.0206],[106.8441,22.9144],[106.86,22.8555],[106.9278,22.8289],[106.9955,22.8024],[107.0113,22.7434],[107.2145,22.6637],[107.2302,22.6047],[108.1783,22.2329],[108.1625,22.2919],[108.2303,22.2653],[108.2144,22.3243],[108.2822,22.2977],[108.1187,22.8846],[108.7959,22.619],[108.779,22.6774],[108.762,22.7357]]],[[[106.1107,18.2952],[106.1785,18.2686],[106.1861,18.2054],[106.2538,18.1788],[106.3215,18.1523],[106.329,18.089],[106.3967,18.0625],[106.4644,18.0359],[106.5075,17.6553],[106.5752,17.6288],[106.582,17.5652],[106.6498,17.5386],[106.6565,17.4749],[106.6632,17.4112],[106.7309,17.3847],[106.7374,17.3209],[106.9406,17.2413],[106.947,17.1775],[107.0148,17.1509],[107.0825,17.1243],[107.0888,17.0605],[107.1566,17.0339],[107.1628,16.97],[107.169,16.9061],[107.2367,16.8795],[107.3044,16.853],[107.3105,16.789],[107.3165,16.7249],[107.3842,16.6984],[107.3901,16.6343],[107.4578,16.6077],[107.4636,16.5436],[107.5313,16.517],[107.537,16.4528],[107.6047,16.4262],[107.6725,16.3997],[107.6781,16.3354],[107.6836,16.2711],[107.7513,16.2446],[107.7567,16.1802],[107.8244,16.1537],[107.8921,16.1271],[107.8974,16.0627],[107.9652,16.0362],[108.0329,16.0096],[108.0381,15.9452],[108.1058,15.9186],[108.1109,15.8541],[108.116,15.7896],[108.3191,15.7099],[108.324,15.6453],[108.3918,15.6187],[108.3966,15.5541],[108.4643,15.5275],[108.469,15.4628],[108.4737,15.3981],[108.5414,15.3715],[108.6091,15.345],[108.6137,15.2802],[108.6814,15.2536],[108.6858,15.1888],[108.6902,15.1239],[108.7579,15.0973],[108.7622,15.0324],[108.8299,15.0059],[108.8341,14.9409],[108.8381,14.8758],[108.9059,14.8493],[108.9098,14.7842],[108.9137,14.719],[108.9814,14.6925],[108.9852,14.6273],[109.0529,14.6007],[109.0566,14.5355],[109.0602,14.4702],[109.1279,14.4437],[109.1314,14.3783],[109.1348,14.313],[109.2025,14.2864],[109.2122,14.09],[109.2799,14.0634],[109.2829,13.9978],[109.2858,13.9322],[109.2181,13.9587],[109.1504,13.9853],[109.1532,13.9196],[109.0855,13.9462],[109.0178,13.9727],[109.0149,14.0384],[108.9472,14.065],[108.9443,14.1306],[108.9413,14.1962],[108.8735,14.2227],[108.8704,14.2883],[108.8672,14.3538],[108.7995,14.3803],[108.7962,14.4458],[108.7928,14.5111],[108.7251,14.5377],[108.7216,14.603],[108.6539,14.6296],[108.6503,14.6949],[108.5826,14.7214],[108.5789,14.7867],[108.5112,14.8132],[108.5074,14.8784],[108.4397,14.905],[108.4358,14.9701],[108.3681,14.9967],[108.3003,15.0232],[108.2964,15.0883],[108.2923,15.1533],[108.2246,15.1799],[108.2204,15.2449],[108.2162,15.3098],[108.1484,15.3364],[108.0807,15.3629],[108.0764,15.4278],[108.0086,15.4544],[108.0042,15.5192],[107.9365,15.5458],[107.9319,15.6106],[107.8642,15.6371],[107.8596,15.7019],[107.7918,15.7284],[107.7871,15.7931],[107.7194,15.8197],[107.7146,15.8843],[107.7096,15.9489],[107.6419,15.9755],[107.6369,16.04],[107.5692,16.0666],[107.564,16.1311],[107.4963,16.1576],[107.4911,16.2221],[107.4234,16.2486],[107.4181,16.313],[107.3504,16.3396],[107.345,16.4039],[107.2772,16.4305],[107.2717,16.4948],[107.204,16.5213],[107.1984,16.5856],[107.1927,16.6498],[106.4478,16.9419],[106.442,17.0061],[106.5097,16.9795],[106.4328,17.7454],[106.3651,17.772],[106.3581,17.8355],[106.2904,17.8621],[106.2832,17.9255],[106.276,17.9889],[106.2083,18.0155],[106.201,18.0788],[106.1333,18.1054],[106.1107,18.2952]]]]}},{"type":"Feature","properties":{"periodId":"tinh-hai-quan","name":"Tĩnh Hải quân","control":"direct","confidence":"medium","height":12000,"color":"#d7a050","geometrySourceId":"khoahoc-45-maps","geometrySourceUrl":"https://e.khoahoc.tv/photos/image/2015/11/27/ban-do-viet-nam-1.jpg","geometrySourcePageUrl":"https://khoahoc.tv/45-tam-ban-do-viet-nam-qua-cac-giai-doan-tu-the-ky-10-phan-1-67140","imageYear":"905","reconstructionMethod":"georeferenced-image-color-trace","precision":"illustrative-trace","georeferenceAccuracyKm":50},"geometry":{"type":"Polygon","coordinates":[[[104.6617,23.9875],[104.7195,23.9648],[104.7774,23.9421],[104.7914,23.8918],[104.8053,23.8414],[104.8632,23.8187],[104.9182,23.6169],[104.9761,23.5942],[104.9896,23.5437],[105.0031,23.4931],[105.061,23.4704],[105.0745,23.4198],[105.306,23.329],[105.3193,23.2783],[105.7245,23.1194],[105.7378,23.0687],[105.7957,23.046],[105.8536,23.0233],[105.9378,22.8992],[105.9957,22.8765],[106.0088,22.8257],[106.0218,22.7748],[105.9639,22.7975],[105.9768,22.7467],[105.9189,22.7694],[106.0322,22.3099],[106.0901,22.2872],[106.1023,22.236],[106.1145,22.1847],[106.2881,22.1166],[106.3002,22.0653],[106.3581,22.0426],[106.416,22.0199],[106.428,21.9686],[106.4859,21.9459],[106.4979,21.8945],[106.5097,21.8431],[106.5676,21.8204],[106.5794,21.769],[106.6373,21.7463],[106.6952,21.7236],[106.7069,21.6721],[106.7648,21.6494],[106.7765,21.5979],[107.1817,21.4389],[107.17,21.4905],[107.2279,21.4678],[107.2161,21.5193],[107.4476,21.4284],[107.4358,21.4799],[107.6095,21.4118],[107.5976,21.4632],[107.6555,21.4405],[107.7134,21.4178],[107.7252,21.3664],[107.6674,21.3891],[107.6792,21.3376],[107.6213,21.3603],[107.633,21.3089],[107.5752,21.3316],[107.5173,21.3543],[107.5289,21.3027],[107.4711,21.3254],[107.4827,21.2739],[107.4248,21.2966],[107.4363,21.245],[107.3784,21.2677],[107.3899,21.2161],[107.2163,21.2842],[107.2277,21.2325],[107.1698,21.2552],[107.1811,21.2035],[107.1232,21.2262],[107.1345,21.1745],[107.0766,21.1972],[107.0878,21.1454],[107.0299,21.1681],[106.972,21.1908],[107.016,20.9833],[106.9582,21.006],[106.9003,21.0287],[106.9111,20.9768],[106.9219,20.9248],[106.6903,21.0156],[106.701,20.9636],[106.238,21.1452],[106.2904,20.8845],[106.2325,20.9072],[106.1746,20.9299],[106.1849,20.8776],[106.1951,20.8253],[106.1372,20.848],[106.1969,20.5336],[106.139,20.5563],[106.1488,20.5037],[106.1584,20.4512],[105.9847,20.5193],[105.9943,20.4667],[105.9364,20.4894],[105.9459,20.4367],[105.9554,20.384],[105.8975,20.4067],[105.8396,20.4294],[105.8489,20.3767],[105.7911,20.3994],[105.8004,20.3467],[105.6267,20.4148],[105.6359,20.362],[105.578,20.3847],[105.5872,20.3318],[105.5963,20.279],[105.5384,20.3017],[105.5652,20.1429],[105.5073,20.1656],[105.5674,19.7937],[105.5095,19.8164],[105.5178,19.7632],[105.526,19.7099],[105.4682,19.7326],[105.4763,19.6792],[105.4844,19.6259],[105.4265,19.6486],[105.4659,19.3811],[105.5238,19.3584],[105.5315,19.3049],[105.5391,19.2512],[105.597,19.2285],[105.6045,19.1749],[105.6624,19.1522],[105.7203,19.1295],[105.7277,19.0758],[105.6698,19.0985],[105.7131,18.7755],[105.771,18.7528],[105.778,18.6988],[105.7849,18.6449],[105.8427,18.6222],[105.8496,18.5681],[105.8563,18.5141],[105.9142,18.4914],[105.9209,18.4373],[105.6894,18.5281],[105.6827,18.5822],[105.6759,18.6362],[105.6181,18.6589],[105.6112,18.713],[105.6043,18.7669],[105.5464,18.7896],[105.5395,18.8436],[105.4816,18.8663],[105.4746,18.9202],[105.4167,18.9429],[105.373,19.2657],[105.1993,19.3338],[105.1918,19.3874],[105.1339,19.4101],[105.1263,19.4638],[105.0684,19.4865],[105.0452,19.6471],[104.8137,19.7379],[104.8058,19.7914],[104.7479,19.8141],[104.74,19.8676],[104.7979,19.8449],[104.7402,20.218],[104.6824,20.2407],[104.6739,20.2938],[104.6653,20.3469],[104.6074,20.3696],[104.5987,20.4227],[104.5409,20.4454],[104.5321,20.4985],[104.4743,20.5212],[104.4387,20.733],[104.4965,20.7103],[104.4691,20.8688],[104.527,20.8461],[104.4894,21.0569],[104.5473,21.0342],[104.5377,21.0868],[104.5281,21.1394],[104.586,21.1167],[104.5763,21.1692],[104.6341,21.1465],[104.5846,21.4086],[104.5267,21.4313],[104.4688,21.454],[104.4587,21.5064],[104.4008,21.5291],[104.3429,21.5518],[104.2594,21.969],[103.9121,22.1052],[103.9013,22.1572],[103.8434,22.1799],[103.8326,22.2319],[103.7059,22.3292],[103.6504,22.5882],[103.5925,22.6109],[103.5583,22.7659],[103.6162,22.7432],[103.6047,22.7948],[103.6626,22.7721],[103.6509,22.8237],[103.8246,22.7556],[103.8129,22.8071],[103.8708,22.7844],[103.8591,22.8359],[103.9169,22.8132],[103.9748,22.7905],[103.963,22.8419],[104.0209,22.8192],[104.009,22.8706],[104.0669,22.8479],[104.0064,23.1045],[104.0643,23.0818],[104.052,23.1329],[104.0396,23.1841],[104.0975,23.1614],[104.085,23.2125],[104.1429,23.1898],[104.2008,23.1671],[104.1883,23.2182],[104.2462,23.1955],[104.2336,23.2466],[104.2915,23.2239],[104.2788,23.2749],[104.6261,23.1387],[104.5617,23.3932],[104.5039,23.4159],[104.4198,23.5401],[104.3619,23.5628],[104.3487,23.6135],[104.3354,23.6642],[104.3932,23.6415],[104.3799,23.6922],[104.4378,23.6695],[104.4956,23.6468],[104.4822,23.6974],[104.5401,23.6747],[104.4857,23.8768],[104.5436,23.8541],[104.5298,23.9045],[104.5877,23.8818],[104.5738,23.9322],[104.6317,23.9095],[104.6178,23.9599],[104.6756,23.9372],[104.6617,23.9875]]]}},{"type":"Feature","properties":{"periodId":"ngo-quyen","name":"Nhà Ngô","control":"direct","confidence":"medium","height":12000,"color":"#d7a050","geometrySourceId":"khoahoc-45-maps","geometrySourceUrl":"https://e.khoahoc.tv/photos/image/2015/11/27/ban-do-viet-nam-5.jpg","geometrySourcePageUrl":"https://khoahoc.tv/45-tam-ban-do-viet-nam-qua-cac-giai-doan-tu-the-ky-10-phan-1-67140","imageYear":"938","reconstructionMethod":"georeferenced-image-color-trace","precision":"illustrative-trace","georeferenceAccuracyKm":50},"geometry":{"type":"Polygon","coordinates":[[[104.6714,23.9837],[104.7294,23.9609],[104.7873,23.9382],[104.8291,23.7871],[104.8871,23.7644],[104.9282,23.613],[104.9862,23.5902],[104.9998,23.5397],[105.0133,23.4891],[105.0712,23.4664],[105.0847,23.4158],[105.3166,23.3248],[105.3299,23.2742],[105.7358,23.115],[105.7491,23.0643],[105.8071,23.0416],[105.865,23.0188],[105.9494,22.8946],[106.0074,22.8719],[106.0205,22.8211],[106.0335,22.7702],[105.9755,22.793],[105.9884,22.7421],[105.9304,22.7649],[106.056,22.2542],[106.1139,22.2315],[106.1261,22.1802],[106.1841,22.1574],[106.2421,22.1347],[106.2542,22.0834],[106.4281,22.0152],[106.4401,21.9639],[106.4981,21.9411],[106.5101,21.8897],[106.5219,21.8383],[106.6497,21.7414],[106.6615,21.6899],[106.7194,21.6672],[106.7774,21.6444],[106.7891,21.5929],[107.1949,21.4337],[107.1833,21.4853],[107.2412,21.4625],[107.2295,21.514],[107.4034,21.4458],[107.3916,21.4972],[107.6235,21.4063],[107.6117,21.4577],[107.6696,21.4349],[107.7276,21.4122],[107.7395,21.3608],[107.6815,21.3835],[107.6933,21.3321],[107.6354,21.3548],[107.5774,21.3776],[107.5891,21.3261],[107.5311,21.3488],[107.5428,21.2973],[107.4848,21.32],[107.4964,21.2685],[107.4385,21.2912],[107.45,21.2396],[107.392,21.2624],[107.4035,21.2107],[107.2295,21.279],[107.2409,21.2273],[107.183,21.25],[107.1943,21.1983],[107.1363,21.2211],[107.1475,21.1693],[107.0896,21.1921],[107.1008,21.1403],[107.0428,21.163],[106.9848,21.1858],[107.0288,20.9783],[106.9708,21.0011],[106.9129,21.0238],[106.9237,20.9718],[106.8657,20.9946],[106.8765,20.9426],[106.7025,21.0108],[106.7132,20.9588],[106.2494,21.1407],[106.3018,20.88],[106.2438,20.9027],[106.1858,20.9255],[106.1961,20.8732],[106.2063,20.8209],[106.1483,20.8437],[106.208,20.5292],[106.15,20.552],[106.1598,20.4994],[106.1018,20.5222],[106.1114,20.4696],[106.0534,20.4923],[105.9955,20.5151],[106.005,20.4625],[105.947,20.4852],[105.9565,20.4326],[105.966,20.3799],[105.908,20.4026],[105.85,20.4254],[105.8594,20.3726],[105.8014,20.3954],[105.8107,20.3426],[105.6367,20.4108],[105.6459,20.358],[105.588,20.3808],[105.5971,20.328],[105.6062,20.2751],[105.5482,20.2978],[105.575,20.139],[105.517,20.1618],[105.5771,19.7899],[105.5191,19.8127],[105.5274,19.7594],[105.5357,19.7061],[105.4777,19.7288],[105.4858,19.6755],[105.4939,19.6221],[105.436,19.6449],[105.4754,19.3775],[105.5333,19.3547],[105.541,19.3011],[105.5486,19.2475],[105.6066,19.2248],[105.6141,19.1711],[105.6721,19.1484],[105.7301,19.1256],[105.7375,19.0719],[105.6796,19.0947],[105.7228,18.7717],[105.7808,18.749],[105.7878,18.695],[105.7947,18.641],[105.8527,18.6183],[105.8595,18.5642],[105.8662,18.5102],[105.9242,18.4874],[105.9309,18.4333],[105.699,18.5243],[105.6923,18.5784],[105.6343,18.6011],[105.6276,18.6552],[105.6207,18.7092],[105.5628,18.732],[105.5559,18.786],[105.5489,18.8399],[105.4909,18.8626],[105.4839,18.9166],[105.4259,18.9393],[105.3822,19.2621],[105.2083,19.3303],[105.2007,19.3839],[105.1427,19.4067],[105.1351,19.4603],[105.0772,19.483],[105.0539,19.6437],[104.822,19.7347],[104.8141,19.7881],[104.7562,19.8109],[104.7482,19.8643],[104.8062,19.8416],[104.7486,20.2147],[104.6906,20.2374],[104.6821,20.2906],[104.6735,20.3437],[104.6155,20.3664],[104.6069,20.4195],[104.5489,20.4423],[104.5402,20.4953],[104.4822,20.5181],[104.4375,20.7827],[104.4955,20.76],[104.4863,20.8128],[104.4771,20.8656],[104.5351,20.8429],[104.4975,21.0537],[104.5555,21.0309],[104.546,21.0836],[104.5363,21.1361],[104.5943,21.1134],[104.5846,21.1659],[104.6426,21.1432],[104.593,21.4053],[104.535,21.4281],[104.477,21.4508],[104.4669,21.5031],[104.4089,21.5259],[104.3509,21.5486],[104.2674,21.9659],[103.9195,22.1023],[103.9087,22.1543],[103.8508,22.177],[103.8399,22.229],[103.782,22.2517],[103.724,22.2745],[103.6462,22.6371],[103.5882,22.6599],[103.5538,22.8148],[103.6118,22.792],[103.6698,22.7693],[103.6582,22.8208],[103.8321,22.7526],[103.8204,22.8041],[103.8784,22.7814],[103.8667,22.8329],[103.9247,22.8102],[103.9826,22.7874],[103.9708,22.8389],[103.9589,22.8903],[104.0169,22.8675],[104.0749,22.8448],[104.0021,23.1525],[104.0601,23.1298],[104.0477,23.1809],[104.1057,23.1582],[104.0933,23.2093],[104.1512,23.1866],[104.2092,23.1638],[104.1967,23.2149],[104.2547,23.1922],[104.2421,23.2432],[104.3001,23.2205],[104.2874,23.2715],[104.6353,23.135],[104.571,23.3896],[104.513,23.4123],[104.4999,23.4631],[104.3708,23.5593],[104.3309,23.7114],[104.5049,23.6432],[104.4914,23.6938],[104.4779,23.7444],[104.5359,23.7216],[104.495,23.8731],[104.553,23.8504],[104.5392,23.9008],[104.5972,23.8781],[104.5833,23.9285],[104.5694,23.9788],[104.6274,23.9561],[104.6854,23.9333],[104.6714,23.9837]]]}},{"type":"Feature","properties":{"periodId":"dai-co-viet","name":"Đại Cồ Việt","control":"direct","confidence":"medium","height":12000,"color":"#d7a050","geometrySourceId":"khoahoc-45-maps","geometrySourceUrl":"https://e.khoahoc.tv/photos/image/2015/11/27/ban-do-viet-nam-9.jpg","geometrySourcePageUrl":"https://khoahoc.tv/45-tam-ban-do-viet-nam-qua-cac-giai-doan-tu-the-ky-10-phan-1-67140","imageYear":"968","reconstructionMethod":"georeferenced-image-color-trace","precision":"illustrative-trace","georeferenceAccuracyKm":50},"geometry":{"type":"Polygon","coordinates":[[[104.6134,24.0064],[104.7873,23.9382],[104.8291,23.7871],[104.8871,23.7644],[104.9282,23.613],[104.9862,23.5902],[104.9998,23.5397],[105.0133,23.4891],[105.0712,23.4664],[105.0847,23.4158],[105.3166,23.3248],[105.3299,23.2742],[105.7358,23.115],[105.7491,23.0643],[105.8071,23.0416],[105.865,23.0188],[105.9494,22.8946],[106.0074,22.8719],[106.0205,22.8211],[105.9625,22.8438],[105.9755,22.793],[105.9884,22.7421],[105.9304,22.7649],[106.0437,22.3054],[106.1017,22.2827],[106.1139,22.2315],[106.1261,22.1802],[106.1841,22.1574],[106.2421,22.1347],[106.2542,22.0834],[106.4281,22.0152],[106.4401,21.9639],[106.4981,21.9411],[106.5101,21.8897],[106.5219,21.8383],[106.6497,21.7414],[106.6615,21.6899],[106.7194,21.6672],[106.7774,21.6444],[106.7891,21.5929],[107.1949,21.4337],[107.1833,21.4853],[107.2412,21.4625],[107.2295,21.514],[107.4034,21.4458],[107.3916,21.4972],[107.6235,21.4063],[107.6117,21.4577],[107.6696,21.4349],[107.7276,21.4122],[107.7395,21.3608],[107.6815,21.3835],[107.6933,21.3321],[107.6354,21.3548],[107.5774,21.3776],[107.5891,21.3261],[107.5311,21.3488],[107.5428,21.2973],[107.4848,21.32],[107.4964,21.2685],[107.4385,21.2912],[107.45,21.2396],[107.392,21.2624],[107.4035,21.2107],[107.2295,21.279],[107.2409,21.2273],[107.183,21.25],[107.1943,21.1983],[107.1363,21.2211],[107.1475,21.1693],[107.0896,21.1921],[107.1008,21.1403],[107.0428,21.163],[106.9848,21.1858],[107.0288,20.9783],[106.9708,21.0011],[106.9129,21.0238],[106.9237,20.9718],[106.8657,20.9946],[106.8765,20.9426],[106.7025,21.0108],[106.7132,20.9588],[106.2494,21.1407],[106.3018,20.88],[106.2438,20.9027],[106.2541,20.8505],[106.1961,20.8732],[106.2063,20.8209],[106.1483,20.8437],[106.208,20.5292],[106.15,20.552],[106.1598,20.4994],[106.1018,20.5222],[106.1114,20.4696],[106.0534,20.4923],[105.9955,20.5151],[106.005,20.4625],[105.947,20.4852],[105.9565,20.4326],[105.8986,20.4553],[105.8406,20.478],[105.85,20.4254],[105.792,20.4481],[105.8014,20.3954],[105.7434,20.4181],[105.7527,20.3654],[105.5787,20.4336],[105.6152,20.2222],[105.5572,20.2449],[105.5661,20.192],[105.5082,20.2147],[105.5518,19.9495],[105.4938,19.9722],[105.5357,19.7061],[105.4777,19.7288],[105.4858,19.6755],[105.4939,19.6221],[105.436,19.6449],[105.4754,19.3775],[105.5333,19.3547],[105.541,19.3011],[105.599,19.2784],[105.6066,19.2248],[105.6141,19.1711],[105.6721,19.1484],[105.7301,19.1256],[105.7375,19.0719],[105.6796,19.0947],[105.7228,18.7717],[105.7808,18.749],[105.7878,18.695],[105.7947,18.641],[105.8527,18.6183],[105.8595,18.5642],[105.8662,18.5102],[105.9242,18.4874],[105.9309,18.4333],[105.699,18.5243],[105.6923,18.5784],[105.6343,18.6011],[105.6138,18.7632],[105.5559,18.786],[105.5489,18.8399],[105.4909,18.8626],[105.4839,18.9166],[105.4259,18.9393],[105.3897,19.2084],[105.3317,19.2311],[105.3242,19.2848],[105.2662,19.3075],[105.2083,19.3303],[105.2007,19.3839],[105.1427,19.4067],[105.0848,19.4294],[105.0618,19.5902],[105.0038,19.6129],[104.996,19.6664],[104.822,19.7347],[104.8141,19.7881],[104.7562,19.8109],[104.7482,19.8643],[104.8062,19.8416],[104.7486,20.2147],[104.6906,20.2374],[104.6821,20.2906],[104.6735,20.3437],[104.6155,20.3664],[104.6069,20.4195],[104.5489,20.4423],[104.5402,20.4953],[104.4822,20.5181],[104.4466,20.7299],[104.5046,20.7071],[104.4771,20.8656],[104.5351,20.8429],[104.4975,21.0537],[104.5555,21.0309],[104.546,21.0836],[104.5363,21.1361],[104.5943,21.1134],[104.5846,21.1659],[104.6426,21.1432],[104.593,21.4053],[104.535,21.4281],[104.477,21.4508],[104.4669,21.5031],[104.4089,21.5259],[104.3509,21.5486],[104.2674,21.9659],[103.9775,22.0796],[103.9667,22.1316],[103.9087,22.1543],[103.8508,22.177],[103.8399,22.229],[103.782,22.2517],[103.724,22.2745],[103.6575,22.5854],[103.5995,22.6082],[103.5538,22.8148],[103.6118,22.792],[103.6698,22.7693],[103.6582,22.8208],[103.8321,22.7526],[103.8204,22.8041],[103.8784,22.7814],[103.8667,22.8329],[103.9247,22.8102],[103.9826,22.7874],[103.9708,22.8389],[104.0288,22.8161],[104.0169,22.8675],[104.0749,22.8448],[104.0021,23.1525],[104.0601,23.1298],[104.0477,23.1809],[104.0353,23.232],[104.2092,23.1638],[104.1967,23.2149],[104.1841,23.266],[104.2421,23.2432],[104.2294,23.2942],[104.6353,23.135],[104.571,23.3896],[104.513,23.4123],[104.4999,23.4631],[104.3708,23.5593],[104.3576,23.6101],[104.3443,23.6607],[104.4023,23.638],[104.3889,23.6886],[104.4469,23.6659],[104.5049,23.6432],[104.4914,23.6938],[104.5494,23.671],[104.495,23.8731],[104.553,23.8504],[104.5392,23.9008],[104.5972,23.8781],[104.5833,23.9285],[104.6413,23.9057],[104.6274,23.9561],[104.6134,24.0064]]]}},{"type":"Feature","properties":{"periodId":"dai-viet-1069","name":"Đại Việt thời Lý","control":"direct","confidence":"medium","height":12000,"color":"#d7a050","geometrySourceId":"khoahoc-45-maps","geometrySourceUrl":"https://e.khoahoc.tv/photos/image/2015/11/27/ban-do-viet-nam-15.jpg","geometrySourcePageUrl":"https://khoahoc.tv/45-tam-ban-do-viet-nam-qua-cac-giai-doan-tu-the-ky-10-phan-1-67140","imageYear":"1069","reconstructionMethod":"georeferenced-image-color-trace","precision":"illustrative-trace","georeferenceAccuracyKm":50},"geometry":{"type":"Polygon","coordinates":[[[103.7742,24.0204],[103.9034,23.9244],[103.9168,23.8738],[103.9302,23.8231],[104.3354,23.6642],[104.322,23.7149],[104.4956,23.6468],[104.4822,23.6974],[104.5401,23.6747],[104.5266,23.7253],[104.7581,23.6345],[104.8429,23.5106],[105.306,23.329],[105.3193,23.2783],[105.7245,23.1194],[105.7378,23.0687],[105.7957,23.046],[105.8536,23.0233],[105.9378,22.8992],[105.9957,22.8765],[106.0088,22.8257],[106.0218,22.7748],[105.9639,22.7975],[105.9768,22.7467],[105.9189,22.7694],[106.0322,22.3099],[106.0901,22.2872],[106.1023,22.236],[106.1145,22.1847],[106.2881,22.1166],[106.3002,22.0653],[106.3581,22.0426],[106.416,22.0199],[106.428,21.9686],[106.4859,21.9459],[106.4979,21.8945],[106.5097,21.8431],[106.6373,21.7463],[106.6491,21.6948],[106.7069,21.6721],[106.7648,21.6494],[106.7765,21.5979],[107.1817,21.4389],[107.17,21.4905],[107.2279,21.4678],[107.2857,21.4451],[107.274,21.4966],[107.4476,21.4284],[107.4358,21.4799],[107.6095,21.4118],[107.5976,21.4632],[107.6555,21.4405],[107.7134,21.4178],[107.7252,21.3664],[107.6674,21.3891],[107.6792,21.3376],[107.6213,21.3603],[107.633,21.3089],[107.5752,21.3316],[107.5173,21.3543],[107.5289,21.3027],[107.4711,21.3254],[107.4827,21.2739],[107.4248,21.2966],[107.4363,21.245],[107.3784,21.2677],[107.3899,21.2161],[107.2163,21.2842],[107.2277,21.2325],[107.239,21.1808],[107.1811,21.2035],[107.1923,21.1518],[107.1345,21.1745],[107.0766,21.1972],[107.0878,21.1454],[106.8562,21.2362],[106.9111,20.9768],[106.8532,20.9995],[106.864,20.9475],[106.6903,21.0156],[106.701,20.9636],[106.238,21.1452],[106.2904,20.8845],[106.2325,20.9072],[106.2428,20.8549],[106.1849,20.8776],[106.1951,20.8253],[106.1372,20.848],[106.1969,20.5336],[106.139,20.5563],[106.1488,20.5037],[106.0909,20.5264],[106.1005,20.4739],[106.0426,20.4966],[105.9847,20.5193],[105.9943,20.4667],[106.0038,20.414],[105.9459,20.4367],[105.9554,20.384],[105.8975,20.4067],[105.8396,20.4294],[105.8489,20.3767],[105.6753,20.4448],[105.6846,20.3921],[105.6267,20.4148],[105.5688,20.4375],[105.6053,20.2261],[105.5474,20.2488],[105.5563,20.1958],[105.5652,20.1429],[105.5073,20.1656],[105.5674,19.7937],[105.5095,19.8164],[105.5178,19.7632],[105.526,19.7099],[105.4682,19.7326],[105.4763,19.6792],[105.4844,19.6259],[105.4265,19.6486],[105.4659,19.3811],[105.5238,19.3584],[105.5315,19.3049],[105.5894,19.2822],[105.597,19.2285],[105.6045,19.1749],[105.6624,19.1522],[105.7203,19.1295],[105.7277,19.0758],[105.6698,19.0985],[105.7131,18.7755],[105.771,18.7528],[105.778,18.6988],[105.7849,18.6449],[105.8427,18.6222],[105.8496,18.5681],[105.8563,18.5141],[105.9142,18.4914],[105.9209,18.4373],[105.9788,18.4146],[105.9854,18.3604],[106.0433,18.3377],[106.1012,18.315],[106.1077,18.2609],[106.2813,18.1927],[106.2878,18.1385],[106.3457,18.1158],[106.4036,18.0931],[106.41,18.0389],[106.4679,18.0162],[106.5107,17.6355],[106.5686,17.6128],[106.5745,17.5582],[106.6323,17.5355],[106.6381,17.481],[106.696,17.4583],[106.7017,17.4036],[106.7596,17.3809],[106.7652,17.3263],[106.8231,17.3036],[106.881,17.2809],[106.8865,17.2262],[106.9444,17.2035],[107.0023,17.1808],[107.0078,17.1261],[107.0657,17.1034],[107.0711,17.0486],[107.129,17.0259],[107.1343,16.9711],[107.1922,16.9484],[107.1975,16.8936],[107.2027,16.8388],[107.2606,16.8161],[107.3185,16.7934],[107.3337,16.6286],[107.2758,16.6513],[107.2179,16.674],[107.2228,16.6189],[107.0492,16.687],[107.0541,16.632],[107.0589,16.5769],[107.001,16.5996],[107.0057,16.5445],[106.7742,16.6353],[106.7788,16.5802],[106.7209,16.6029],[106.7163,16.658],[106.7116,16.7131],[106.6537,16.7358],[106.629,17.0109],[106.5712,17.0336],[106.566,17.0885],[106.5081,17.1112],[106.5029,17.166],[106.445,17.1887],[106.4398,17.2436],[106.4344,17.2983],[106.3765,17.321],[106.3711,17.3758],[106.3132,17.3985],[106.3077,17.4532],[106.2499,17.4759],[106.192,17.4986],[106.1864,17.5533],[106.1285,17.576],[106.1229,17.6306],[106.065,17.6533],[106.0418,17.8716],[105.9839,17.8943],[105.9779,17.9487],[105.9719,18.0032],[105.914,18.0259],[105.9079,18.0802],[105.85,18.1029],[105.8438,18.1573],[105.7859,18.18],[105.7796,18.2343],[105.7218,18.257],[105.7154,18.3113],[105.6575,18.334],[105.6511,18.3882],[105.5933,18.4109],[105.5354,18.4336],[105.5289,18.4879],[105.471,18.5106],[105.4645,18.5647],[105.4579,18.6189],[105.4,18.6416],[105.3933,18.6957],[105.3354,18.7184],[105.3286,18.7724],[105.155,18.8405],[105.1482,18.8946],[105.1413,18.9486],[105.0834,18.9713],[105.0764,19.0252],[105.0186,19.0479],[105.0115,19.1018],[104.9536,19.1245],[104.9024,19.5009],[104.8445,19.5236],[104.7866,19.5463],[104.779,19.6],[104.4896,19.7135],[104.482,19.7671],[104.4241,19.7898],[104.4163,19.8433],[104.4085,19.8968],[104.3507,19.9195],[104.3428,19.973],[104.3348,20.0265],[104.3927,20.0038],[104.3847,20.0572],[104.4426,20.0345],[104.4345,20.0878],[104.4924,20.0651],[104.4423,20.3846],[104.3845,20.4073],[104.3759,20.4604],[104.3672,20.5135],[104.3093,20.5362],[104.3006,20.5893],[104.2918,20.6423],[104.3497,20.6196],[104.3408,20.6726],[104.3987,20.6499],[104.3898,20.7028],[104.4477,20.6801],[104.4387,20.733],[104.4965,20.7103],[104.4691,20.8688],[104.527,20.8461],[104.4989,21.0042],[104.5568,20.9815],[104.5281,21.1394],[104.586,21.1167],[104.5763,21.1692],[104.6341,21.1465],[104.5846,21.4086],[104.5267,21.4313],[104.4688,21.454],[104.4587,21.5064],[104.4008,21.5291],[104.3429,21.5518],[104.2594,21.969],[103.9121,22.1052],[103.9013,22.1572],[103.8434,22.1799],[103.8326,22.2319],[103.7747,22.2546],[103.7168,22.2773],[103.6504,22.5882],[103.5925,22.6109],[103.5468,22.8175],[103.7204,22.7494],[103.7088,22.801],[103.7667,22.7783],[103.8246,22.7556],[103.8129,22.8071],[103.8708,22.7844],[103.8591,22.8359],[103.9169,22.8132],[103.9748,22.7905],[103.963,22.8419],[104.0209,22.8192],[103.9485,23.1272],[103.8906,23.1499],[103.8328,23.1726],[103.8205,23.2237],[103.6923,23.3203],[103.6799,23.3714],[103.6674,23.4225],[103.539,23.519],[103.488,23.7228],[103.4301,23.7455],[103.4171,23.7964],[103.3593,23.8191],[103.3014,23.8418],[103.2884,23.8926],[103.2753,23.9434],[103.2174,23.9661],[103.2043,24.0168],[103.2621,23.9941],[103.32,23.9714],[103.3068,24.0222],[103.3647,23.9995],[103.4226,23.9768],[103.4093,24.0274],[103.4672,24.0047],[103.525,23.982],[103.5117,24.0327],[103.5696,24.01],[103.6274,23.9873],[103.614,24.0379],[103.7877,23.9698],[103.7742,24.0204]]]}},{"type":"Feature","properties":{"periodId":"dai-viet-1306","name":"Đại Việt thời Trần","control":"direct","confidence":"medium","height":12000,"color":"#d7a050","geometrySourceId":"khoahoc-45-maps","geometrySourceUrl":"https://e.khoahoc.tv/photos/image/2015/11/27/ban-do-viet-nam-18.jpg","geometrySourcePageUrl":"https://khoahoc.tv/45-tam-ban-do-viet-nam-qua-cac-giai-doan-tu-the-ky-10-phan-1-67140","imageYear":"1306","reconstructionMethod":"georeferenced-image-color-trace","precision":"illustrative-trace","georeferenceAccuracyKm":50},"geometry":{"type":"Polygon","coordinates":[[[104.4415,23.849],[104.6152,23.7809],[104.6288,23.7304],[104.8024,23.6623],[104.8874,23.5385],[105.3504,23.3569],[105.3639,23.3063],[105.769,23.1474],[105.7824,23.0967],[105.8403,23.074],[105.8981,23.0513],[105.9114,23.0006],[105.9693,22.9779],[106.0272,22.9552],[106.0796,22.7521],[106.0218,22.7748],[106.0347,22.724],[105.9768,22.7467],[105.9897,22.6958],[106.0025,22.6448],[105.9446,22.6675],[106.0075,22.4123],[106.0654,22.3896],[106.1145,22.1847],[106.2881,22.1166],[106.3002,22.0653],[106.3581,22.0426],[106.416,22.0199],[106.428,21.9686],[106.4859,21.9459],[106.4979,21.8945],[106.5097,21.8431],[106.5676,21.8204],[106.5794,21.769],[106.6373,21.7463],[106.6952,21.7236],[106.7069,21.6721],[106.7648,21.6494],[106.8227,21.6267],[106.8344,21.5752],[107.1817,21.4389],[107.17,21.4905],[107.2279,21.4678],[107.2161,21.5193],[107.3898,21.4511],[107.378,21.5026],[107.6095,21.4118],[107.5976,21.4632],[107.6555,21.4405],[107.7134,21.4178],[107.7252,21.3664],[107.6674,21.3891],[107.6792,21.3376],[107.6213,21.3603],[107.633,21.3089],[107.5752,21.3316],[107.5173,21.3543],[107.5289,21.3027],[107.4711,21.3254],[107.4827,21.2739],[107.4248,21.2966],[107.4363,21.245],[107.3784,21.2677],[107.3899,21.2161],[107.2163,21.2842],[107.2277,21.2325],[107.239,21.1808],[107.1811,21.2035],[107.1923,21.1518],[107.1345,21.1745],[107.1456,21.1227],[106.972,21.1908],[107.016,20.9833],[106.9582,21.006],[106.9003,21.0287],[106.9111,20.9768],[106.8532,20.9995],[106.864,20.9475],[106.6903,21.0156],[106.701,20.9636],[106.238,21.1452],[106.2904,20.8845],[106.2325,20.9072],[106.2428,20.8549],[106.1849,20.8776],[106.1951,20.8253],[106.1372,20.848],[106.1969,20.5336],[106.139,20.5563],[106.1488,20.5037],[106.0909,20.5264],[106.1005,20.4739],[106.0426,20.4966],[105.9847,20.5193],[105.9943,20.4667],[105.9364,20.4894],[105.9459,20.4367],[105.9554,20.384],[105.8975,20.4067],[105.8396,20.4294],[105.8489,20.3767],[105.7911,20.3994],[105.7332,20.4221],[105.7425,20.3694],[105.6846,20.3921],[105.6267,20.4148],[105.6359,20.362],[105.578,20.3847],[105.6053,20.2261],[105.5474,20.2488],[105.5563,20.1958],[105.5652,20.1429],[105.5073,20.1656],[105.5674,19.7937],[105.5095,19.8164],[105.5178,19.7632],[105.526,19.7099],[105.4682,19.7326],[105.4763,19.6792],[105.4844,19.6259],[105.4265,19.6486],[105.4659,19.3811],[105.5238,19.3584],[105.5315,19.3049],[105.5391,19.2512],[105.597,19.2285],[105.6045,19.1749],[105.6624,19.1522],[105.7203,19.1295],[105.7277,19.0758],[105.6698,19.0985],[105.7131,18.7755],[105.771,18.7528],[105.778,18.6988],[105.7849,18.6449],[105.8427,18.6222],[105.8496,18.5681],[105.8563,18.5141],[105.9142,18.4914],[105.9209,18.4373],[105.9788,18.4146],[105.9854,18.3604],[106.0433,18.3377],[106.1012,18.315],[106.1077,18.2609],[106.2813,18.1927],[106.2878,18.1385],[106.3457,18.1158],[106.4036,18.0931],[106.41,18.0389],[106.4679,18.0162],[106.5107,17.6355],[106.5686,17.6128],[106.5745,17.5582],[106.6323,17.5355],[106.6381,17.481],[106.696,17.4583],[106.7017,17.4036],[106.7596,17.3809],[106.7652,17.3263],[106.8231,17.3036],[106.881,17.2809],[106.8865,17.2262],[106.9444,17.2035],[107.0023,17.1808],[107.0078,17.1261],[107.0657,17.1034],[107.1236,17.0807],[107.129,17.0259],[107.1343,16.9711],[107.1922,16.9484],[107.1975,16.8936],[107.2554,16.8709],[107.2606,16.8161],[107.3185,16.7934],[107.3386,16.5735],[107.5701,16.4827],[107.575,16.4277],[107.6329,16.405],[107.6377,16.3499],[107.6955,16.3272],[107.7003,16.2721],[107.7581,16.2494],[107.7628,16.1942],[107.8207,16.1715],[107.8253,16.1164],[107.8831,16.0937],[107.941,16.071],[107.9455,16.0157],[108.0034,15.993],[108.0613,15.9703],[108.0657,15.9151],[108.1236,15.8924],[108.128,15.8371],[108.1323,15.7817],[108.3638,15.6909],[108.368,15.6356],[108.3722,15.5801],[108.3143,15.6028],[108.3184,15.5474],[108.2605,15.5701],[108.2026,15.5928],[108.2066,15.5373],[108.1488,15.56],[108.1527,15.5045],[108.0948,15.5272],[108.0987,15.4717],[107.5199,15.6987],[107.516,15.7542],[107.4581,15.7769],[107.4542,15.8324],[107.3963,15.8551],[107.3923,15.9106],[107.3344,15.9333],[107.2765,15.956],[107.2725,16.0115],[107.2146,16.0342],[107.2104,16.0896],[107.0368,16.1577],[107.0325,16.213],[107.0282,16.2684],[106.9704,16.2911],[106.9125,16.3138],[106.9081,16.3691],[106.8502,16.3918],[106.8458,16.447],[106.7879,16.4697],[106.7834,16.525],[106.7788,16.5802],[106.7209,16.6029],[106.6631,16.6256],[106.629,17.0109],[106.5712,17.0336],[106.566,17.0885],[106.5081,17.1112],[106.5029,17.166],[106.445,17.1887],[106.4398,17.2436],[106.4344,17.2983],[106.3765,17.321],[106.3711,17.3758],[106.3132,17.3985],[106.3077,17.4532],[106.2499,17.4759],[106.192,17.4986],[106.1864,17.5533],[106.1285,17.576],[106.1229,17.6306],[106.065,17.6533],[106.0593,17.708],[106.0014,17.7307],[105.9719,18.0032],[105.914,18.0259],[105.9079,18.0802],[105.85,18.1029],[105.8438,18.1573],[105.7859,18.18],[105.7796,18.2343],[105.7733,18.2886],[105.7154,18.3113],[105.6575,18.334],[105.6511,18.3882],[105.5933,18.4109],[105.5868,18.4652],[105.5289,18.4879],[105.5223,18.542],[105.4645,18.5647],[105.4579,18.6189],[105.4,18.6416],[105.3933,18.6957],[105.3354,18.7184],[105.2775,18.7411],[105.2708,18.7951],[105.2129,18.8178],[105.155,18.8405],[105.1482,18.8946],[105.0903,18.9173],[105.0834,18.9713],[105.0764,19.0252],[105.0186,19.0479],[105.0115,19.1018],[104.9536,19.1245],[104.9024,19.5009],[104.8445,19.5236],[104.7866,19.5463],[104.779,19.6],[104.5475,19.6908],[104.5398,19.7444],[104.482,19.7671],[104.4241,19.7898],[104.4163,19.8433],[104.4085,19.8968],[104.3507,19.9195],[104.3428,19.973],[104.3348,20.0265],[104.3927,20.0038],[104.3847,20.0572],[104.4426,20.0345],[104.4345,20.0878],[104.4924,20.0651],[104.4337,20.4377],[104.3759,20.4604],[104.3672,20.5135],[104.3093,20.5362],[104.3006,20.5893],[104.2918,20.6423],[104.3497,20.6196],[104.3408,20.6726],[104.3987,20.6499],[104.3898,20.7028],[104.4477,20.6801],[104.4387,20.733],[104.4965,20.7103],[104.4875,20.7632],[104.4783,20.816],[104.5362,20.7933],[104.4989,21.0042],[104.5568,20.9815],[104.5281,21.1394],[104.586,21.1167],[104.5763,21.1692],[104.6341,21.1465],[104.5846,21.4086],[104.5267,21.4313],[104.4688,21.454],[104.4587,21.5064],[104.4008,21.5291],[104.3429,21.5518],[104.2594,21.969],[103.9121,22.1052],[103.9013,22.1572],[103.8434,22.1799],[103.8326,22.2319],[103.7747,22.2546],[103.7168,22.2773],[103.7059,22.3292],[103.6481,22.3519],[103.6371,22.4038],[103.5792,22.4265],[103.5213,22.4492],[103.5103,22.501],[103.4524,22.5237],[103.4413,22.5755],[103.4301,22.6273],[103.3722,22.65],[103.361,22.7017],[103.3031,22.7244],[103.2918,22.7761],[103.2339,22.7988],[103.2225,22.8505],[103.0489,22.9186],[103.0374,22.9702],[102.9795,22.9929],[102.968,23.0445],[102.9101,23.0672],[102.8985,23.1188],[102.8406,23.1415],[102.7827,23.1642],[102.7711,23.2157],[102.7132,23.2384],[102.7014,23.2899],[102.6896,23.3413],[102.6317,23.364],[102.5347,23.7743],[102.4768,23.797],[102.4644,23.8481],[102.4065,23.8708],[102.3235,23.9957],[102.3814,23.973],[102.3687,24.024],[102.4266,24.0013],[102.4845,23.9786],[102.4718,24.0296],[102.5297,24.0069],[102.5875,23.9842],[102.5747,24.0351],[102.6326,24.0124],[102.6905,23.9897],[102.6776,24.0406],[102.967,23.9271],[102.9541,23.978],[102.9411,24.0288],[102.999,24.0061],[103.0568,23.9834],[103.0438,24.0342],[103.1016,24.0115],[103.1595,23.9888],[103.1464,24.0395],[103.32,23.9714],[103.3068,24.0222],[103.3647,23.9995],[103.4226,23.9768],[103.4093,24.0274],[103.4672,24.0047],[103.525,23.982],[103.5117,24.0327],[103.5696,24.01],[103.6274,23.9873],[103.614,24.0379],[103.7877,23.9698],[103.7742,24.0204],[104.0057,23.9296],[104.0192,23.879],[104.3665,23.7428],[104.353,23.7934],[104.4108,23.7707],[104.3973,23.8212],[104.4551,23.7985],[104.4415,23.849]]]}},{"type":"Feature","properties":{"periodId":"minh-thuoc","name":"Giao Chỉ thuộc Minh","control":"autonomous","confidence":"medium","height":12000,"color":"#9a8261","geometrySourceId":"khoahoc-45-maps","geometrySourceUrl":"https://e.khoahoc.tv/photos/image/2015/11/28/ban-do-viet-nam-21.jpg","geometrySourcePageUrl":"https://khoahoc.tv/45-tam-ban-do-viet-nam-qua-cac-giai-doan-tu-the-ky-10-phan-1-67140","imageYear":"1407","reconstructionMethod":"georeferenced-image-boundary-trace","precision":"illustrative-trace","georeferenceAccuracyKm":50},"geometry":{"type":"Polygon","coordinates":[[[104.4687,23.748],[105.5106,23.3394],[105.5241,23.2888],[106.1608,23.0391],[106.1742,22.9885],[106.4057,22.8977],[106.4191,22.847],[106.6506,22.7562],[106.6639,22.7055],[106.8954,22.6147],[106.9086,22.564],[107.0823,22.4959],[107.0954,22.4451],[107.1533,22.4224],[107.2112,22.3997],[107.2242,22.3489],[107.2821,22.3262],[107.34,22.3035],[107.353,22.2527],[107.4109,22.23],[107.4688,22.2073],[107.5525,22.0828],[107.6103,22.0601],[107.6682,22.0374],[107.681,21.9865],[107.7389,21.9638],[107.7968,21.9411],[107.8095,21.8901],[107.8674,21.8674],[107.9667,21.4583],[107.9088,21.481],[107.8509,21.5037],[107.863,21.4524],[107.8051,21.4751],[107.8172,21.4238],[107.7593,21.4465],[107.7712,21.3951],[107.7134,21.4178],[107.7252,21.3664],[107.6674,21.3891],[107.6792,21.3376],[107.6213,21.3603],[107.633,21.3089],[107.5752,21.3316],[107.5173,21.3543],[107.5289,21.3027],[107.4711,21.3254],[107.4827,21.2739],[107.4248,21.2966],[107.3669,21.3193],[107.3784,21.2677],[107.3206,21.2904],[107.2627,21.3131],[107.2741,21.2615],[107.2163,21.2842],[107.1584,21.3069],[107.1698,21.2552],[107.1119,21.2779],[107.1232,21.2262],[107.0653,21.2489],[107.0075,21.2716],[107.0187,21.2199],[106.9608,21.2426],[106.9029,21.2653],[106.9141,21.2135],[106.8562,21.2362],[106.7984,21.2589],[106.8095,21.2071],[106.7516,21.2298],[106.6937,21.2525],[106.7048,21.2006],[106.6469,21.2233],[106.589,21.246],[106.6,21.1942],[106.4263,21.2623],[106.4372,21.2103],[106.3793,21.233],[106.3902,21.1811],[106.3323,21.2038],[106.2744,21.2265],[106.2852,21.1745],[106.2273,21.1972],[106.238,21.1452],[106.1801,21.1679],[106.1907,21.1158],[106.1328,21.1385],[106.075,21.1612],[106.0855,21.1091],[106.0276,21.1318],[106.0381,21.0797],[105.9802,21.1024],[105.9906,21.0502],[106.001,20.998],[105.9431,21.0207],[105.9534,20.9684],[105.8955,20.9911],[105.9057,20.9388],[105.8478,20.9615],[105.8579,20.9092],[105.868,20.8569],[105.8101,20.8796],[105.8201,20.8272],[105.7622,20.8499],[105.7721,20.7974],[105.782,20.745],[105.7241,20.7677],[105.7339,20.7152],[105.7436,20.6626],[105.6857,20.6853],[105.7144,20.5275],[105.6565,20.5502],[105.666,20.4975],[105.6753,20.4448],[105.6174,20.4675],[105.6267,20.4148],[105.6359,20.362],[105.578,20.3847],[105.7398,19.3747],[105.7977,19.352],[105.8055,19.2985],[105.8132,19.2449],[105.7553,19.2676],[105.763,19.2141],[105.7706,19.1604],[105.7127,19.1831],[105.7203,19.1295],[105.7277,19.0758],[105.6698,19.0985],[105.7131,18.7755],[105.771,18.7528],[105.778,18.6988],[105.7849,18.6449],[105.8427,18.6222],[105.8496,18.5681],[105.8563,18.5141],[105.9142,18.4914],[105.9209,18.4373],[105.9788,18.4146],[105.9854,18.3604],[106.0433,18.3377],[106.1012,18.315],[106.1077,18.2609],[106.2813,18.1927],[106.2878,18.1385],[106.3457,18.1158],[106.4036,18.0931],[106.41,18.0389],[106.4163,17.9846],[106.4742,17.9619],[106.5107,17.6355],[106.5686,17.6128],[106.5745,17.5582],[106.6323,17.5355],[106.6381,17.481],[106.696,17.4583],[106.7017,17.4036],[106.7596,17.3809],[106.7652,17.3263],[106.8231,17.3036],[106.881,17.2809],[106.8865,17.2262],[106.9444,17.2035],[106.9499,17.1488],[106.9553,17.094],[107.0132,17.0713],[107.0186,17.0166],[107.0239,16.9617],[107.0817,16.939],[107.0869,16.8842],[107.1448,16.8615],[107.15,16.8066],[107.155,16.7516],[107.2129,16.7289],[107.2179,16.674],[107.2228,16.6189],[107.2807,16.5962],[107.2856,16.5412],[107.3435,16.5185],[107.3576,16.3531],[107.2997,16.3758],[107.2419,16.3985],[107.2464,16.3434],[107.1886,16.3661],[107.1307,16.3888],[107.1352,16.3335],[107.0773,16.3562],[107.0194,16.3789],[107.0149,16.4342],[106.957,16.4569],[106.9525,16.5121],[106.9478,16.5672],[106.8899,16.5899],[106.8852,16.645],[106.8273,16.6677],[106.8225,16.7228],[106.8177,16.7778],[106.7598,16.8006],[106.7549,16.8556],[106.7499,16.9105],[106.692,16.9332],[106.6869,16.9882],[106.6818,17.0431],[106.6239,17.0658],[106.6187,17.1206],[106.6134,17.1755],[106.5555,17.1982],[106.5502,17.2529],[106.4923,17.2756],[106.4869,17.3304],[106.4814,17.3851],[106.4235,17.4078],[106.4179,17.4625],[106.3601,17.4852],[106.3544,17.5398],[106.3487,17.5945],[106.2908,17.6172],[106.2851,17.6717],[106.2272,17.6944],[106.2213,17.749],[106.2154,17.8035],[106.1575,17.8262],[106.1516,17.8806],[106.1455,17.9351],[106.0876,17.9578],[106.0815,18.0121],[106.0236,18.0348],[106.0174,18.0892],[106.0112,18.1435],[105.9533,18.1662],[105.9469,18.2205],[105.8891,18.2432],[105.8827,18.2974],[105.8762,18.3517],[105.8183,18.3744],[105.8118,18.4285],[105.7539,18.4512],[105.7473,18.5054],[105.7406,18.5595],[105.6827,18.5822],[105.6759,18.6362],[105.6181,18.6589],[105.6112,18.713],[105.5533,18.7357],[105.5464,18.7896],[105.5395,18.8436],[105.4816,18.8663],[105.4746,18.9202],[105.4167,18.9429],[105.4096,18.9968],[105.4024,19.0506],[105.3445,19.0733],[105.3373,19.1272],[105.2794,19.1499],[105.2721,19.2036],[105.2142,19.2263],[105.2068,19.2801],[105.1993,19.3338],[105.1415,19.3565],[105.1339,19.4101],[105.076,19.4328],[105.0684,19.4865],[105.0106,19.5092],[105.0029,19.5628],[104.945,19.5855],[104.9373,19.639],[104.9295,19.6925],[104.8716,19.7152],[104.8637,19.7687],[104.8058,19.7914],[104.7979,19.8449],[104.74,19.8676],[104.732,19.921],[104.7239,19.9743],[104.666,19.997],[104.6578,20.0504],[104.6496,20.1037],[104.5917,20.1264],[104.5834,20.1796],[104.575,20.2329],[104.5172,20.2556],[104.5087,20.3088],[104.5002,20.3619],[104.4423,20.3846],[104.4337,20.4377],[104.4251,20.4908],[104.3672,20.5135],[104.3585,20.5666],[104.3006,20.5893],[104.2918,20.6423],[104.283,20.6953],[104.2251,20.718],[104.2161,20.7709],[104.2071,20.8238],[104.1493,20.8465],[104.1402,20.8994],[104.131,20.9522],[104.0732,20.9749],[104.0639,21.0277],[104.0547,21.0804],[103.9968,21.1031],[103.9874,21.1559],[103.978,21.2085],[103.9201,21.2312],[103.9106,21.2839],[103.901,21.3365],[103.8432,21.3592],[103.8335,21.4118],[103.8238,21.4643],[103.7659,21.487],[103.7562,21.5395],[103.7463,21.592],[103.6884,21.6147],[103.6785,21.6671],[103.6685,21.7195],[103.6106,21.7422],[103.6006,21.7945],[103.5905,21.8469],[103.5326,21.8696],[103.5224,21.9219],[103.5121,21.9741],[103.4542,21.9968],[103.4439,22.049],[103.4335,22.1012],[103.3756,22.1239],[103.3651,22.176],[103.3546,22.2281],[103.2967,22.2508],[103.2861,22.3029],[103.2754,22.3549],[103.2175,22.3776],[103.2067,22.4296],[103.1959,22.4816],[103.138,22.5043],[103.1271,22.5562],[103.1162,22.6081],[103.0583,22.6308],[103.0472,22.6826],[103.0361,22.7344],[102.9782,22.7571],[102.9445,22.9123],[102.8866,22.935],[102.8752,22.9867],[102.8638,23.0383],[102.8059,23.061],[102.7943,23.1126],[102.7827,23.1642],[102.7249,23.1869],[102.7132,23.2384],[102.7014,23.2899],[102.6436,23.3126],[102.6079,23.4668],[102.55,23.4895],[102.538,23.5409],[102.5259,23.5922],[102.468,23.6149],[102.3687,24.024],[102.4266,24.0013],[102.4845,23.9786],[102.4718,24.0296],[102.5297,24.0069],[102.5875,23.9842],[102.5747,24.0351],[102.6326,24.0124],[102.6905,23.9897],[102.6776,24.0406],[102.8513,23.9725],[102.8383,24.0234],[102.8962,24.0007],[102.9541,23.978],[102.9411,24.0288],[102.999,24.0061],[103.0568,23.9834],[103.0438,24.0342],[103.1016,24.0115],[103.1595,23.9888],[103.1464,24.0395],[103.32,23.9714],[103.3068,24.0222],[103.3647,23.9995],[103.4226,23.9768],[103.4093,24.0274],[103.4672,24.0047],[103.525,23.982],[103.5117,24.0327],[103.5696,24.01],[103.6274,23.9873],[103.614,24.0379],[104.4822,23.6974],[104.4687,23.748]]]}},{"type":"Feature","properties":{"periodId":"hau-le-1428","name":"Đại Việt phục hồi","control":"direct","confidence":"medium","height":12000,"color":"#d7a050","geometrySourceId":"khoahoc-45-maps","geometrySourceUrl":"https://e.khoahoc.tv/photos/image/2015/11/28/ban-do-viet-nam-24.jpg","geometrySourcePageUrl":"https://khoahoc.tv/45-tam-ban-do-viet-nam-qua-cac-giai-doan-tu-the-ky-10-phan-1-67140","imageYear":"1428","reconstructionMethod":"georeferenced-image-color-trace","precision":"illustrative-trace","georeferenceAccuracyKm":50},"geometry":{"type":"Polygon","coordinates":[[[104.4551,23.7985],[104.6288,23.7304],[104.6424,23.6799],[104.7002,23.6572],[104.7581,23.6345],[104.8429,23.5106],[105.306,23.329],[105.3193,23.2783],[105.7245,23.1194],[105.7378,23.0687],[105.7957,23.046],[105.8536,23.0233],[105.8668,22.9726],[105.9246,22.9499],[105.9825,22.9272],[105.9957,22.8765],[106.0088,22.8257],[105.9509,22.8484],[105.9639,22.7975],[105.9768,22.7467],[105.9189,22.7694],[105.9318,22.7185],[105.8739,22.7412],[105.9743,22.3326],[106.0322,22.3099],[106.0687,22.1561],[107.0527,21.7702],[107.0406,21.8215],[107.2721,21.7307],[107.2599,21.782],[107.3178,21.7593],[107.3757,21.7366],[107.3635,21.7878],[107.3512,21.839],[107.409,21.8163],[107.4669,21.7936],[107.4792,21.7424],[107.7108,21.6516],[107.793,21.5264],[107.8509,21.5037],[107.863,21.4524],[107.8051,21.4751],[107.8172,21.4238],[107.7593,21.4465],[107.7712,21.3951],[107.7134,21.4178],[107.7252,21.3664],[107.6674,21.3891],[107.6792,21.3376],[107.6213,21.3603],[107.633,21.3089],[107.5752,21.3316],[107.5173,21.3543],[107.5289,21.3027],[107.4711,21.3254],[107.4827,21.2739],[107.4248,21.2966],[107.4363,21.245],[107.3784,21.2677],[107.3899,21.2161],[107.2163,21.2842],[107.2277,21.2325],[107.239,21.1808],[107.1811,21.2035],[107.1923,21.1518],[107.1345,21.1745],[107.0766,21.1972],[107.0878,21.1454],[107.0299,21.1681],[106.972,21.1908],[107.016,20.9833],[106.9582,21.006],[106.9003,21.0287],[106.9111,20.9768],[106.9219,20.9248],[106.6903,21.0156],[106.701,20.9636],[106.238,21.1452],[106.2904,20.8845],[106.2325,20.9072],[106.2428,20.8549],[106.1849,20.8776],[106.1951,20.8253],[106.1372,20.848],[106.1969,20.5336],[106.139,20.5563],[106.1488,20.5037],[106.0909,20.5264],[106.1005,20.4739],[106.0426,20.4966],[105.9847,20.5193],[105.9943,20.4667],[105.9364,20.4894],[105.9459,20.4367],[105.9554,20.384],[105.8975,20.4067],[105.8396,20.4294],[105.8489,20.3767],[105.7911,20.3994],[105.8004,20.3467],[105.6267,20.4148],[105.6359,20.362],[105.578,20.3847],[105.5872,20.3318],[105.5963,20.279],[105.5384,20.3017],[105.5652,20.1429],[105.5073,20.1656],[105.5674,19.7937],[105.5095,19.8164],[105.5178,19.7632],[105.526,19.7099],[105.4682,19.7326],[105.5391,19.2512],[105.597,19.2285],[105.6045,19.1749],[105.6624,19.1522],[105.7203,19.1295],[105.7277,19.0758],[105.6698,19.0985],[105.7131,18.7755],[105.771,18.7528],[105.778,18.6988],[105.7849,18.6449],[105.8427,18.6222],[105.8496,18.5681],[105.8563,18.5141],[105.9142,18.4914],[105.9209,18.4373],[105.9788,18.4146],[105.9854,18.3604],[106.0433,18.3377],[106.1012,18.315],[106.1077,18.2609],[106.2813,18.1927],[106.2878,18.1385],[106.3457,18.1158],[106.4036,18.0931],[106.41,18.0389],[106.4679,18.0162],[106.5107,17.6355],[106.5686,17.6128],[106.5745,17.5582],[106.6323,17.5355],[106.6381,17.481],[106.696,17.4583],[106.7017,17.4036],[106.7596,17.3809],[106.7652,17.3263],[106.8231,17.3036],[106.881,17.2809],[106.8865,17.2262],[106.9444,17.2035],[107.0023,17.1808],[107.0078,17.1261],[107.0657,17.1034],[107.0711,17.0486],[107.129,17.0259],[107.1343,16.9711],[107.1922,16.9484],[107.1975,16.8936],[107.2554,16.8709],[107.2606,16.8161],[107.3185,16.7934],[107.3337,16.6286],[107.3916,16.6059],[107.4494,16.5832],[107.4544,16.5281],[107.5123,16.5054],[107.5171,16.4504],[107.575,16.4277],[107.6329,16.405],[107.6377,16.3499],[107.6955,16.3272],[107.7003,16.2721],[107.7581,16.2494],[107.7628,16.1942],[107.8207,16.1715],[107.8253,16.1164],[107.8831,16.0937],[107.8876,16.0384],[108.0613,15.9703],[108.0744,15.8044],[108.3638,15.6909],[108.368,15.6356],[108.3722,15.5801],[108.1985,15.6482],[108.2026,15.5928],[108.2066,15.5373],[108.1488,15.56],[108.1527,15.5045],[108.0948,15.5272],[108.0987,15.4717],[107.5199,15.6987],[107.516,15.7542],[107.4581,15.7769],[107.4542,15.8324],[107.3963,15.8551],[107.3923,15.9106],[107.3344,15.9333],[107.3303,15.9888],[107.3262,16.0442],[107.1525,16.1123],[107.1483,16.1676],[107.0904,16.1903],[107.0861,16.2457],[106.9125,16.3138],[106.9081,16.3691],[106.8502,16.3918],[106.7924,16.4145],[106.7788,16.5802],[106.7209,16.6029],[106.6631,16.6256],[106.6341,16.9559],[106.5762,16.9786],[106.5712,17.0336],[106.566,17.0885],[106.5081,17.1112],[106.5029,17.166],[106.445,17.1887],[106.4398,17.2436],[106.4344,17.2983],[106.3765,17.321],[106.3711,17.3758],[106.3132,17.3985],[106.2553,17.4212],[106.2499,17.4759],[106.192,17.4986],[106.1864,17.5533],[106.1285,17.576],[106.1229,17.6306],[106.065,17.6533],[106.0593,17.708],[106.0014,17.7307],[105.9957,17.7852],[106.0535,17.7625],[106.0358,17.926],[106.0937,17.9033],[106.0627,18.1751],[106.0048,18.1978],[105.9984,18.252],[105.5354,18.4336],[105.5289,18.4879],[105.5223,18.542],[105.4645,18.5647],[105.4579,18.6189],[105.4,18.6416],[105.3933,18.6957],[105.2196,18.7638],[105.2129,18.8178],[105.155,18.8405],[105.1482,18.8946],[105.0903,18.9173],[105.0834,18.9713],[105.0255,18.994],[105.0186,19.0479],[105.0115,19.1018],[104.9536,19.1245],[104.9024,19.5009],[104.8445,19.5236],[104.7866,19.5463],[104.779,19.6],[104.4896,19.7135],[104.482,19.7671],[104.4241,19.7898],[104.4163,19.8433],[104.4085,19.8968],[104.3507,19.9195],[104.3428,19.973],[104.3348,20.0265],[104.3927,20.0038],[104.3847,20.0572],[104.4426,20.0345],[104.4345,20.0878],[104.4924,20.0651],[104.4423,20.3846],[104.3845,20.4073],[104.3759,20.4604],[104.3672,20.5135],[104.3093,20.5362],[104.3006,20.5893],[104.2918,20.6423],[104.3497,20.6196],[104.3408,20.6726],[104.3987,20.6499],[104.3898,20.7028],[104.4477,20.6801],[104.4387,20.733],[104.4965,20.7103],[104.4875,20.7632],[104.4783,20.816],[104.5362,20.7933],[104.4894,21.0569],[104.5473,21.0342],[104.5377,21.0868],[104.5956,21.0641],[104.586,21.1167],[104.5763,21.1692],[104.6341,21.1465],[104.5846,21.4086],[104.4109,21.4767],[104.4008,21.5291],[104.2748,21.6267],[104.2646,21.679],[104.3224,21.6563],[104.2594,21.969],[103.97,22.0825],[103.9806,22.0305],[103.9228,22.0532],[103.8649,22.0759],[103.8542,22.1279],[103.7963,22.1506],[103.7384,22.1733],[103.7277,22.2253],[103.6698,22.248],[103.659,22.3],[103.6011,22.3227],[103.5432,22.3454],[103.5103,22.501],[103.3366,22.5691],[103.3255,22.6209],[103.1986,22.7181],[103.1646,22.8732],[103.1067,22.8959],[103.0489,22.9186],[103.0374,22.9702],[102.9795,22.9929],[102.968,23.0445],[102.9101,23.0672],[102.8985,23.1188],[102.8406,23.1415],[102.7827,23.1642],[102.7711,23.2157],[102.7132,23.2384],[102.6777,23.3928],[102.6199,23.4155],[102.6079,23.4668],[102.5959,23.5182],[102.6538,23.4955],[102.5926,23.7516],[102.5347,23.7743],[102.5223,23.8254],[102.5097,23.8765],[102.4519,23.8992],[102.394,23.9219],[102.3814,23.973],[102.3687,24.024],[102.4266,24.0013],[102.4845,23.9786],[102.4718,24.0296],[102.5297,24.0069],[102.5875,23.9842],[102.5747,24.0351],[102.6326,24.0124],[102.6905,23.9897],[102.6776,24.0406],[103.0249,23.9044],[103.012,23.9553],[102.999,24.0061],[103.0568,23.9834],[103.0438,24.0342],[103.1016,24.0115],[103.1595,23.9888],[103.1464,24.0395],[103.32,23.9714],[103.3068,24.0222],[103.3647,23.9995],[103.4226,23.9768],[103.4093,24.0274],[103.4672,24.0047],[103.525,23.982],[103.5117,24.0327],[103.5696,24.01],[103.6274,23.9873],[103.614,24.0379],[103.9613,23.9017],[103.9747,23.8511],[104.3799,23.6922],[104.3665,23.7428],[104.4243,23.7201],[104.4822,23.6974],[104.4687,23.748],[104.4551,23.7985]]]}},{"type":"Feature","properties":{"periodId":"le-thanh-tong-1471","name":"Đại Việt sau 1471","control":"direct","confidence":"medium","height":12000,"color":"#d7a050","geometrySourceId":"khoahoc-45-maps","geometrySourceUrl":"https://e.khoahoc.tv/photos/image/2015/11/28/ban-do-viet-nam-25.jpg","geometrySourcePageUrl":"https://khoahoc.tv/45-tam-ban-do-viet-nam-qua-cac-giai-doan-tu-the-ky-10-phan-1-67140","imageYear":"1471","reconstructionMethod":"georeferenced-image-color-trace","precision":"illustrative-trace","georeferenceAccuracyKm":50},"geometry":{"type":"Polygon","coordinates":[[[104.4551,23.7985],[104.6288,23.7304],[104.6424,23.6799],[104.7002,23.6572],[104.7581,23.6345],[104.8429,23.5106],[105.306,23.329],[105.3193,23.2783],[105.7824,23.0967],[105.8668,22.9726],[105.9246,22.9499],[105.9825,22.9272],[106.0218,22.7748],[105.9639,22.7975],[105.9768,22.7467],[105.9189,22.7694],[105.9318,22.7185],[105.9446,22.6675],[105.8867,22.6902],[105.9743,22.3326],[106.0322,22.3099],[106.0445,22.2587],[106.0566,22.2074],[106.1145,22.1847],[106.1266,22.1334],[106.9369,21.8156],[106.9248,21.8669],[107.2142,21.7534],[107.2021,21.8047],[107.2599,21.782],[107.3178,21.7593],[107.3056,21.8105],[107.3635,21.7878],[107.3512,21.839],[107.409,21.8163],[107.4669,21.7936],[107.4792,21.7424],[107.7108,21.6516],[107.793,21.5264],[107.8509,21.5037],[107.863,21.4524],[107.8051,21.4751],[107.8172,21.4238],[107.7593,21.4465],[107.7712,21.3951],[107.7134,21.4178],[107.7252,21.3664],[107.6674,21.3891],[107.6792,21.3376],[107.6213,21.3603],[107.633,21.3089],[107.5752,21.3316],[107.5173,21.3543],[107.5289,21.3027],[107.4711,21.3254],[107.4827,21.2739],[107.4248,21.2966],[107.4363,21.245],[107.3784,21.2677],[107.3899,21.2161],[107.4013,21.1644],[107.2277,21.2325],[107.239,21.1808],[107.1811,21.2035],[107.1923,21.1518],[107.1345,21.1745],[107.0766,21.1972],[107.0878,21.1454],[107.0299,21.1681],[106.972,21.1908],[107.016,20.9833],[106.9582,21.006],[106.9003,21.0287],[106.9111,20.9768],[106.9219,20.9248],[106.6903,21.0156],[106.701,20.9636],[106.238,21.1452],[106.3007,20.8322],[106.2428,20.8549],[106.1849,20.8776],[106.1951,20.8253],[106.1372,20.848],[106.1969,20.5336],[106.139,20.5563],[106.1488,20.5037],[106.1584,20.4512],[105.9847,20.5193],[105.9943,20.4667],[106.0038,20.414],[105.9459,20.4367],[105.9554,20.384],[105.8975,20.4067],[105.8396,20.4294],[105.8489,20.3767],[105.7911,20.3994],[105.8004,20.3467],[105.6267,20.4148],[105.6359,20.362],[105.578,20.3847],[105.6053,20.2261],[105.5474,20.2488],[105.5563,20.1958],[105.4984,20.2185],[105.5674,19.7937],[105.5095,19.8164],[105.5342,19.6565],[105.4763,19.6792],[105.4844,19.6259],[105.4265,19.6486],[105.4659,19.3811],[105.5238,19.3584],[105.5315,19.3049],[105.5391,19.2512],[105.597,19.2285],[105.6045,19.1749],[105.6624,19.1522],[105.7203,19.1295],[105.7277,19.0758],[105.6698,19.0985],[105.7131,18.7755],[105.771,18.7528],[105.778,18.6988],[105.7849,18.6449],[105.8427,18.6222],[105.8496,18.5681],[105.8563,18.5141],[105.9142,18.4914],[105.9209,18.4373],[105.9788,18.4146],[105.9854,18.3604],[106.0433,18.3377],[106.1012,18.315],[106.1077,18.2609],[106.2813,18.1927],[106.2878,18.1385],[106.3457,18.1158],[106.4036,18.0931],[106.41,18.0389],[106.4679,18.0162],[106.5107,17.6355],[106.5686,17.6128],[106.5745,17.5582],[106.6323,17.5355],[106.6381,17.481],[106.696,17.4583],[106.7017,17.4036],[106.7596,17.3809],[106.7652,17.3263],[106.8231,17.3036],[106.881,17.2809],[106.8865,17.2262],[106.9444,17.2035],[107.0023,17.1808],[107.0078,17.1261],[107.0657,17.1034],[107.1236,17.0807],[107.129,17.0259],[107.1343,16.9711],[107.1922,16.9484],[107.1975,16.8936],[107.2554,16.8709],[107.2606,16.8161],[107.3185,16.7934],[107.3337,16.6286],[107.5073,16.5605],[107.5123,16.5054],[107.5171,16.4504],[107.575,16.4277],[107.6329,16.405],[107.6377,16.3499],[107.6955,16.3272],[107.7003,16.2721],[107.7581,16.2494],[107.7628,16.1942],[107.8207,16.1715],[107.8253,16.1164],[107.8831,16.0937],[107.941,16.071],[107.9455,16.0157],[108.0034,15.993],[108.0613,15.9703],[108.0657,15.9151],[108.0701,15.8598],[108.128,15.8371],[108.1323,15.7817],[108.3059,15.7136],[108.3101,15.6583],[108.368,15.6356],[108.3722,15.5801],[108.4301,15.5574],[108.4342,15.502],[108.492,15.4793],[108.496,15.4238],[108.5539,15.4011],[108.5579,15.3456],[108.6158,15.3229],[108.6196,15.2673],[108.6775,15.2446],[108.6923,15.0221],[108.7502,14.9994],[108.8081,14.9767],[108.8116,14.9209],[108.8695,14.8982],[108.8729,14.8425],[108.8763,14.7867],[108.9342,14.764],[108.9375,14.7081],[108.9954,14.6854],[108.9987,14.6295],[109.0565,14.6068],[109.0597,14.5509],[109.0628,14.495],[109.1207,14.4723],[109.1237,14.4163],[109.1267,14.3602],[109.1846,14.3375],[109.1957,14.1131],[109.2536,14.0904],[109.2612,13.9217],[109.3191,13.8989],[109.3261,13.7299],[109.2682,13.7526],[109.2854,13.2435],[109.3433,13.2208],[109.3478,13.0504],[109.4057,13.0277],[109.4127,12.686],[109.4706,12.6633],[109.4715,12.6062],[109.24,12.697],[109.2423,12.5255],[109.1845,12.5482],[109.1768,13.0047],[109.1189,13.0274],[109.1118,13.3116],[109.0539,13.3343],[109.047,13.5609],[108.9891,13.5836],[108.9312,13.6063],[108.9293,13.6629],[108.8714,13.6856],[108.8631,13.9115],[108.8052,13.9342],[108.8029,13.9906],[108.745,14.0133],[108.7427,14.0696],[108.3954,14.2058],[108.393,14.2622],[108.3351,14.2849],[108.3248,14.5098],[108.0354,14.6233],[108.0327,14.6794],[108.0299,14.7355],[107.972,14.7582],[107.9691,14.8143],[107.7954,14.8824],[107.7925,14.9384],[107.7894,14.9944],[107.7316,15.0171],[107.6737,15.0398],[107.6706,15.0957],[107.6127,15.1184],[107.6095,15.1743],[107.5516,15.197],[107.5484,15.2529],[107.4905,15.2756],[107.4804,15.4431],[107.4225,15.4658],[107.4189,15.5215],[107.4768,15.4988],[107.4581,15.7769],[107.4003,15.7996],[107.3963,15.8551],[107.3923,15.9106],[107.3344,15.9333],[107.3303,15.9888],[107.3262,16.0442],[107.1525,16.1123],[107.1483,16.1676],[107.0904,16.1903],[107.0861,16.2457],[106.8546,16.3365],[106.8502,16.3918],[106.7924,16.4145],[106.7879,16.4697],[106.7834,16.525],[106.7255,16.5477],[106.7209,16.6029],[106.6631,16.6256],[106.629,17.0109],[106.5712,17.0336],[106.566,17.0885],[106.5081,17.1112],[106.5029,17.166],[106.4976,17.2209],[106.4398,17.2436],[106.4344,17.2983],[106.3765,17.321],[106.3711,17.3758],[106.3132,17.3985],[106.2553,17.4212],[106.2499,17.4759],[106.192,17.4986],[106.1864,17.5533],[106.1285,17.576],[106.1229,17.6306],[106.065,17.6533],[106.0593,17.708],[106.0014,17.7307],[105.9957,17.7852],[106.0535,17.7625],[106.0358,17.926],[106.0937,17.9033],[106.0627,18.1751],[106.0048,18.1978],[105.9984,18.252],[105.5933,18.4109],[105.5868,18.4652],[105.5289,18.4879],[105.5223,18.542],[105.4645,18.5647],[105.4579,18.6189],[105.4,18.6416],[105.3933,18.6957],[105.2196,18.7638],[105.2129,18.8178],[105.155,18.8405],[105.1482,18.8946],[105.0903,18.9173],[105.0834,18.9713],[105.0255,18.994],[105.0186,19.0479],[105.0115,19.1018],[104.9536,19.1245],[104.9024,19.5009],[104.8445,19.5236],[104.7866,19.5463],[104.779,19.6],[104.4896,19.7135],[104.482,19.7671],[104.4241,19.7898],[104.4163,19.8433],[104.4085,19.8968],[104.3507,19.9195],[104.3428,19.973],[104.3348,20.0265],[104.3927,20.0038],[104.3847,20.0572],[104.4426,20.0345],[104.4345,20.0878],[104.4924,20.0651],[104.4423,20.3846],[104.3845,20.4073],[104.3759,20.4604],[104.3672,20.5135],[104.3093,20.5362],[104.3006,20.5893],[104.2918,20.6423],[104.3497,20.6196],[104.3408,20.6726],[104.3319,20.7255],[104.3898,20.7028],[104.4477,20.6801],[104.4387,20.733],[104.4965,20.7103],[104.4875,20.7632],[104.4783,20.816],[104.5362,20.7933],[104.4894,21.0569],[104.5473,21.0342],[104.5377,21.0868],[104.5956,21.0641],[104.586,21.1167],[104.5763,21.1692],[104.6341,21.1465],[104.5846,21.4086],[104.4109,21.4767],[104.4008,21.5291],[104.2748,21.6267],[104.2646,21.679],[104.3224,21.6563],[104.2594,21.969],[103.97,22.0825],[103.9806,22.0305],[103.9228,22.0532],[103.9121,22.1052],[103.7384,22.1733],[103.7277,22.2253],[103.6698,22.248],[103.659,22.3],[103.6011,22.3227],[103.5432,22.3454],[103.5103,22.501],[103.4524,22.5237],[103.3945,22.5464],[103.3834,22.5982],[103.3255,22.6209],[103.2677,22.6436],[103.2565,22.6954],[103.1986,22.7181],[103.1646,22.8732],[103.1067,22.8959],[103.0489,22.9186],[103.0374,22.9702],[102.9795,22.9929],[102.968,23.0445],[102.9101,23.0672],[102.8522,23.0899],[102.8406,23.1415],[102.7132,23.2384],[102.6777,23.3928],[102.6199,23.4155],[102.5097,23.8765],[102.4519,23.8992],[102.394,23.9219],[102.3814,23.973],[102.3687,24.024],[102.4266,24.0013],[102.4845,23.9786],[102.4718,24.0296],[102.5297,24.0069],[102.5875,23.9842],[102.5747,24.0351],[102.6326,24.0124],[102.6905,23.9897],[102.6776,24.0406],[103.0249,23.9044],[103.012,23.9553],[102.999,24.0061],[103.0568,23.9834],[103.0438,24.0342],[103.1016,24.0115],[103.1595,23.9888],[103.1464,24.0395],[103.32,23.9714],[103.3068,24.0222],[103.3647,23.9995],[103.4226,23.9768],[103.4093,24.0274],[103.4672,24.0047],[103.525,23.982],[103.5117,24.0327],[103.5696,24.01],[103.6274,23.9873],[103.614,24.0379],[103.7877,23.9698],[103.7742,24.0204],[103.832,23.9977],[103.8899,23.975],[103.9747,23.8511],[104.3799,23.6922],[104.3665,23.7428],[104.4243,23.7201],[104.4822,23.6974],[104.4687,23.748],[104.4551,23.7985]]]}},{"type":"Feature","properties":{"periodId":"nam-bac-trieu","name":"Bắc triều · Nhà Mạc","control":"direct","confidence":"medium","height":12000,"color":"#b7a151","geometrySourceId":"khoahoc-45-maps","geometrySourceUrl":"https://e.khoahoc.tv/photos/image/2015/11/28/ban-do-viet-nam-29.jpg","geometrySourcePageUrl":"https://khoahoc.tv/45-tam-ban-do-viet-nam-qua-cac-giai-doan-tu-the-ky-10-phan-1-67140","imageYear":"1554","reconstructionMethod":"georeferenced-image-color-trace","precision":"illustrative-trace","georeferenceAccuracyKm":50},"geometry":{"type":"Polygon","coordinates":[[[104.9453,23.5158],[105.2925,23.3796],[105.306,23.329],[105.7111,23.1701],[105.7957,23.046],[105.9693,22.9779],[105.9825,22.9272],[106.0404,22.9045],[106.0536,22.8538],[105.9957,22.8765],[106.0088,22.8257],[106.0218,22.7748],[105.9639,22.7975],[106.0025,22.6448],[105.9446,22.6675],[106.0322,22.3099],[106.0901,22.2872],[106.1266,22.1334],[106.3581,22.0426],[106.3701,21.9913],[106.428,21.9686],[106.44,21.9172],[106.4519,21.8658],[106.5097,21.8431],[106.5216,21.7917],[106.5794,21.769],[106.6373,21.7463],[106.6491,21.6948],[106.7069,21.6721],[106.7186,21.6206],[107.1817,21.4389],[107.17,21.4905],[107.2279,21.4678],[107.2857,21.4451],[107.274,21.4966],[107.6213,21.3603],[107.633,21.3089],[107.5752,21.3316],[107.5173,21.3543],[107.5289,21.3027],[107.4711,21.3254],[107.4827,21.2739],[107.4248,21.2966],[107.4363,21.245],[107.3784,21.2677],[107.3899,21.2161],[107.2163,21.2842],[107.2277,21.2325],[107.239,21.1808],[107.0653,21.2489],[107.0766,21.1972],[107.0187,21.2199],[107.0299,21.1681],[106.8562,21.2362],[106.9003,21.0287],[106.8424,21.0514],[106.8532,20.9995],[106.864,20.9475],[106.6903,21.0156],[106.701,20.9636],[106.6431,20.9863],[106.5853,21.009],[106.6273,20.8005],[106.3379,20.914],[106.3483,20.8618],[106.1167,20.9526],[106.1969,20.5336],[106.139,20.5563],[106.0812,20.579],[106.0909,20.5264],[106.1005,20.4739],[106.0426,20.4966],[105.9847,20.5193],[105.9943,20.4667],[105.9364,20.4894],[105.9459,20.4367],[105.888,20.4594],[105.8302,20.4821],[105.8396,20.4294],[105.8489,20.3767],[105.7911,20.3994],[105.7817,20.4521],[105.7238,20.4748],[105.7144,20.5275],[105.5408,20.5956],[105.5313,20.6483],[105.4734,20.671],[105.4155,20.6937],[105.4059,20.7463],[105.3481,20.769],[105.3384,20.8216],[105.2805,20.8443],[105.2708,20.8968],[105.213,20.9195],[105.1551,20.9422],[105.1453,20.9947],[104.9138,21.0855],[104.9039,21.138],[104.846,21.1607],[104.8361,21.2131],[104.7782,21.2358],[104.7204,21.2585],[104.7104,21.3109],[104.6525,21.3336],[104.6424,21.3859],[104.4688,21.454],[104.4587,21.5064],[103.9377,21.7107],[103.9275,21.7629],[103.8697,21.7856],[103.8594,21.8379],[103.8015,21.8606],[103.7912,21.9128],[103.2703,22.1171],[103.2806,22.0649],[103.2909,22.0127],[103.233,22.0354],[103.1751,22.0581],[103.1853,22.0058],[103.0117,22.0739],[103.0015,22.1262],[102.8278,22.1943],[102.8175,22.2465],[102.7597,22.2692],[102.7018,22.2919],[102.6914,22.3441],[102.6336,22.3668],[102.5757,22.3895],[102.5653,22.4417],[102.5548,22.4938],[102.4969,22.5165],[102.4651,22.6727],[102.5229,22.65],[102.5122,22.702],[102.5701,22.6793],[102.5592,22.7313],[102.6171,22.7086],[102.6062,22.7605],[102.6641,22.7378],[102.5858,23.1002],[102.6437,23.0775],[102.6322,23.1291],[102.6901,23.1064],[102.5223,23.8254],[102.4644,23.8481],[102.4519,23.8992],[102.394,23.9219],[102.3361,23.9446],[102.3235,23.9957],[102.3109,24.0467],[102.253,24.0694],[102.2146,24.2222],[102.0859,24.3185],[102.0729,24.3693],[102.0598,24.4201],[102.1177,24.3974],[102.1756,24.3747],[102.1624,24.4255],[102.1492,24.4762],[102.2071,24.4535],[102.1938,24.5042],[102.2517,24.4815],[102.265,24.4308],[102.3228,24.4081],[102.3807,24.3854],[102.3939,24.3346],[102.6833,24.2211],[102.6965,24.1704],[102.7544,24.1477],[102.8122,24.125],[102.8769,23.8707],[103.0054,23.7743],[103.0181,23.7233],[103.076,23.7006],[103.1338,23.6779],[103.2168,23.553],[103.2747,23.5303],[103.2872,23.4792],[103.345,23.4565],[103.3574,23.4054],[103.4153,23.3827],[103.4276,23.3315],[103.4398,23.2802],[103.5678,23.1836],[103.5799,23.1323],[103.6377,23.1096],[103.6498,23.0582],[103.8813,22.9674],[103.9169,22.8132],[103.9748,22.7905],[103.9866,22.739],[104.3917,22.5801],[104.38,22.6316],[104.4379,22.6089],[104.4022,22.7631],[104.4601,22.7404],[104.4481,22.7918],[104.7375,22.6782],[104.6638,22.9855],[104.7217,22.9628],[104.7092,23.0139],[104.7671,22.9912],[104.7034,23.2461],[104.7613,23.2234],[104.8192,23.2007],[104.8063,23.2515],[104.8642,23.2288],[104.8511,23.2797],[104.909,23.257],[104.9669,23.2343],[104.9008,23.4879],[104.9587,23.4652],[104.9453,23.5158]]]}},{"type":"Feature","properties":{"periodId":"nam-bac-trieu","name":"Nam triều · Lê trung hưng","control":"direct","confidence":"medium","height":12000,"color":"#c87847","geometrySourceId":"khoahoc-45-maps","geometrySourceUrl":"https://e.khoahoc.tv/photos/image/2015/11/28/ban-do-viet-nam-29.jpg","geometrySourcePageUrl":"https://khoahoc.tv/45-tam-ban-do-viet-nam-qua-cac-giai-doan-tu-the-ky-10-phan-1-67140","imageYear":"1554","reconstructionMethod":"georeferenced-image-color-trace","precision":"illustrative-trace","georeferenceAccuracyKm":50},"geometry":{"type":"Polygon","coordinates":[[[105.0295,21.0401],[105.0874,21.0174],[105.1453,20.9947],[105.1551,20.9422],[105.213,20.9195],[105.2708,20.8968],[105.2805,20.8443],[105.3384,20.8216],[105.3481,20.769],[105.4059,20.7463],[105.4155,20.6937],[105.4734,20.671],[105.5313,20.6483],[105.5408,20.5956],[105.7144,20.5275],[105.7238,20.4748],[105.7332,20.4221],[105.6753,20.4448],[105.6846,20.3921],[105.6267,20.4148],[105.6359,20.362],[105.578,20.3847],[105.5872,20.3318],[105.5963,20.279],[105.5384,20.3017],[105.5474,20.2488],[105.5563,20.1958],[105.4984,20.2185],[105.5674,19.7937],[105.5095,19.8164],[105.5178,19.7632],[105.4599,19.7859],[105.5391,19.2512],[105.597,19.2285],[105.6045,19.1749],[105.6624,19.1522],[105.7203,19.1295],[105.7277,19.0758],[105.6698,19.0985],[105.7131,18.7755],[105.771,18.7528],[105.778,18.6988],[105.7849,18.6449],[105.8427,18.6222],[105.8496,18.5681],[105.8563,18.5141],[105.9142,18.4914],[105.9209,18.4373],[105.9788,18.4146],[105.9854,18.3604],[106.0433,18.3377],[106.1012,18.315],[106.1077,18.2609],[106.2813,18.1927],[106.2878,18.1385],[106.3457,18.1158],[106.4036,18.0931],[106.41,18.0389],[106.4679,18.0162],[106.5107,17.6355],[106.5686,17.6128],[106.5745,17.5582],[106.6323,17.5355],[106.6381,17.481],[106.696,17.4583],[106.7017,17.4036],[106.7596,17.3809],[106.7652,17.3263],[106.8231,17.3036],[106.881,17.2809],[106.8865,17.2262],[106.9444,17.2035],[107.0023,17.1808],[107.0078,17.1261],[107.0657,17.1034],[107.1236,17.0807],[107.129,17.0259],[107.1343,16.9711],[107.1922,16.9484],[107.1975,16.8936],[107.2554,16.8709],[107.2606,16.8161],[107.3185,16.7934],[107.3337,16.6286],[107.5073,16.5605],[107.5123,16.5054],[107.5171,16.4504],[107.575,16.4277],[107.6329,16.405],[107.6377,16.3499],[107.6955,16.3272],[107.7003,16.2721],[107.7581,16.2494],[107.7628,16.1942],[107.8207,16.1715],[107.8253,16.1164],[107.8831,16.0937],[107.8876,16.0384],[108.0613,15.9703],[108.0744,15.8044],[108.3059,15.7136],[108.3101,15.6583],[108.368,15.6356],[108.3722,15.5801],[108.4301,15.5574],[108.4342,15.502],[108.492,15.4793],[108.496,15.4238],[108.5539,15.4011],[108.5579,15.3456],[108.6158,15.3229],[108.6196,15.2673],[108.6775,15.2446],[108.6923,15.0221],[108.7502,14.9994],[108.8081,14.9767],[108.8116,14.9209],[108.8695,14.8982],[108.8729,14.8425],[108.8763,14.7867],[108.9342,14.764],[108.9375,14.7081],[108.9954,14.6854],[108.9987,14.6295],[109.0018,14.5736],[109.0597,14.5509],[109.0628,14.495],[109.1207,14.4723],[109.1237,14.4163],[109.1267,14.3602],[109.1846,14.3375],[109.1957,14.1131],[109.2536,14.0904],[109.2612,13.9217],[109.3191,13.8989],[109.3261,13.7299],[109.2682,13.7526],[109.2854,13.2435],[109.3433,13.2208],[109.3478,13.0504],[109.4057,13.0277],[109.4127,12.686],[109.4706,12.6633],[109.4715,12.6062],[109.24,12.697],[109.2423,12.5255],[109.1845,12.5482],[109.178,12.9478],[109.1201,12.9705],[109.1162,13.1412],[109.0584,13.1639],[109.0539,13.3343],[108.533,13.5386],[108.5445,13.0265],[108.4866,13.0492],[108.4875,12.9921],[108.4296,13.0148],[108.4172,13.584],[108.1857,13.6748],[108.1841,13.7315],[108.2419,13.7088],[108.2998,13.6861],[108.2773,14.3076],[108.1036,14.3757],[108.0933,14.6006],[108.0354,14.6233],[108.0327,14.6794],[107.9748,14.7021],[107.972,14.7582],[107.9141,14.7809],[107.9112,14.837],[107.7376,14.9051],[107.7346,14.9611],[107.7316,15.0171],[107.6737,15.0398],[107.6158,15.0625],[107.6127,15.1184],[107.5548,15.1411],[107.5516,15.197],[107.5484,15.2529],[107.4905,15.2756],[107.4872,15.3315],[107.4293,15.3542],[107.3963,15.8551],[107.3384,15.8778],[107.3344,15.9333],[107.3303,15.9888],[107.1567,16.0569],[107.1525,16.1123],[107.0947,16.135],[107.0904,16.1903],[107.0325,16.213],[107.0282,16.2684],[106.8546,16.3365],[106.8502,16.3918],[106.7924,16.4145],[106.7345,16.4372],[106.7209,16.6029],[106.6631,16.6256],[106.6584,16.6807],[106.6005,16.7034],[106.5712,17.0336],[106.5133,17.0563],[106.5081,17.1112],[106.4503,17.1339],[106.445,17.1887],[106.3872,17.2114],[106.3819,17.2663],[106.3765,17.321],[106.3186,17.3437],[106.3132,17.3985],[106.2553,17.4212],[106.1975,17.4439],[106.192,17.4986],[106.1341,17.5213],[106.1285,17.576],[106.0706,17.5987],[106.065,17.6533],[105.8335,17.7442],[105.8278,17.7988],[105.7699,17.8215],[105.712,17.8442],[105.7063,17.8987],[105.6484,17.9214],[105.5905,17.9441],[105.5847,17.9987],[105.5268,18.0214],[105.5209,18.0759],[105.463,18.0986],[105.457,18.153],[105.4509,18.2075],[105.3931,18.2302],[105.3869,18.2846],[105.3291,18.3073],[105.3229,18.3616],[105.265,18.3843],[105.2587,18.4386],[105.2008,18.4613],[105.1945,18.5156],[104.7314,18.6972],[104.6987,18.9681],[104.6408,18.9908],[104.6341,19.0448],[104.5762,19.0675],[104.5694,19.1216],[104.5115,19.1443],[104.5046,19.1983],[104.4467,19.221],[104.3888,19.2437],[104.3819,19.2976],[104.2082,19.3657],[104.1869,19.5274],[104.129,19.5501],[104.0711,19.5728],[104.0639,19.6266],[104.006,19.6493],[103.9987,19.703],[103.9913,19.7568],[103.5861,19.9157],[103.5481,20.1838],[103.3745,20.2519],[103.3667,20.3054],[103.3088,20.3281],[102.73,20.5552],[102.7378,20.5016],[102.4484,20.6151],[102.4087,20.8824],[102.3508,20.9051],[102.3426,20.9584],[102.3344,21.0117],[102.3923,20.989],[102.384,21.0423],[102.5576,20.9742],[102.5492,21.0274],[102.6071,21.0047],[102.665,20.982],[102.6565,21.0352],[102.7144,21.0125],[102.7723,20.9898],[102.7638,21.0429],[102.9374,20.9748],[102.9289,21.028],[102.9867,21.0053],[103.0446,20.9826],[103.036,21.0356],[103.2096,20.9675],[103.2009,21.0206],[103.2588,20.9979],[103.3166,20.9752],[103.3078,21.0282],[103.3657,21.0055],[103.4236,20.9828],[103.4147,21.0358],[103.5884,20.9677],[103.5795,21.0206],[103.6373,20.9979],[103.6952,20.9752],[103.6862,21.0281],[103.7441,21.0054],[103.802,20.9827],[103.7929,21.0356],[103.9665,20.9675],[103.9574,21.0203],[104.0153,20.9976],[104.0732,20.9749],[104.0639,21.0277],[104.1218,21.005],[104.1797,20.9823],[104.1704,21.035],[104.2283,21.0123],[104.2862,20.9896],[104.2768,21.0423],[104.4505,20.9742],[104.441,21.0269],[104.4989,21.0042],[104.5568,20.9815],[104.5473,21.0342],[104.6052,21.0115],[104.6631,20.9888],[104.6535,21.0414],[104.8271,20.9733],[104.8175,21.0259],[104.8754,21.0032],[104.9333,20.9805],[104.9236,21.033],[104.9814,21.0103],[105.0393,20.9876],[105.0295,21.0401]]]}},{"type":"Feature","properties":{"periodId":"dang-trong-ngoai","name":"Đàng Ngoài","control":"direct","confidence":"medium","height":12000,"color":"#d9a44f","geometrySourceId":"khoahoc-45-maps","geometrySourceUrl":"https://e.khoahoc.tv/photos/image/2015/11/28/ban-do-viet-nam-35.jpg","geometrySourcePageUrl":"https://khoahoc.tv/45-tam-ban-do-viet-nam-qua-cac-giai-doan-tu-the-ky-10-phan-1-67140","imageYear":"1693","reconstructionMethod":"georeferenced-image-color-trace","precision":"illustrative-trace","georeferenceAccuracyKm":50},"geometry":{"type":"MultiPolygon","coordinates":[[[[104.9453,23.5158],[105.2925,23.3796],[105.306,23.329],[105.769,23.1474],[105.7824,23.0967],[105.8403,23.074],[105.8981,23.0513],[105.9114,23.0006],[105.9693,22.9779],[106.0272,22.9552],[106.0666,22.803],[106.0088,22.8257],[106.0218,22.7748],[106.0347,22.724],[105.9768,22.7467],[105.9897,22.6958],[106.0025,22.6448],[105.9446,22.6675],[106.0322,22.3099],[106.0901,22.2872],[106.1023,22.236],[106.1145,22.1847],[106.2881,22.1166],[106.3002,22.0653],[106.3581,22.0426],[106.416,22.0199],[106.428,21.9686],[106.4859,21.9459],[106.4979,21.8945],[106.5097,21.8431],[106.6373,21.7463],[106.6491,21.6948],[106.7069,21.6721],[106.7648,21.6494],[106.7765,21.5979],[107.1817,21.4389],[107.17,21.4905],[107.2279,21.4678],[107.2857,21.4451],[107.274,21.4966],[107.4476,21.4284],[107.4358,21.4799],[107.6095,21.4118],[107.5976,21.4632],[107.6555,21.4405],[107.7134,21.4178],[107.7252,21.3664],[107.6674,21.3891],[107.6792,21.3376],[107.6213,21.3603],[107.633,21.3089],[107.5752,21.3316],[107.5173,21.3543],[107.5289,21.3027],[107.4711,21.3254],[107.4827,21.2739],[107.4248,21.2966],[107.4363,21.245],[107.3784,21.2677],[107.3899,21.2161],[107.2163,21.2842],[107.2277,21.2325],[107.239,21.1808],[107.1811,21.2035],[107.1232,21.2262],[107.1345,21.1745],[107.0766,21.1972],[107.0878,21.1454],[106.8562,21.2362],[106.9111,20.9768],[106.8532,20.9995],[106.864,20.9475],[106.6903,21.0156],[106.701,20.9636],[106.238,21.1452],[106.2904,20.8845],[106.2325,20.9072],[106.1746,20.9299],[106.1849,20.8776],[106.1951,20.8253],[106.1372,20.848],[106.1969,20.5336],[106.139,20.5563],[106.1488,20.5037],[106.0909,20.5264],[106.1005,20.4739],[106.0426,20.4966],[105.9847,20.5193],[105.9943,20.4667],[105.9364,20.4894],[105.9459,20.4367],[105.888,20.4594],[105.8975,20.4067],[105.8396,20.4294],[105.8489,20.3767],[105.6753,20.4448],[105.6846,20.3921],[105.6267,20.4148],[105.6359,20.362],[105.578,20.3847],[105.6053,20.2261],[105.5474,20.2488],[105.5563,20.1958],[105.4984,20.2185],[105.5674,19.7937],[105.5095,19.8164],[105.5178,19.7632],[105.4599,19.7859],[105.4844,19.6259],[105.4265,19.6486],[105.4659,19.3811],[105.5238,19.3584],[105.5315,19.3049],[105.5894,19.2822],[105.597,19.2285],[105.6045,19.1749],[105.6624,19.1522],[105.7203,19.1295],[105.7277,19.0758],[105.6698,19.0985],[105.7131,18.7755],[105.771,18.7528],[105.778,18.6988],[105.7849,18.6449],[105.8427,18.6222],[105.8496,18.5681],[105.8563,18.5141],[105.9142,18.4914],[105.9209,18.4373],[105.9788,18.4146],[105.9854,18.3604],[105.9275,18.3831],[105.9209,18.4373],[105.863,18.46],[105.8696,18.4058],[105.6381,18.4966],[105.6447,18.4425],[105.471,18.5106],[105.4775,18.4563],[105.4196,18.479],[105.426,18.4248],[105.3681,18.4475],[105.3869,18.2846],[105.4448,18.2619],[105.4509,18.2075],[105.5088,18.1848],[105.5149,18.1303],[105.5728,18.1076],[105.5787,18.0532],[105.5209,18.0759],[105.5268,18.0214],[105.5847,17.9987],[105.6425,17.976],[105.6484,17.9214],[105.7063,17.8987],[105.712,17.8442],[106.0593,17.708],[106.065,17.6533],[106.1229,17.6306],[106.1285,17.576],[106.1864,17.5533],[106.192,17.4986],[106.3656,17.4305],[106.3819,17.2663],[106.4398,17.2436],[106.445,17.1887],[106.3872,17.2114],[106.3924,17.1566],[106.3345,17.1793],[106.3186,17.3437],[106.2608,17.3664],[106.2553,17.4212],[106.1975,17.4439],[106.1396,17.4666],[106.1341,17.5213],[106.0762,17.544],[106.0706,17.5987],[106.0128,17.6214],[106.0071,17.676],[105.4283,17.9031],[105.3931,18.2302],[105.3352,18.2529],[105.3291,18.3073],[105.3229,18.3616],[105.265,18.3843],[105.2587,18.4386],[105.2008,18.4613],[105.1945,18.5156],[105.1366,18.5383],[105.0787,18.561],[105.0723,18.6153],[105.0144,18.638],[105.008,18.6922],[104.9501,18.7149],[104.8922,18.7376],[104.8857,18.7917],[104.8278,18.8144],[104.8212,18.8686],[104.7633,18.8913],[104.7054,18.914],[104.6987,18.9681],[104.6408,18.9908],[104.6341,19.0448],[104.5762,19.0675],[104.5183,19.0902],[104.5115,19.1443],[104.5046,19.1983],[104.331,19.2664],[104.324,19.3203],[104.2661,19.343],[104.2591,19.3969],[104.2012,19.4196],[104.1941,19.4735],[104.1869,19.5274],[104.129,19.5501],[104.0711,19.5728],[104.0639,19.6266],[104.006,19.6493],[103.9987,19.703],[103.9913,19.7568],[103.7019,19.8703],[103.7381,19.6012],[103.6803,19.6239],[103.6366,19.9467],[103.5787,19.9694],[103.5481,20.1838],[103.3166,20.2746],[103.3088,20.3281],[102.73,20.5552],[102.7378,20.5016],[102.4484,20.6151],[102.4087,20.8824],[102.3508,20.9051],[102.3426,20.9584],[102.2847,20.9811],[102.2269,21.0038],[102.2186,21.0571],[102.2103,21.1104],[102.1524,21.1331],[102.0946,21.1558],[102.0862,21.209],[102.0283,21.2317],[101.9854,21.4973],[102.0433,21.4746],[102.0345,21.5276],[102.0924,21.5049],[102.0835,21.5579],[102.2571,21.4898],[102.2482,21.5427],[102.3061,21.52],[102.2971,21.5729],[102.355,21.5502],[102.3459,21.6031],[102.6353,21.4896],[102.5602,21.9112],[102.618,21.8885],[102.6083,21.941],[102.6662,21.9183],[102.6564,21.9708],[102.6466,22.0233],[102.8781,21.9325],[102.8175,22.2465],[102.7597,22.2692],[102.7018,22.2919],[102.6914,22.3441],[102.6336,22.3668],[102.5757,22.3895],[102.5653,22.4417],[102.5074,22.4644],[102.4969,22.5165],[102.4864,22.5686],[102.4285,22.5913],[102.4179,22.6434],[102.4757,22.6207],[102.4651,22.6727],[102.4543,22.7247],[102.5122,22.702],[102.5013,22.754],[102.5592,22.7313],[102.5483,22.7832],[102.6062,22.7605],[102.5393,23.0713],[102.5972,23.0486],[102.5858,23.1002],[102.6437,23.0775],[102.6322,23.1291],[102.6901,23.1064],[102.5347,23.7743],[102.4768,23.797],[102.4644,23.8481],[102.4065,23.8708],[102.3235,23.9957],[102.3814,23.973],[102.3687,24.024],[102.4266,24.0013],[102.4845,23.9786],[102.4718,24.0296],[102.5297,24.0069],[102.5875,23.9842],[102.5747,24.0351],[102.6326,24.0124],[102.6905,23.9897],[102.6776,24.0406],[102.8513,23.9725],[102.8641,23.9216],[102.922,23.8989],[102.9348,23.848],[102.9475,23.797],[103.0054,23.7743],[103.0633,23.7516],[103.1464,23.6268],[103.2043,23.6041],[103.2168,23.553],[103.2747,23.5303],[103.3326,23.5076],[103.345,23.4565],[103.3574,23.4054],[103.4153,23.3827],[103.4977,23.2575],[103.5556,23.2348],[103.5678,23.1836],[103.6256,23.1609],[103.6377,23.1096],[103.6956,23.0869],[103.7076,23.0355],[103.8813,22.9674],[103.9169,22.8132],[103.9748,22.7905],[103.9866,22.739],[104.3338,22.6028],[104.3221,22.6543],[104.38,22.6316],[104.3682,22.683],[104.3563,22.7344],[104.4142,22.7117],[104.3781,22.8658],[104.7254,22.7296],[104.6638,22.9855],[104.7217,22.9628],[104.6456,23.2688],[104.7034,23.2461],[104.6905,23.2969],[104.7484,23.2742],[104.8063,23.2515],[104.7933,23.3024],[104.8511,23.2797],[104.909,23.257],[104.8959,23.3078],[104.9538,23.2851],[104.9008,23.4879],[104.9587,23.4652],[104.9453,23.5158]]],[[[106.0433,18.3377],[106.1012,18.315],[106.1077,18.2609],[106.2813,18.1927],[106.2878,18.1385],[106.1142,18.2066],[106.1206,18.1524],[106.1785,18.1297],[106.1848,18.0754],[106.1269,18.0981],[106.1206,18.1524],[106.0627,18.1751],[106.0433,18.3377]]],[[[105.8183,18.3744],[105.8762,18.3517],[105.8827,18.2974],[105.8248,18.3201],[105.8312,18.2659],[105.7733,18.2886],[105.7669,18.3428],[105.8248,18.3201],[105.8183,18.3744]]]]}},{"type":"Feature","properties":{"periodId":"dang-trong-ngoai","name":"Đàng Trong","control":"direct","confidence":"medium","height":12000,"color":"#db7644","geometrySourceId":"khoahoc-45-maps","geometrySourceUrl":"https://e.khoahoc.tv/photos/image/2015/11/28/ban-do-viet-nam-35.jpg","geometrySourcePageUrl":"https://khoahoc.tv/45-tam-ban-do-viet-nam-qua-cac-giai-doan-tu-the-ky-10-phan-1-67140","imageYear":"1693","reconstructionMethod":"georeferenced-image-color-trace","precision":"illustrative-trace","georeferenceAccuracyKm":50},"geometry":{"type":"MultiPolygon","coordinates":[[[[105.863,18.46],[105.9209,18.4373],[105.9275,18.3831],[105.9854,18.3604],[106.0433,18.3377],[106.0627,18.1751],[106.1206,18.1524],[106.1269,18.0981],[106.1848,18.0754],[106.1785,18.1297],[106.1206,18.1524],[106.1142,18.2066],[106.4036,18.0931],[106.41,18.0389],[106.4679,18.0162],[106.5107,17.6355],[106.5686,17.6128],[106.5745,17.5582],[106.6323,17.5355],[106.6381,17.481],[106.696,17.4583],[106.7017,17.4036],[106.7073,17.349],[106.881,17.2809],[106.8865,17.2262],[106.9444,17.2035],[107.0023,17.1808],[107.0078,17.1261],[107.0657,17.1034],[107.1236,17.0807],[107.129,17.0259],[107.1343,16.9711],[107.1922,16.9484],[107.1975,16.8936],[107.2554,16.8709],[107.2606,16.8161],[107.3185,16.7934],[107.3236,16.7385],[107.3815,16.7158],[107.3866,16.6608],[107.3916,16.6059],[107.4494,16.5832],[107.5073,16.5605],[107.5123,16.5054],[107.5701,16.4827],[107.575,16.4277],[107.6329,16.405],[107.6377,16.3499],[107.6424,16.2948],[107.7003,16.2721],[107.7581,16.2494],[107.7628,16.1942],[107.8207,16.1715],[107.8786,16.1488],[107.8831,16.0937],[107.8876,16.0384],[108.0613,15.9703],[108.0744,15.8044],[108.3638,15.6909],[108.368,15.6356],[108.3722,15.5801],[108.4301,15.5574],[108.4879,15.5347],[108.492,15.4793],[108.496,15.4238],[108.5539,15.4011],[108.5579,15.3456],[108.6158,15.3229],[108.6344,15.0448],[108.8081,14.9767],[108.8116,14.9209],[108.8695,14.8982],[108.8729,14.8425],[108.8763,14.7867],[108.9342,14.764],[108.9375,14.7081],[108.9954,14.6854],[108.9987,14.6295],[109.0565,14.6068],[109.0597,14.5509],[109.0628,14.495],[109.1207,14.4723],[109.1237,14.4163],[109.1267,14.3602],[109.1846,14.3375],[109.1957,14.1131],[109.2536,14.0904],[109.2612,13.9217],[109.3191,13.8989],[109.3261,13.7299],[109.2682,13.7526],[109.2854,13.2435],[109.3433,13.2208],[109.3478,13.0504],[109.4057,13.0277],[109.4127,12.686],[109.4706,12.6633],[109.4715,12.6062],[109.2979,12.6743],[109.3014,12.3884],[109.2436,12.4111],[109.2441,12.3538],[109.2445,12.2964],[109.1866,12.3191],[109.1862,12.3765],[109.1857,12.4338],[109.2436,12.4111],[109.2408,12.6399],[109.183,12.6626],[109.1768,13.0047],[109.1189,13.0274],[109.1176,13.0843],[109.0597,13.107],[109.0539,13.3343],[108.996,13.357],[108.9909,13.527],[108.933,13.5497],[108.9312,13.6063],[108.8733,13.629],[108.8653,13.8551],[108.8074,13.8778],[108.7495,13.9005],[108.7473,13.9569],[108.6894,13.9796],[108.6872,14.036],[108.3978,14.1495],[108.3954,14.2058],[108.3375,14.2285],[108.2797,14.2512],[108.2696,14.4763],[108.096,14.5444],[108.0933,14.6006],[108.0906,14.6567],[108.0327,14.6794],[108.0299,14.7355],[107.972,14.7582],[107.9691,14.8143],[107.9112,14.837],[107.8533,14.8597],[107.8504,14.9157],[107.7925,14.9384],[107.7346,14.9611],[107.7316,15.0171],[107.6737,15.0398],[107.6706,15.0957],[107.6674,15.1516],[107.6095,15.1743],[107.6063,15.2302],[107.5484,15.2529],[107.4905,15.2756],[107.4804,15.4431],[107.4225,15.4658],[107.4189,15.5215],[107.4154,15.5772],[107.4732,15.5545],[107.4542,15.8324],[107.3963,15.8551],[107.3923,15.9106],[107.3344,15.9333],[107.3303,15.9888],[107.2725,16.0115],[107.2683,16.0669],[107.0947,16.135],[107.0904,16.1903],[107.0325,16.213],[107.0282,16.2684],[107.0239,16.3237],[106.7924,16.4145],[106.7879,16.4697],[106.7834,16.525],[106.7255,16.5477],[106.7116,16.7131],[106.6537,16.7358],[106.6341,16.9559],[106.5762,16.9786],[106.5712,17.0336],[106.5133,17.0563],[106.5081,17.1112],[106.5029,17.166],[106.445,17.1887],[106.4398,17.2436],[106.3819,17.2663],[106.3656,17.4305],[106.192,17.4986],[106.1864,17.5533],[106.1285,17.576],[106.1229,17.6306],[106.065,17.6533],[106.0593,17.708],[105.712,17.8442],[105.7063,17.8987],[105.6484,17.9214],[105.6425,17.976],[105.5847,17.9987],[105.5268,18.0214],[105.5209,18.0759],[105.5787,18.0532],[105.5728,18.1076],[105.5149,18.1303],[105.5088,18.1848],[105.4509,18.2075],[105.4448,18.2619],[105.3869,18.2846],[105.3681,18.4475],[105.426,18.4248],[105.4196,18.479],[105.4775,18.4563],[105.471,18.5106],[105.6447,18.4425],[105.6381,18.4966],[105.8696,18.4058],[105.863,18.46]]],[[[107.4948,11.474],[107.5526,11.4513],[107.5512,11.393],[107.6091,11.3703],[107.6669,11.3476],[107.6621,11.1725],[107.72,11.1498],[107.7779,11.1271],[107.7761,11.0686],[107.834,11.0459],[107.8322,10.9874],[107.8901,10.9647],[107.8842,10.789],[107.8264,10.8117],[107.8243,10.753],[107.7664,10.7757],[107.7085,10.7984],[107.7063,10.7398],[107.7041,10.6811],[107.762,10.6584],[107.7597,10.5996],[107.7018,10.6223],[107.6994,10.5635],[107.6416,10.5862],[107.6391,10.5274],[107.5812,10.5501],[107.5787,10.4912],[107.5208,10.5139],[107.5182,10.455],[107.4604,10.4777],[107.4577,10.4188],[107.3998,10.4415],[107.3419,10.4642],[107.3392,10.4052],[107.2813,10.4279],[107.2785,10.3689],[106.9891,10.4824],[106.9863,10.4234],[106.9833,10.3643],[106.8097,10.4324],[106.7906,10.0772],[106.7327,10.0999],[106.7293,10.0406],[106.7258,9.9812],[106.6679,10.0039],[106.6847,10.3004],[106.6268,10.3231],[106.569,10.3458],[106.5721,10.405],[106.3985,10.4731],[106.4015,10.5322],[106.3437,10.5549],[106.3467,10.614],[106.2888,10.6367],[106.2309,10.6594],[106.2338,10.7185],[106.176,10.7412],[106.1788,10.8003],[106.1209,10.823],[106.1237,10.882],[106.0659,10.9047],[106.0835,11.3167],[106.0256,11.3394],[106.0278,11.3981],[106.2014,11.33],[106.2036,11.3887],[106.2615,11.366],[106.2636,11.4246],[106.2656,11.4832],[106.3235,11.4605],[106.3814,11.4378],[106.3793,11.3792],[106.7266,11.243],[106.7343,11.4772],[106.7922,11.4545],[106.7939,11.513],[107.0833,11.3995],[107.085,11.4579],[107.1429,11.4352],[107.1445,11.4936],[107.376,11.4028],[107.3775,11.4611],[107.4354,11.4384],[107.4933,11.4157],[107.4948,11.474]]]]}},{"type":"Feature","properties":{"periodId":"dang-trong-ngoai","name":"Trấn Thuận Thành","control":"autonomous","confidence":"low","height":6500,"color":"#8e7d72","geometrySourceId":"khoahoc-45-maps","geometrySourceUrl":"https://e.khoahoc.tv/photos/image/2015/11/28/ban-do-viet-nam-35.jpg","geometrySourcePageUrl":"https://khoahoc.tv/45-tam-ban-do-viet-nam-qua-cac-giai-doan-tu-the-ky-10-phan-1-67140","imageYear":"1693","reconstructionMethod":"georeferenced-image-color-trace","precision":"illustrative-trace","georeferenceAccuracyKm":50},"geometry":{"type":"Polygon","coordinates":[[[108.8191,13.5385],[108.9927,13.4704],[108.9944,13.4137],[108.996,13.357],[109.0539,13.3343],[109.0597,13.107],[109.1176,13.0843],[109.1189,13.0274],[109.1768,13.0047],[109.183,12.6626],[109.2408,12.6399],[109.2436,12.4111],[109.1857,12.4338],[109.1862,12.3765],[109.1866,12.3191],[109.2445,12.2964],[109.2456,11.9517],[109.1878,11.9744],[109.1859,11.5705],[109.128,11.5932],[109.0701,11.6159],[109.0696,11.5581],[109.069,11.5002],[109.0111,11.5229],[109.0079,11.291],[108.95,11.3137],[108.8921,11.3364],[108.8912,11.2783],[108.8333,11.301],[108.8323,11.2429],[108.7744,11.2656],[108.7733,11.2075],[108.7154,11.2302],[108.7142,11.172],[108.6563,11.1947],[108.6551,11.1365],[108.5972,11.1592],[108.5393,11.1819],[108.538,11.1237],[108.5366,11.0654],[108.4787,11.0881],[108.4773,11.0298],[108.4194,11.0525],[108.4179,10.9942],[108.36,11.0169],[108.3584,10.9585],[108.3005,10.9812],[108.2988,10.9227],[108.2409,10.9454],[108.2392,10.887],[108.1813,10.9097],[108.1234,10.9324],[108.1216,10.8739],[108.0637,10.8966],[108.0579,10.7209],[108,10.7436],[107.9979,10.6849],[107.94,10.7076],[107.8821,10.7303],[107.88,10.6717],[107.8221,10.6944],[107.8199,10.6357],[107.762,10.6584],[107.7041,10.6811],[107.7063,10.7398],[107.7085,10.7984],[107.7664,10.7757],[107.8243,10.753],[107.8264,10.8117],[107.8842,10.789],[107.8901,10.9647],[107.8322,10.9874],[107.834,11.0459],[107.7761,11.0686],[107.7779,11.1271],[107.72,11.1498],[107.6621,11.1725],[107.6669,11.3476],[107.6091,11.3703],[107.5512,11.393],[107.5526,11.4513],[107.4948,11.474],[107.4933,11.4157],[107.4354,11.4384],[107.3775,11.4611],[107.376,11.4028],[107.1445,11.4936],[107.1429,11.4352],[107.085,11.4579],[107.0833,11.3995],[107.0254,11.4222],[106.9676,11.4449],[106.9875,13.1244],[107.3927,12.9655],[107.393,12.9081],[107.3932,12.8506],[107.4511,12.8279],[107.4512,12.7705],[107.7985,12.6343],[107.7984,12.6917],[107.8563,12.669],[107.8549,12.8986],[107.9128,12.8759],[107.9707,12.8532],[107.9702,12.9105],[108.2017,12.8197],[108.2011,12.8769],[108.259,12.8542],[108.2584,12.9115],[108.3162,12.8888],[108.3155,12.9459],[108.3734,12.9232],[108.3726,12.9804],[108.4305,12.9577],[108.4296,13.0148],[108.4875,12.9921],[108.4767,13.5045],[108.5345,13.4818],[108.533,13.5386],[108.7066,13.4705],[108.705,13.5272],[108.7629,13.5045],[108.8207,13.4818],[108.8191,13.5385]]]}},{"type":"Feature","properties":{"periodId":"tay-son","name":"Lãnh thổ Tây Sơn","control":"direct","confidence":"medium","height":12000,"color":"#d66d3f","geometrySourceId":"khoahoc-45-maps","geometrySourceUrl":"https://e.khoahoc.tv/photos/image/2015/11/28/ban-do-viet-nam-44.jpg","geometrySourcePageUrl":"https://khoahoc.tv/45-tam-ban-do-viet-nam-qua-cac-giai-doan-tu-the-ky-10-phan-1-67140","imageYear":"1788","reconstructionMethod":"georeferenced-image-color-trace","precision":"illustrative-trace","georeferenceAccuracyKm":50},"geometry":{"type":"Polygon","coordinates":[[[104.4994,23.8263],[104.5573,23.8036],[104.6152,23.7809],[104.6288,23.7304],[104.6867,23.7077],[104.7446,23.685],[104.8295,23.5612],[105.2925,23.3796],[105.306,23.329],[105.7111,23.1701],[105.7245,23.1194],[105.7824,23.0967],[105.8403,23.074],[105.8536,23.0233],[105.9114,23.0006],[105.9693,22.9779],[106.0536,22.8538],[105.9957,22.8765],[106.0476,22.6731],[105.9897,22.6958],[106.0025,22.6448],[105.9446,22.6675],[106.0322,22.3099],[106.0901,22.2872],[106.1023,22.236],[106.1145,22.1847],[106.1724,22.162],[106.2303,22.1393],[106.2424,22.088],[106.3002,22.0653],[106.3581,22.0426],[106.3701,21.9913],[106.428,21.9686],[106.4859,21.9459],[106.4979,21.8945],[106.5097,21.8431],[106.5676,21.8204],[106.5794,21.769],[106.5912,21.7175],[106.6491,21.6948],[106.7069,21.6721],[106.7186,21.6206],[107.2395,21.4162],[107.2279,21.4678],[107.2857,21.4451],[107.3436,21.4224],[107.3319,21.4738],[107.5055,21.4057],[107.4937,21.4572],[107.6674,21.3891],[107.6792,21.3376],[107.6213,21.3603],[107.633,21.3089],[107.5752,21.3316],[107.5173,21.3543],[107.5289,21.3027],[107.4711,21.3254],[107.4827,21.2739],[107.4248,21.2966],[107.4363,21.245],[107.3784,21.2677],[107.3899,21.2161],[107.2163,21.2842],[107.2277,21.2325],[107.1698,21.2552],[107.1811,21.2035],[107.1232,21.2262],[107.1345,21.1745],[107.0766,21.1972],[107.0878,21.1454],[106.8562,21.2362],[106.9003,21.0287],[106.8424,21.0514],[106.8532,20.9995],[106.864,20.9475],[106.6903,21.0156],[106.701,20.9636],[106.6431,20.9863],[106.5853,21.009],[106.6273,20.8005],[106.28,20.9367],[106.2904,20.8845],[106.1167,20.9526],[106.1871,20.5861],[106.1293,20.6088],[106.139,20.5563],[106.0812,20.579],[106.0233,20.6017],[106.033,20.5491],[106.0426,20.4966],[105.9847,20.5193],[105.9269,20.542],[105.9364,20.4894],[105.9459,20.4367],[105.7723,20.5048],[105.7817,20.4521],[105.7911,20.3994],[105.7332,20.4221],[105.6753,20.4448],[105.6846,20.3921],[105.6267,20.4148],[105.5688,20.4375],[105.5963,20.279],[105.5384,20.3017],[105.4805,20.3244],[105.5506,19.9002],[105.4927,19.9229],[105.5178,19.7632],[105.4599,19.7859],[105.5466,19.1976],[105.6045,19.1749],[105.612,19.1212],[105.6698,19.0985],[105.7131,18.7755],[105.771,18.7528],[105.778,18.6988],[105.7849,18.6449],[105.8427,18.6222],[105.8496,18.5681],[105.8563,18.5141],[105.9142,18.4914],[105.9209,18.4373],[105.9788,18.4146],[105.9854,18.3604],[106.0433,18.3377],[106.1012,18.315],[106.1077,18.2609],[106.2813,18.1927],[106.2878,18.1385],[106.3457,18.1158],[106.4036,18.0931],[106.41,18.0389],[106.4679,18.0162],[106.5107,17.6355],[106.5686,17.6128],[106.5745,17.5582],[106.6323,17.5355],[106.6381,17.481],[106.696,17.4583],[106.7017,17.4036],[106.7596,17.3809],[106.7652,17.3263],[106.8231,17.3036],[106.881,17.2809],[106.8865,17.2262],[106.9444,17.2035],[107.0023,17.1808],[107.0078,17.1261],[107.0657,17.1034],[107.0711,17.0486],[107.129,17.0259],[107.1343,16.9711],[107.1922,16.9484],[107.2078,16.7839],[107.2657,16.7612],[107.3236,16.7385],[107.3435,16.5185],[107.575,16.4277],[107.5798,16.3726],[107.6377,16.3499],[107.6424,16.2948],[107.7003,16.2721],[107.7049,16.2169],[107.7628,16.1942],[107.8207,16.1715],[107.8342,16.0059],[108.0078,15.9378],[108.0122,15.8825],[108.0701,15.8598],[108.0828,15.6936],[108.4301,15.5574],[108.4342,15.502],[108.492,15.4793],[108.496,15.4238],[108.5,15.3683],[108.5579,15.3456],[108.5618,15.29],[108.6196,15.2673],[108.6234,15.2118],[108.6813,15.1891],[108.6923,15.0221],[108.7502,14.9994],[108.7537,14.9436],[108.8116,14.9209],[108.8151,14.8652],[108.8184,14.8094],[108.8763,14.7867],[108.8796,14.7308],[108.9375,14.7081],[108.9954,14.6854],[108.9987,14.6295],[109.0018,14.5736],[109.0597,14.5509],[109.0628,14.495],[109.1207,14.4723],[109.1237,14.4163],[109.1267,14.3602],[109.1846,14.3375],[109.1957,14.1131],[109.2536,14.0904],[109.2612,13.9217],[109.3191,13.8989],[109.3261,13.7299],[109.2682,13.7526],[109.2854,13.2435],[109.3433,13.2208],[109.3478,13.0504],[109.4057,13.0277],[109.4127,12.686],[109.4706,12.6633],[109.4715,12.6062],[109.2979,12.6743],[109.3014,12.3884],[109.2436,12.4111],[109.2456,11.9517],[109.1878,11.9744],[109.178,12.9478],[109.1201,12.9705],[109.1162,13.1412],[109.0584,13.1639],[109.0539,13.3343],[108.996,13.357],[108.9891,13.5836],[108.9312,13.6063],[108.9293,13.6629],[108.8714,13.6856],[108.8653,13.8551],[108.8074,13.8778],[108.8052,13.9342],[108.7473,13.9569],[108.745,14.0133],[108.1662,14.2403],[108.1857,13.6748],[108.4172,13.584],[108.4188,13.5272],[108.4767,13.5045],[108.4911,12.7062],[108.549,12.6835],[108.6069,12.6608],[108.6089,12.3164],[108.6667,12.2937],[108.6668,12.1211],[108.7247,12.0984],[108.7237,11.8677],[108.7816,11.845],[108.7812,11.7872],[108.7807,11.7294],[108.6071,11.7975],[108.6045,11.5659],[108.5466,11.5886],[108.4887,11.6113],[108.4913,11.8429],[108.4334,11.8656],[108.3756,11.8883],[108.376,11.9461],[108.3764,12.0039],[108.3186,12.0266],[108.2607,12.0493],[108.2615,12.2224],[108.0878,12.2905],[108.0878,12.5782],[108.0299,12.6009],[107.972,12.6236],[107.9696,12.9677],[107.796,13.0358],[107.791,13.3786],[107.4438,13.5148],[107.4427,13.5719],[107.4415,13.6288],[107.3837,13.6515],[107.3258,13.6742],[107.0364,13.7877],[107.0375,13.7308],[107.0386,13.6737],[106.9807,13.6964],[106.9747,13.9811],[106.801,14.0492],[106.7996,14.106],[106.7981,14.1628],[106.7402,14.1855],[106.6824,14.2082],[106.6719,14.5482],[106.2668,14.7071],[106.2756,14.4239],[106.2178,14.4466],[106.2261,14.1055],[106.1682,14.1282],[106.1103,14.1509],[106.1036,14.4352],[105.4669,14.6849],[105.4684,14.6282],[105.4105,14.6509],[105.4119,14.594],[105.2383,14.6621],[105.2368,14.719],[105.179,14.7417],[105.1775,14.7984],[105.1196,14.8212],[105.118,14.8779],[105.4074,14.7644],[105.4058,14.8211],[105.4041,14.8778],[105.462,14.8551],[105.4637,14.7984],[105.4653,14.7417],[105.9284,14.5601],[105.9089,15.1256],[105.6774,15.2164],[105.6623,15.554],[105.6044,15.5767],[105.5466,15.5994],[105.5381,15.7677],[105.0172,15.972],[105.0201,15.9159],[104.8464,15.984],[104.8598,15.7032],[104.6862,15.7713],[104.6887,15.715],[104.3414,15.8512],[104.3311,16.0761],[103.5786,16.3712],[103.5981,15.9208],[103.5402,15.9435],[103.5381,16],[103.4802,16.0227],[103.4629,16.4166],[103.405,16.4393],[103.4022,16.4954],[103.3994,16.5515],[104.1519,16.2564],[104.143,16.4245],[104.2008,16.4018],[104.1977,16.4578],[104.545,16.3216],[104.5284,16.6008],[104.5863,16.5781],[104.6442,16.5554],[104.6639,16.2202],[105.1848,16.0159],[105.1817,16.0719],[105.2396,16.0492],[105.2975,16.0265],[105.2738,16.4171],[105.6211,16.2809],[105.6174,16.3366],[105.6137,16.3922],[105.6715,16.3695],[105.7294,16.3468],[105.7439,16.1241],[105.8018,16.1014],[105.8597,16.0787],[105.8632,16.0229],[105.8665,15.9671],[106.2717,15.8082],[106.2541,16.0869],[106.312,16.0642],[106.3698,16.0415],[106.3584,16.2082],[106.4163,16.1855],[106.3782,16.6839],[106.4361,16.6612],[106.4315,16.7164],[106.6052,16.6483],[106.5712,17.0336],[106.5133,17.0563],[106.5081,17.1112],[106.3345,17.1793],[106.3186,17.3437],[106.2608,17.3664],[106.2029,17.3891],[106.1975,17.4439],[106.1396,17.4666],[106.1341,17.5213],[106.0762,17.544],[106.0183,17.5667],[106.0128,17.6214],[105.7812,17.7122],[105.7641,17.876],[105.5905,17.9441],[105.5847,17.9987],[105.5268,18.0214],[105.4689,18.0441],[105.4509,18.2075],[105.3931,18.2302],[105.3352,18.2529],[105.3291,18.3073],[105.2712,18.33],[105.265,18.3843],[105.2071,18.407],[105.1492,18.4297],[105.1429,18.484],[104.7378,18.6429],[104.7684,18.371],[104.7105,18.3937],[104.7164,18.3392],[104.6586,18.3619],[104.6007,18.3846],[104.6065,18.33],[104.6123,18.2755],[104.5544,18.2982],[104.4965,18.3209],[104.4546,18.7021],[103.9916,18.8837],[103.9853,18.938],[103.979,18.9923],[103.9211,19.015],[103.9147,19.0693],[103.9082,19.1235],[104.3713,18.9419],[104.324,19.3203],[104.2661,19.343],[104.2591,19.3969],[104.2012,19.4196],[104.1941,19.4735],[104.1362,19.4962],[104.129,19.5501],[103.7239,19.709],[103.731,19.6551],[103.6732,19.6778],[103.644,19.893],[103.5861,19.9157],[103.5787,19.9694],[103.5711,20.0231],[103.2817,20.1366],[103.2741,20.1902],[103.1005,20.2583],[103.0928,20.3119],[103.0851,20.3654],[102.6221,20.547],[102.6298,20.4935],[102.4561,20.5616],[102.4327,20.7221],[102.0854,20.8583],[102.0283,21.2317],[101.9704,21.2544],[101.962,21.3076],[102.0199,21.2849],[101.9766,21.5503],[102.0345,21.5276],[102.0256,21.5806],[102.2571,21.4898],[102.2482,21.5427],[102.3061,21.52],[102.2971,21.5729],[102.355,21.5502],[102.3459,21.6031],[102.6353,21.4896],[102.5504,21.9637],[102.261,22.0772],[102.2513,22.1297],[102.7143,21.9481],[102.7045,22.0006],[102.7623,21.9779],[102.6914,22.3441],[102.6336,22.3668],[102.5757,22.3895],[102.5653,22.4417],[102.5074,22.4644],[102.4651,22.6727],[102.5229,22.65],[102.5122,22.702],[102.5701,22.6793],[102.5592,22.7313],[102.6171,22.7086],[102.6062,22.7605],[102.5952,22.8124],[102.6531,22.7897],[102.5858,23.1002],[102.6437,23.0775],[102.6322,23.1291],[102.6901,23.1064],[102.5347,23.7743],[102.4768,23.797],[102.4644,23.8481],[102.4519,23.8992],[102.394,23.9219],[102.3361,23.9446],[102.3235,23.9957],[102.3814,23.973],[102.3687,24.024],[102.4266,24.0013],[102.4845,23.9786],[102.4718,24.0296],[102.5297,24.0069],[102.5875,23.9842],[102.5747,24.0351],[102.6326,24.0124],[102.6905,23.9897],[102.6776,24.0406],[102.967,23.9271],[102.9541,23.978],[102.9411,24.0288],[102.999,24.0061],[103.0568,23.9834],[103.0438,24.0342],[103.2174,23.9661],[103.2043,24.0168],[103.2621,23.9941],[103.32,23.9714],[103.3068,24.0222],[103.3647,23.9995],[103.4226,23.9768],[103.4093,24.0274],[103.4672,24.0047],[103.525,23.982],[103.5117,24.0327],[103.5696,24.01],[103.6274,23.9873],[103.614,24.0379],[103.7877,23.9698],[103.7742,24.0204],[103.9478,23.9523],[103.9613,23.9017],[104.3665,23.7428],[104.353,23.7934],[104.4108,23.7707],[104.4687,23.748],[104.4551,23.7985],[104.513,23.7758],[104.4994,23.8263]]]}},{"type":"Feature","properties":{"periodId":"tay-son","name":"Vùng Nguyễn Ánh","control":"autonomous","confidence":"low","height":6500,"color":"#b08a5a","geometrySourceId":"khoahoc-45-maps","geometrySourceUrl":"https://e.khoahoc.tv/photos/image/2015/11/28/ban-do-viet-nam-44.jpg","geometrySourcePageUrl":"https://khoahoc.tv/45-tam-ban-do-viet-nam-qua-cac-giai-doan-tu-the-ky-10-phan-1-67140","imageYear":"1788","reconstructionMethod":"georeferenced-image-color-trace","precision":"illustrative-trace","georeferenceAccuracyKm":50},"geometry":{"type":"Polygon","coordinates":[[[107.4354,11.4384],[107.6669,11.3476],[107.6621,11.1725],[107.72,11.1498],[107.7779,11.1271],[107.7761,11.0686],[107.834,11.0459],[107.8322,10.9874],[107.8901,10.9647],[107.8842,10.789],[107.9421,10.7663],[108,10.7436],[107.9979,10.6849],[107.94,10.7076],[107.8821,10.7303],[107.88,10.6717],[107.8221,10.6944],[107.8199,10.6357],[107.762,10.6584],[107.7597,10.5996],[107.7018,10.6223],[107.6994,10.5635],[107.6416,10.5862],[107.6391,10.5274],[107.5812,10.5501],[107.5787,10.4912],[107.5208,10.5139],[107.5182,10.455],[107.4604,10.4777],[107.4577,10.4188],[107.3998,10.4415],[107.3419,10.4642],[107.3392,10.4052],[107.2813,10.4279],[107.2785,10.3689],[106.9891,10.4824],[106.9863,10.4234],[106.9833,10.3643],[106.8097,10.4324],[106.7906,10.0772],[106.7327,10.0999],[106.7293,10.0406],[106.7258,9.9812],[106.6679,10.0039],[106.657,9.8256],[106.5991,9.8483],[106.5836,9.61],[106.5257,9.6327],[106.5217,9.5731],[106.5175,9.5134],[106.2281,9.6269],[106.2109,9.3877],[106.153,9.4104],[106.1485,9.3505],[106.0907,9.3732],[106.0861,9.3133],[106.0282,9.336],[106.0236,9.2761],[105.9657,9.2988],[105.961,9.2388],[105.9032,9.2615],[105.8453,9.2842],[105.8405,9.2242],[105.7826,9.2469],[105.7778,9.1868],[105.7199,9.2095],[105.715,9.1494],[105.6571,9.1721],[105.6522,9.112],[105.5943,9.1347],[105.5892,9.0745],[105.5314,9.0972],[105.5262,9.037],[105.4684,9.0597],[105.4632,8.9995],[105.4579,8.9392],[105.4,8.9619],[105.3947,8.9016],[105.3893,8.8412],[105.3314,8.8639],[105.326,8.8036],[105.3204,8.7431],[105.2626,8.7658],[105.257,8.7054],[105.1991,8.7281],[105.1934,8.6676],[105.1355,8.6903],[105.1298,8.6298],[105.124,8.5692],[105.0661,8.5919],[105.0082,8.6146],[105.0023,8.554],[104.9444,8.5767],[104.8866,8.5994],[104.8806,8.5387],[104.8227,8.5614],[104.7648,8.5842],[104.866,9.7301],[104.9239,9.7074],[104.9818,9.6847],[105.0084,10.0438],[104.8348,10.1119],[104.839,10.1717],[104.5496,10.2852],[104.5537,10.3449],[104.5578,10.4045],[104.4999,10.4272],[104.5039,10.4869],[104.5078,10.5464],[104.4499,10.5691],[104.4538,10.6287],[104.3959,10.6514],[104.338,10.6741],[104.3418,10.7336],[104.2839,10.7563],[104.2876,10.8158],[103.9982,10.9293],[103.9749,10.5719],[103.917,10.5946],[103.8591,10.6173],[103.855,10.5576],[103.7971,10.5803],[103.8246,10.9974],[103.4194,11.1563],[103.4301,11.3345],[103.488,11.3118],[103.4914,11.3711],[103.5493,11.3484],[103.6072,11.3257],[103.6105,11.385],[103.6684,11.3623],[103.6717,11.4216],[103.6749,11.4808],[103.9064,11.39],[103.9096,11.4492],[103.9675,11.4265],[103.9705,11.4856],[104.0284,11.4629],[104.0314,11.5221],[104.0893,11.4994],[104.1472,11.4767],[104.1501,11.5357],[104.8447,11.2633],[104.8557,11.4993],[104.9136,11.4766],[104.9162,11.5355],[105.0898,11.4674],[105.0819,11.2906],[105.1398,11.2679],[105.137,11.2089],[105.1341,11.1498],[105.192,11.1271],[105.189,11.068],[105.186,11.0089],[105.2439,10.9862],[105.2408,10.9271],[105.5881,10.7909],[105.5912,10.85],[105.7648,10.7819],[105.7792,11.0771],[105.8371,11.0544],[105.8473,11.2899],[105.9051,11.2672],[105.9075,11.326],[105.9098,11.3848],[105.9677,11.3621],[106.0256,11.3394],[106.0278,11.3981],[106.0857,11.3754],[106.0878,11.4341],[106.1457,11.4114],[106.2036,11.3887],[106.2057,11.4473],[106.7266,11.243],[106.7343,11.4772],[107.0237,11.3637],[107.0254,11.4222],[107.0833,11.3995],[107.085,11.4579],[107.1429,11.4352],[107.1445,11.4936],[107.4339,11.3801],[107.4354,11.4384]]]}},{"type":"Feature","properties":{"periodId":"gia-long-1802","name":"Việt Nam thời Gia Long","control":"direct","confidence":"high","height":12000,"color":"#d6613c","geometrySourceId":"khoahoc-45-maps","geometrySourceUrl":"https://e.khoahoc.tv/photos/image/2015/11/28/ban-do-viet-nam-46.jpg","geometrySourcePageUrl":"https://khoahoc.tv/45-tam-ban-do-viet-nam-qua-cac-giai-doan-tu-the-ky-10-phan-1-67140","imageYear":"1802","reconstructionMethod":"georeferenced-image-color-trace","precision":"illustrative-trace","georeferenceAccuracyKm":50},"geometry":{"type":"MultiPolygon","coordinates":[[[[104.4415,23.849],[104.6152,23.7809],[104.6288,23.7304],[104.8024,23.6623],[104.8874,23.5385],[105.3504,23.3569],[105.3639,23.3063],[105.769,23.1474],[105.7824,23.0967],[105.8403,23.074],[105.8981,23.0513],[105.9114,23.0006],[105.9693,22.9779],[106.0272,22.9552],[106.0796,22.7521],[106.0218,22.7748],[106.0347,22.724],[105.9768,22.7467],[105.9897,22.6958],[106.0025,22.6448],[105.9446,22.6675],[106.0199,22.3611],[106.0778,22.3384],[106.1145,22.1847],[106.2881,22.1166],[106.3002,22.0653],[106.3581,22.0426],[106.416,22.0199],[106.428,21.9686],[106.4859,21.9459],[106.4979,21.8945],[106.5097,21.8431],[106.6373,21.7463],[106.6491,21.6948],[106.8227,21.6267],[106.8344,21.5752],[107.1817,21.4389],[107.17,21.4905],[107.2279,21.4678],[107.2161,21.5193],[107.5634,21.383],[107.5516,21.4345],[107.6095,21.4118],[107.5976,21.4632],[107.6555,21.4405],[107.7134,21.4178],[107.7252,21.3664],[107.6674,21.3891],[107.6792,21.3376],[107.6213,21.3603],[107.633,21.3089],[107.5752,21.3316],[107.5173,21.3543],[107.5289,21.3027],[107.4711,21.3254],[107.4827,21.2739],[107.4248,21.2966],[107.4363,21.245],[107.3784,21.2677],[107.3899,21.2161],[107.2163,21.2842],[107.2277,21.2325],[107.1698,21.2552],[107.1811,21.2035],[107.1232,21.2262],[107.1345,21.1745],[107.0766,21.1972],[107.0878,21.1454],[106.8562,21.2362],[106.9111,20.9768],[106.8532,20.9995],[106.864,20.9475],[106.6903,21.0156],[106.701,20.9636],[106.238,21.1452],[106.2904,20.8845],[106.2325,20.9072],[106.1746,20.9299],[106.1849,20.8776],[106.1951,20.8253],[106.1372,20.848],[106.1969,20.5336],[106.139,20.5563],[106.1488,20.5037],[106.1584,20.4512],[105.9847,20.5193],[105.9943,20.4667],[105.9364,20.4894],[105.9459,20.4367],[105.888,20.4594],[105.8975,20.4067],[105.8396,20.4294],[105.7817,20.4521],[105.7911,20.3994],[105.7332,20.4221],[105.7425,20.3694],[105.6846,20.3921],[105.6267,20.4148],[105.6359,20.362],[105.578,20.3847],[105.5872,20.3318],[105.5963,20.279],[105.5384,20.3017],[105.5474,20.2488],[105.5563,20.1958],[105.4984,20.2185],[105.5674,19.7937],[105.5095,19.8164],[105.5178,19.7632],[105.526,19.7099],[105.4682,19.7326],[105.4763,19.6792],[105.4844,19.6259],[105.4265,19.6486],[105.4659,19.3811],[105.5238,19.3584],[105.5315,19.3049],[105.5391,19.2512],[105.597,19.2285],[105.6045,19.1749],[105.6624,19.1522],[105.7203,19.1295],[105.7277,19.0758],[105.6698,19.0985],[105.7131,18.7755],[105.771,18.7528],[105.778,18.6988],[105.7849,18.6449],[105.8427,18.6222],[105.8496,18.5681],[105.8563,18.5141],[105.9142,18.4914],[105.9209,18.4373],[105.9788,18.4146],[105.9854,18.3604],[106.0433,18.3377],[106.1012,18.315],[106.1077,18.2609],[106.2813,18.1927],[106.2878,18.1385],[106.3457,18.1158],[106.4036,18.0931],[106.41,18.0389],[106.4679,18.0162],[106.5107,17.6355],[106.5686,17.6128],[106.5745,17.5582],[106.6323,17.5355],[106.6381,17.481],[106.696,17.4583],[106.7017,17.4036],[106.7596,17.3809],[106.7652,17.3263],[106.8231,17.3036],[106.881,17.2809],[106.8865,17.2262],[106.9444,17.2035],[107.0023,17.1808],[107.0078,17.1261],[107.0657,17.1034],[107.1236,17.0807],[107.129,17.0259],[107.1343,16.9711],[107.1922,16.9484],[107.1975,16.8936],[107.2554,16.8709],[107.2606,16.8161],[107.3185,16.7934],[107.3236,16.7385],[107.3287,16.6835],[107.3866,16.6608],[107.3916,16.6059],[107.4494,16.5832],[107.5073,16.5605],[107.5123,16.5054],[107.5701,16.4827],[107.575,16.4277],[107.6329,16.405],[107.6377,16.3499],[107.6955,16.3272],[107.7003,16.2721],[107.7581,16.2494],[107.7628,16.1942],[107.8207,16.1715],[107.8786,16.1488],[107.8831,16.0937],[107.8876,16.0384],[108.0613,15.9703],[108.0657,15.9151],[108.0701,15.8598],[108.128,15.8371],[108.1323,15.7817],[108.3638,15.6909],[108.368,15.6356],[108.3722,15.5801],[108.4301,15.5574],[108.4879,15.5347],[108.5,15.3683],[108.5579,15.3456],[108.6158,15.3229],[108.6196,15.2673],[108.6775,15.2446],[108.6923,15.0221],[108.7502,14.9994],[108.8081,14.9767],[108.8116,14.9209],[108.8695,14.8982],[108.8729,14.8425],[108.8763,14.7867],[108.9342,14.764],[108.9375,14.7081],[108.9954,14.6854],[108.9987,14.6295],[109.0018,14.5736],[109.0597,14.5509],[109.0628,14.495],[109.1207,14.4723],[109.1237,14.4163],[109.1267,14.3602],[109.1846,14.3375],[109.1957,14.1131],[109.2536,14.0904],[109.2612,13.9217],[109.3191,13.8989],[109.3261,13.7299],[109.2682,13.7526],[109.2854,13.2435],[109.3433,13.2208],[109.3478,13.0504],[109.4057,13.0277],[109.4127,12.686],[109.4706,12.6633],[109.4715,12.6062],[109.2979,12.6743],[109.3014,12.3884],[109.2436,12.4111],[109.2456,11.9517],[109.1878,11.9744],[109.178,12.9478],[109.1201,12.9705],[109.1162,13.1412],[109.0584,13.1639],[109.0539,13.3343],[108.996,13.357],[108.9909,13.527],[108.933,13.5497],[108.9312,13.6063],[108.8733,13.629],[108.8653,13.8551],[108.8074,13.8778],[108.8052,13.9342],[108.7473,13.9569],[108.745,14.0133],[108.3978,14.1495],[108.3954,14.2058],[108.3375,14.2285],[108.3351,14.2849],[108.2773,14.3076],[108.2696,14.4763],[108.096,14.5444],[108.0933,14.6006],[108.0354,14.6233],[108.0327,14.6794],[107.9748,14.7021],[107.972,14.7582],[107.9141,14.7809],[107.9112,14.837],[107.8533,14.8597],[107.7954,14.8824],[107.7925,14.9384],[107.7346,14.9611],[107.7316,15.0171],[107.6737,15.0398],[107.6158,15.0625],[107.6127,15.1184],[107.5548,15.1411],[107.5516,15.197],[107.5484,15.2529],[107.4905,15.2756],[107.4872,15.3315],[107.4293,15.3542],[107.3963,15.8551],[107.3384,15.8778],[107.3344,15.9333],[107.3303,15.9888],[107.2725,16.0115],[107.2683,16.0669],[107.0947,16.135],[107.0904,16.1903],[107.0325,16.213],[107.0282,16.2684],[106.7388,16.3819],[106.7345,16.4372],[106.73,16.4924],[106.6722,16.5151],[106.6676,16.5704],[106.6631,16.6256],[106.6052,16.6483],[106.5762,16.9786],[106.5183,17.0013],[106.5133,17.0563],[106.4554,17.079],[106.4503,17.1339],[106.3924,17.1566],[106.3872,17.2114],[106.3293,17.2341],[106.324,17.289],[106.3186,17.3437],[106.2608,17.3664],[106.2029,17.3891],[106.1975,17.4439],[106.1396,17.4666],[106.1341,17.5213],[106.0762,17.544],[106.0706,17.5987],[105.897,17.6668],[105.8914,17.7215],[105.7177,17.7896],[105.712,17.8442],[105.6541,17.8669],[105.6484,17.9214],[105.5905,17.9441],[105.5326,17.9668],[105.5268,18.0214],[105.4689,18.0441],[105.463,18.0986],[105.4051,18.1213],[105.3991,18.1757],[105.3931,18.2302],[105.0458,18.3664],[105.0144,18.638],[104.9566,18.6607],[104.9501,18.7149],[104.8922,18.7376],[104.8343,18.7603],[104.8278,18.8144],[104.7699,18.8371],[104.7633,18.8913],[104.7054,18.914],[104.6475,18.9367],[104.6408,18.9908],[104.583,19.0135],[104.5762,19.0675],[104.5183,19.0902],[104.5115,19.1443],[104.4536,19.167],[104.3957,19.1897],[104.3888,19.2437],[104.331,19.2664],[104.2731,19.2891],[104.2661,19.343],[104.2591,19.3969],[104.0854,19.465],[104.0639,19.6266],[104.006,19.6493],[103.9987,19.703],[103.7093,19.8165],[103.7381,19.6012],[103.5645,19.6693],[103.5574,19.7232],[103.6153,19.7005],[103.5559,20.1303],[103.498,20.153],[103.4401,20.1757],[103.4324,20.2292],[102.7378,20.5016],[102.7456,20.4481],[102.514,20.5389],[102.5063,20.5924],[102.4484,20.6151],[102.4087,20.8824],[102.1771,20.9732],[102.169,21.0265],[102.1111,21.0492],[102.1029,21.1025],[102.0946,21.1558],[102.0367,21.1785],[102.0283,21.2317],[101.9704,21.2544],[101.962,21.3076],[102.0199,21.2849],[101.9854,21.4973],[102.0433,21.4746],[102.0345,21.5276],[102.0256,21.5806],[102.1993,21.5125],[102.1903,21.5654],[102.2482,21.5427],[102.3061,21.52],[102.2971,21.5729],[102.355,21.5502],[102.3459,21.6031],[102.5195,21.535],[102.5104,21.5878],[102.5683,21.5651],[102.6261,21.5424],[102.5602,21.9112],[102.618,21.8885],[102.6083,21.941],[102.6662,21.9183],[102.6564,21.9708],[102.7143,21.9481],[102.7045,22.0006],[102.7623,21.9779],[102.8202,21.9552],[102.8103,22.0076],[102.8682,21.9849],[102.8175,22.2465],[102.7597,22.2692],[102.7018,22.2919],[102.6914,22.3441],[102.6336,22.3668],[102.5757,22.3895],[102.5653,22.4417],[102.5074,22.4644],[102.4543,22.7247],[102.5122,22.702],[102.5013,22.754],[102.5592,22.7313],[102.5483,22.7832],[102.6062,22.7605],[102.5393,23.0713],[102.5972,23.0486],[102.5858,23.1002],[102.6437,23.0775],[102.6322,23.1291],[102.6901,23.1064],[102.5347,23.7743],[102.4768,23.797],[102.4644,23.8481],[102.4065,23.8708],[102.3235,23.9957],[102.3814,23.973],[102.3687,24.024],[102.4266,24.0013],[102.4845,23.9786],[102.4718,24.0296],[102.5297,24.0069],[102.5875,23.9842],[102.5747,24.0351],[102.6326,24.0124],[102.6905,23.9897],[102.6776,24.0406],[102.967,23.9271],[102.9541,23.978],[102.9411,24.0288],[102.999,24.0061],[103.0568,23.9834],[103.0438,24.0342],[103.1016,24.0115],[103.1595,23.9888],[103.1464,24.0395],[103.32,23.9714],[103.3068,24.0222],[103.3647,23.9995],[103.4226,23.9768],[103.4093,24.0274],[103.4672,24.0047],[103.525,23.982],[103.5117,24.0327],[103.5696,24.01],[103.6274,23.9873],[103.614,24.0379],[103.7877,23.9698],[103.7742,24.0204],[104.0057,23.9296],[104.0192,23.879],[104.3665,23.7428],[104.353,23.7934],[104.4108,23.7707],[104.3973,23.8212],[104.4551,23.7985],[104.4415,23.849]]],[[[107.4948,11.474],[107.5526,11.4513],[107.5512,11.393],[107.6091,11.3703],[107.6669,11.3476],[107.6621,11.1725],[107.72,11.1498],[107.7779,11.1271],[107.7761,11.0686],[107.834,11.0459],[107.8322,10.9874],[107.8901,10.9647],[107.8842,10.789],[107.9421,10.7663],[108,10.7436],[107.9979,10.6849],[107.94,10.7076],[107.8821,10.7303],[107.88,10.6717],[107.8221,10.6944],[107.8199,10.6357],[107.762,10.6584],[107.7597,10.5996],[107.7018,10.6223],[107.6994,10.5635],[107.6416,10.5862],[107.6391,10.5274],[107.5812,10.5501],[107.5787,10.4912],[107.5208,10.5139],[107.5182,10.455],[107.4604,10.4777],[107.4577,10.4188],[107.3998,10.4415],[107.3419,10.4642],[107.3392,10.4052],[107.2813,10.4279],[107.2785,10.3689],[106.9891,10.4824],[106.9863,10.4234],[106.9833,10.3643],[106.8097,10.4324],[106.7906,10.0772],[106.7327,10.0999],[106.7293,10.0406],[106.7258,9.9812],[106.6679,10.0039],[106.657,9.8256],[106.5991,9.8483],[106.5836,9.61],[106.5257,9.6327],[106.5217,9.5731],[106.5175,9.5134],[106.2281,9.6269],[106.2109,9.3877],[106.153,9.4104],[106.1485,9.3505],[106.0907,9.3732],[106.0861,9.3133],[106.0282,9.336],[106.0236,9.2761],[105.9657,9.2988],[105.961,9.2388],[105.9032,9.2615],[105.8453,9.2842],[105.8405,9.2242],[105.7826,9.2469],[105.7778,9.1868],[105.7199,9.2095],[105.715,9.1494],[105.6571,9.1721],[105.6522,9.112],[105.5943,9.1347],[105.5892,9.0745],[105.5314,9.0972],[105.5262,9.037],[105.4684,9.0597],[105.4632,8.9995],[105.4579,8.9392],[105.4,8.9619],[105.3947,8.9016],[105.3893,8.8412],[105.3314,8.8639],[105.326,8.8036],[105.3204,8.7431],[105.2626,8.7658],[105.257,8.7054],[105.1991,8.7281],[105.1934,8.6676],[105.1355,8.6903],[105.1298,8.6298],[105.124,8.5692],[105.0661,8.5919],[105.0082,8.6146],[105.0023,8.554],[104.9444,8.5767],[104.8866,8.5994],[104.8806,8.5387],[104.8227,8.5614],[104.7648,8.5842],[104.866,9.7301],[104.9239,9.7074],[104.9818,9.6847],[105.0084,10.0438],[104.8348,10.1119],[104.839,10.1717],[104.5496,10.2852],[104.5537,10.3449],[104.5578,10.4045],[104.4999,10.4272],[104.5039,10.4869],[104.5078,10.5464],[104.4499,10.5691],[104.4538,10.6287],[104.3959,10.6514],[104.338,10.6741],[104.3418,10.7336],[103.9945,10.8698],[103.9749,10.5719],[103.917,10.5946],[103.8591,10.6173],[103.855,10.5576],[103.7971,10.5803],[103.8209,10.9379],[103.6472,11.006],[103.6509,11.0655],[103.4194,11.1563],[103.4301,11.3345],[103.488,11.3118],[103.4914,11.3711],[103.5493,11.3484],[103.5527,11.4077],[103.6105,11.385],[103.6684,11.3623],[103.6717,11.4216],[103.6749,11.4808],[103.9064,11.39],[103.9096,11.4492],[103.9675,11.4265],[103.9705,11.4856],[104.0284,11.4629],[104.0314,11.5221],[104.0893,11.4994],[104.0923,11.5584],[104.0951,11.6175],[104.153,11.5948],[104.2109,11.5721],[104.208,11.513],[104.8447,11.2633],[104.8583,11.5582],[105.0898,11.4674],[105.0819,11.2906],[105.1398,11.2679],[105.137,11.2089],[105.1341,11.1498],[105.192,11.1271],[105.189,11.068],[105.186,11.0089],[105.2439,10.9862],[105.2408,10.9271],[105.7618,10.7228],[105.7792,11.0771],[105.8371,11.0544],[105.8473,11.2899],[105.9051,11.2672],[105.9075,11.326],[105.9098,11.3848],[105.9677,11.3621],[106.0256,11.3394],[106.0278,11.3981],[106.0857,11.3754],[106.0878,11.4341],[106.1457,11.4114],[106.2036,11.3887],[106.2057,11.4473],[106.7266,11.243],[106.7343,11.4772],[106.9079,11.4091],[106.9097,11.4676],[107.0833,11.3995],[107.085,11.4579],[107.1429,11.4352],[107.1445,11.4936],[107.4339,11.3801],[107.4354,11.4384],[107.4933,11.4157],[107.4948,11.474]]]]}},{"type":"Feature","properties":{"periodId":"dai-nam-1835","name":"Đại Nam","control":"direct","confidence":"medium","height":12000,"color":"#d75a3a","geometrySourceId":"khoahoc-45-maps","geometrySourceUrl":"https://e.khoahoc.tv/photos/image/2015/11/28/ban-do-viet-nam-48.jpg","geometrySourcePageUrl":"https://khoahoc.tv/45-tam-ban-do-viet-nam-qua-cac-giai-doan-tu-the-ky-10-phan-1-67140","imageYear":"1835","reconstructionMethod":"georeferenced-image-color-trace","precision":"illustrative-trace","georeferenceAccuracyKm":50},"geometry":{"type":"MultiPolygon","coordinates":[[[[104.4507,23.8454],[104.6247,23.7772],[104.6383,23.7267],[104.6963,23.7039],[104.7543,23.6812],[104.8393,23.5573],[105.3611,23.3527],[105.3746,23.3021],[105.7224,23.1656],[105.7358,23.115],[105.9097,23.0468],[105.923,22.9961],[105.981,22.9733],[106.039,22.9506],[106.0914,22.7475],[106.0335,22.7702],[106.0464,22.7194],[105.9884,22.7421],[106.0013,22.6912],[106.0141,22.6403],[105.9561,22.663],[106.056,22.2542],[106.1139,22.2315],[106.1261,22.1802],[106.1841,22.1574],[106.2421,22.1347],[106.2542,22.0834],[106.4281,22.0152],[106.4401,21.9639],[106.4981,21.9411],[106.5101,21.8897],[106.5219,21.8383],[106.5799,21.8156],[106.5917,21.7641],[106.6497,21.7414],[106.7077,21.7187],[106.7194,21.6672],[106.7774,21.6444],[106.7891,21.5929],[107.1949,21.4337],[107.1833,21.4853],[107.2412,21.4625],[107.2295,21.514],[107.4034,21.4458],[107.3916,21.4972],[107.6235,21.4063],[107.6117,21.4577],[107.6696,21.4349],[107.7276,21.4122],[107.7395,21.3608],[107.6815,21.3835],[107.6933,21.3321],[107.6354,21.3548],[107.5774,21.3776],[107.5891,21.3261],[107.5311,21.3488],[107.5428,21.2973],[107.4848,21.32],[107.4964,21.2685],[107.4385,21.2912],[107.45,21.2396],[107.392,21.2624],[107.4035,21.2107],[107.2295,21.279],[107.2409,21.2273],[107.183,21.25],[107.1943,21.1983],[107.1363,21.2211],[107.1475,21.1693],[107.0896,21.1921],[107.1008,21.1403],[107.0428,21.163],[106.9848,21.1858],[107.0288,20.9783],[106.9708,21.0011],[106.9129,21.0238],[106.9237,20.9718],[106.8657,20.9946],[106.8765,20.9426],[106.7025,21.0108],[106.7132,20.9588],[106.2494,21.1407],[106.3018,20.88],[106.2438,20.9027],[106.1858,20.9255],[106.1961,20.8732],[106.2063,20.8209],[106.1483,20.8437],[106.1982,20.5817],[106.1403,20.6045],[106.1694,20.4469],[105.9955,20.5151],[106.005,20.4625],[105.947,20.4852],[105.9565,20.4326],[105.8986,20.4553],[105.8406,20.478],[105.85,20.4254],[105.8594,20.3726],[105.6854,20.4409],[105.6947,20.3881],[105.6367,20.4108],[105.6459,20.358],[105.588,20.3808],[105.5971,20.328],[105.6062,20.2751],[105.5482,20.2978],[105.575,20.139],[105.517,20.1618],[105.5771,19.7899],[105.5191,19.8127],[105.5274,19.7594],[105.5357,19.7061],[105.4777,19.7288],[105.4858,19.6755],[105.4939,19.6221],[105.436,19.6449],[105.4754,19.3775],[105.5333,19.3547],[105.541,19.3011],[105.5486,19.2475],[105.6066,19.2248],[105.6141,19.1711],[105.6721,19.1484],[105.7301,19.1256],[105.7375,19.0719],[105.6796,19.0947],[105.7228,18.7717],[105.7808,18.749],[105.7878,18.695],[105.7947,18.641],[105.8527,18.6183],[105.8595,18.5642],[105.8662,18.5102],[105.9242,18.4874],[105.9309,18.4333],[105.9889,18.4106],[105.9955,18.3565],[106.0535,18.3337],[106.1115,18.311],[106.118,18.2568],[106.2919,18.1886],[106.2984,18.1344],[106.3564,18.1116],[106.3628,18.0574],[106.4208,18.0347],[106.4788,18.0119],[106.5216,17.6312],[106.5796,17.6084],[106.5855,17.5539],[106.6434,17.5312],[106.6492,17.4766],[106.7072,17.4539],[106.7129,17.3992],[106.7185,17.3446],[106.8925,17.2764],[106.898,17.2217],[106.956,17.199],[107.014,17.1762],[107.0195,17.1215],[107.0775,17.0988],[107.1354,17.076],[107.1515,16.9117],[107.2095,16.8889],[107.2675,16.8662],[107.2727,16.8113],[107.3307,16.7886],[107.3459,16.6238],[107.4038,16.601],[107.4618,16.5783],[107.4668,16.5233],[107.5247,16.5005],[107.5296,16.4455],[107.5876,16.4228],[107.6456,16.4],[107.6503,16.3449],[107.6551,16.2898],[107.713,16.2671],[107.771,16.2443],[107.7757,16.1892],[107.8337,16.1665],[107.8382,16.1113],[107.8962,16.0885],[107.9007,16.0333],[108.0747,15.9651],[108.0878,15.7992],[108.3197,15.7082],[108.3239,15.6529],[108.3819,15.6301],[108.3861,15.5747],[108.444,15.552],[108.502,15.5292],[108.5141,15.3628],[108.572,15.34],[108.63,15.3173],[108.6339,15.2618],[108.6919,15.239],[108.7067,15.0164],[108.7647,14.9937],[108.8227,14.971],[108.8262,14.9152],[108.8296,14.8595],[108.8876,14.8367],[108.891,14.7809],[108.949,14.7582],[108.9523,14.7023],[109.0103,14.6796],[109.0135,14.6237],[109.0167,14.5678],[109.0747,14.545],[109.0778,14.4891],[109.1358,14.4664],[109.1388,14.4104],[109.1418,14.3543],[109.1997,14.3316],[109.2109,14.1071],[109.2689,14.0844],[109.3022,13.1807],[109.3602,13.158],[109.3617,13.1012],[109.3631,13.0444],[109.4211,13.0216],[109.4291,12.6228],[109.3711,12.6456],[109.3131,12.6683],[109.3167,12.3824],[109.2587,12.4051],[109.2007,12.4279],[109.1962,12.7709],[109.1383,12.7936],[109.1326,13.0785],[109.0746,13.1012],[109.0688,13.3284],[109.0108,13.3512],[109.0057,13.5212],[108.9477,13.5439],[108.9459,13.6006],[108.8879,13.6233],[108.8798,13.8494],[108.8218,13.8721],[108.7639,13.8948],[108.7617,13.9513],[108.7037,13.974],[108.7014,14.0304],[108.4115,14.1441],[108.4092,14.2004],[108.3512,14.2232],[108.3488,14.2795],[108.2908,14.3022],[108.2832,14.471],[108.1093,14.5392],[108.1066,14.5954],[108.0486,14.6181],[108.0459,14.6742],[107.9879,14.697],[107.9851,14.7531],[107.9271,14.7758],[107.8691,14.7985],[107.8662,14.8546],[107.8082,14.8773],[107.7502,14.9001],[107.7473,14.9561],[107.6893,14.9789],[107.6863,15.0348],[107.6283,15.0576],[107.6252,15.1135],[107.5672,15.1363],[107.564,15.1922],[107.506,15.2149],[107.5028,15.2708],[107.4995,15.3267],[107.4415,15.3494],[107.4381,15.4052],[107.4347,15.461],[107.3767,15.4837],[107.3732,15.5394],[107.3696,15.5951],[107.4275,15.5724],[107.4085,15.8504],[107.3505,15.8731],[107.3465,15.9286],[107.3424,15.984],[107.2844,16.0068],[107.2803,16.0622],[107.1063,16.1304],[107.1021,16.1858],[106.8122,16.2994],[106.8164,16.2441],[106.7585,16.2668],[106.7626,16.2114],[106.7667,16.156],[106.5348,16.2469],[106.5388,16.1914],[106.3069,16.2824],[106.3108,16.2269],[106.3147,16.1713],[106.2567,16.1941],[106.2605,16.1385],[106.0866,16.2067],[106.0903,16.1511],[105.8004,16.2648],[105.7967,16.3204],[105.6228,16.3886],[105.619,16.4442],[105.561,16.4669],[105.503,16.4897],[105.4991,16.5452],[105.2092,16.6589],[105.2053,16.7145],[105.1473,16.7372],[105.1433,16.7927],[105.1392,16.8481],[105.0812,16.8709],[105.046,17.3131],[104.988,17.3358],[104.9833,17.391],[104.9253,17.4137],[104.9057,17.6338],[104.9637,17.6111],[104.9586,17.666],[105.0166,17.6433],[105.0746,17.6205],[105.0694,17.6754],[105.1274,17.6527],[105.1854,17.6299],[105.1475,18.0132],[104.9735,18.0814],[104.9678,18.136],[104.9098,18.1588],[104.9041,18.2134],[104.8982,18.2679],[104.8402,18.2906],[104.7823,18.3134],[104.7763,18.3679],[104.7184,18.3906],[104.6604,18.4133],[104.6544,18.4678],[104.4225,18.5588],[104.4164,18.6132],[104.3584,18.6359],[104.3523,18.6903],[104.2943,18.7131],[104.2881,18.7674],[104.2819,18.8217],[104.2239,18.8445],[104.2176,18.8988],[104.1596,18.9215],[104.1532,18.9757],[104.0952,18.9985],[104.0887,19.0527],[104.0307,19.0754],[104.0242,19.1296],[104.0176,19.1837],[103.9596,19.2065],[103.9529,19.2606],[103.8949,19.2833],[103.8745,19.4454],[103.8165,19.4681],[103.8095,19.5221],[103.7515,19.5448],[103.7445,19.5988],[103.3966,19.7352],[103.3895,19.7891],[103.3315,19.8118],[103.2735,19.8345],[103.2664,19.8884],[102.9765,20.0021],[102.9836,19.9482],[102.9257,19.971],[102.8677,19.9937],[102.8888,19.832],[102.8308,19.8547],[102.7728,19.8774],[102.7445,20.093],[102.8025,20.0703],[102.7953,20.1241],[102.8533,20.1014],[102.8459,20.1552],[102.9039,20.1324],[102.8965,20.1861],[102.9545,20.1634],[102.9165,20.4315],[102.4527,20.6135],[102.4129,20.8807],[102.3549,20.9034],[102.3468,20.9568],[102.2888,20.9795],[102.2308,21.0022],[102.2226,21.0555],[102.1646,21.0783],[102.1563,21.1316],[102.0983,21.1543],[102.0899,21.2075],[102.032,21.2303],[101.9803,21.5489],[102.0382,21.5261],[102.0294,21.5791],[102.2033,21.5109],[102.1944,21.5638],[102.2524,21.5411],[102.3103,21.5183],[102.3013,21.5712],[102.3593,21.5485],[102.3502,21.6014],[102.5242,21.5331],[102.515,21.586],[102.573,21.5632],[102.631,21.5405],[102.565,21.9093],[102.623,21.8865],[102.6133,21.9391],[102.6713,21.9163],[102.6615,21.9688],[102.6516,22.0213],[102.7096,21.9986],[102.7676,21.9758],[102.7577,22.0282],[102.8157,22.0055],[102.8736,21.9828],[102.823,22.2444],[102.6491,22.3126],[102.6387,22.3648],[102.5124,22.4625],[102.4593,22.7228],[102.5172,22.7],[102.5064,22.752],[102.5644,22.7293],[102.5535,22.7812],[102.6115,22.7584],[102.5446,23.0692],[102.6026,23.0465],[102.5912,23.0981],[102.6491,23.0754],[102.6377,23.127],[102.6957,23.1043],[102.5403,23.7721],[102.4823,23.7949],[102.4698,23.846],[102.4118,23.8687],[102.3288,23.9936],[102.3867,23.9709],[102.3741,24.0219],[102.4321,23.9991],[102.49,23.9764],[102.4773,24.0274],[102.5353,24.0046],[102.5933,23.9819],[102.5805,24.0328],[102.6385,24.0101],[102.6964,23.9874],[102.6836,24.0383],[102.9735,23.9246],[102.9605,23.9754],[102.9475,24.0263],[103.0055,24.0035],[103.0635,23.9808],[103.0504,24.0316],[103.1084,24.0088],[103.1664,23.9861],[103.1532,24.0369],[103.3272,23.9686],[103.3139,24.0194],[103.3719,23.9966],[103.4299,23.9739],[103.4166,24.0246],[103.4746,24.0018],[103.5326,23.9791],[103.5192,24.0297],[103.5772,24.007],[103.6352,23.9843],[103.6217,24.0349],[103.6797,24.0121],[103.7377,23.9894],[103.7242,24.04],[104.0141,23.9263],[104.0276,23.8757],[104.3755,23.7393],[104.362,23.7898],[104.42,23.7671],[104.4064,23.8176],[104.4644,23.7949],[104.4507,23.8454]]],[[[106.3023,13.5075],[106.5922,13.3938],[106.5926,13.3365],[106.8825,13.2228],[106.8829,13.1654],[107.4047,12.9608],[107.405,12.9034],[107.4052,12.8459],[107.4632,12.8232],[107.4633,12.7657],[107.7532,12.652],[107.7533,12.5945],[107.7533,12.5369],[107.8113,12.5142],[107.8109,12.3413],[107.8689,12.3186],[107.9269,12.2959],[107.9266,12.2382],[107.9846,12.2154],[108.0426,12.1927],[108.0422,12.1349],[108.1002,12.1122],[108.1582,12.0895],[108.1578,12.0317],[108.2158,12.009],[108.2153,11.9512],[108.2733,11.9284],[108.2727,11.8706],[108.3307,11.8478],[108.3301,11.79],[108.3881,11.7672],[108.3849,11.5353],[108.4429,11.5126],[108.4386,11.2801],[108.6125,11.2119],[108.6113,11.1537],[108.5533,11.1765],[108.552,11.1182],[108.494,11.141],[108.4926,11.0827],[108.4911,11.0244],[108.4332,11.0471],[108.4316,10.9888],[108.3736,11.0115],[108.372,10.9531],[108.3141,10.9758],[108.3124,10.9174],[108.2544,10.9402],[108.2527,10.8817],[108.1947,10.9044],[108.1367,10.9272],[108.1349,10.8687],[108.0769,10.8914],[108.075,10.8329],[108.0171,10.8556],[108.011,10.6798],[107.953,10.7026],[107.895,10.7253],[107.8929,10.6666],[107.8349,10.6894],[107.8327,10.6306],[107.7747,10.6534],[107.7724,10.5946],[107.7144,10.6174],[107.712,10.5586],[107.654,10.5813],[107.5961,10.6041],[107.5936,10.5452],[107.5356,10.568],[107.5331,10.5091],[107.5305,10.4502],[107.4726,10.473],[107.4146,10.4957],[107.4119,10.4368],[107.3539,10.4595],[107.3512,10.4005],[107.2932,10.4233],[107.2904,10.3643],[107.0005,10.478],[106.9977,10.4189],[106.9397,10.4417],[106.9368,10.3826],[106.7628,10.4508],[106.7471,10.1549],[106.8051,10.1321],[106.8017,10.0728],[106.7437,10.0956],[106.7403,10.0363],[106.6823,10.059],[106.6716,9.8808],[106.6136,9.9035],[106.5944,9.6058],[106.5364,9.6285],[106.5324,9.5689],[106.4744,9.5916],[106.4702,9.5319],[106.2383,9.6229],[106.2211,9.3837],[106.1631,9.4065],[106.1586,9.3466],[106.1007,9.3693],[106.0961,9.3094],[106.0381,9.3321],[106.0335,9.2722],[105.9755,9.2949],[105.9176,9.3177],[105.9129,9.2577],[105.8549,9.2804],[105.8501,9.2204],[105.7921,9.2431],[105.7873,9.1831],[105.7293,9.2058],[105.7244,9.1457],[105.6664,9.1685],[105.6615,9.1083],[105.6035,9.1311],[105.5985,9.0709],[105.5405,9.0936],[105.4825,9.1164],[105.4774,9.0562],[105.4722,8.9959],[105.4142,9.0187],[105.3982,8.8377],[105.3403,8.8605],[105.3348,8.8001],[105.3293,8.7397],[105.2713,8.7624],[105.2657,8.702],[105.2077,8.7247],[105.202,8.6642],[105.144,8.6869],[105.1383,8.6264],[105.0803,8.6492],[105.0745,8.5886],[105.0165,8.6113],[105.0106,8.5507],[104.9527,8.5735],[104.8947,8.5962],[104.8887,8.5356],[104.8307,8.5583],[104.7728,8.581],[104.8739,9.727],[104.9319,9.7042],[104.9899,9.6815],[105.0166,10.0407],[104.8426,10.1089],[104.8468,10.1686],[104.5569,10.2823],[104.561,10.342],[104.5651,10.4017],[104.5071,10.4244],[104.5111,10.484],[104.515,10.5436],[104.4571,10.5663],[104.4609,10.6259],[104.4029,10.6486],[104.3449,10.6714],[104.3487,10.7309],[104.0008,10.8673],[103.9813,10.5694],[103.9233,10.5921],[103.8653,10.6149],[103.8612,10.5552],[103.8032,10.5779],[103.8269,10.9355],[103.653,11.0038],[103.6567,11.0632],[103.4248,11.1542],[103.4389,11.3917],[103.4969,11.369],[103.5549,11.3463],[103.5709,11.6424],[103.281,11.7561],[103.278,11.6969],[103.2748,11.6377],[102.9849,11.7514],[102.9881,11.8106],[102.9301,11.8334],[102.9601,12.482],[102.9021,12.5047],[102.9129,12.7981],[102.9709,12.7754],[102.9728,12.834],[103.0308,12.8112],[103.0327,12.8698],[103.0345,12.9283],[103.0925,12.9055],[103.1505,12.8828],[103.1522,12.9412],[103.1539,12.9997],[103.3278,12.9314],[103.3294,12.9898],[103.3309,13.0482],[103.3889,13.0254],[103.3931,13.2003],[103.4511,13.1775],[103.4523,13.2357],[103.4535,13.2939],[103.5115,13.2712],[103.5126,13.3293],[103.5706,13.3066],[103.5716,13.3647],[103.5726,13.4227],[103.6306,13.4],[103.6315,13.458],[103.6894,13.4353],[103.6929,13.7248],[103.7509,13.7021],[103.7513,13.7599],[103.8093,13.7372],[103.8673,13.7144],[103.8668,13.6566],[103.9248,13.6339],[103.9828,13.6111],[103.9822,13.5533],[104.3881,13.3941],[104.3886,13.452],[104.4466,13.4292],[104.4471,13.487],[104.5051,13.4643],[104.5055,13.5221],[104.5635,13.4993],[104.5638,13.5571],[104.6218,13.5343],[104.6224,13.7073],[104.6804,13.6846],[104.6804,13.7421],[104.7384,13.7194],[104.7964,13.6967],[104.7964,13.7542],[104.8543,13.7315],[104.9123,13.7087],[104.9122,13.7662],[105.0862,13.698],[105.0863,13.6405],[105.1442,13.6178],[105.1442,13.5602],[105.4341,13.4465],[105.4337,13.6765],[105.4916,13.6538],[105.5496,13.631],[105.5493,13.6884],[105.6073,13.6657],[105.6076,13.6083],[105.8395,13.5173],[105.84,13.3449],[105.898,13.3222],[105.898,13.2646],[106.1879,13.1509],[106.1867,13.4957],[106.2447,13.4729],[106.3027,13.4502],[106.3023,13.5075]]]]}},{"type":"Feature","properties":{"periodId":"nam-ky-1867","name":"Đại Nam còn lại","control":"direct","confidence":"high","height":12000,"color":"#b85a45","geometrySourceId":"diaocthongthai-atlas","geometrySourceUrl":"https://cdn.diaocthongthai.com/2021/08/ban-do-lanh-tho-viet-nam-qua-cac-thoi-ky-59.jpg","geometrySourcePageUrl":"https://diaocthongthai.com/ban-do-lanh-tho-viet-nam-qua-cac-thoi-ky/","imageYear":"1870","reconstructionMethod":"georeferenced-image-color-trace","precision":"illustrative-trace","georeferenceAccuracyKm":50},"geometry":{"type":"Polygon","coordinates":[[[104.4739,23.844],[104.6771,23.7643],[104.693,23.7054],[104.7607,23.6788],[104.7765,23.6199],[105.1151,23.4871],[105.1309,23.4281],[105.7403,23.189],[105.756,23.13],[105.8237,23.1034],[105.8914,23.0769],[105.9069,23.0178],[105.9747,22.9912],[106.0424,22.9646],[106.1036,22.7277],[106.0359,22.7543],[106.0509,22.6949],[105.9832,22.7215],[106.1144,22.1851],[106.3176,22.1054],[106.3317,22.0456],[106.3994,22.019],[106.4671,21.9925],[106.5089,21.8126],[106.5766,21.7861],[106.6443,21.7595],[106.658,21.6995],[106.7257,21.6729],[106.7935,21.6464],[106.8071,21.5863],[107.1457,21.4535],[107.1321,21.5136],[107.1998,21.487],[107.1861,21.547],[107.5924,21.3877],[107.6061,21.3276],[107.5384,21.3542],[107.552,21.2941],[107.4843,21.3207],[107.4978,21.2605],[107.4301,21.2871],[107.4435,21.2269],[107.3758,21.2534],[107.3891,21.1932],[107.3214,21.2198],[107.2537,21.2463],[107.2669,21.186],[107.1992,21.2126],[107.2124,21.1523],[107.1446,21.1788],[107.0769,21.2054],[107.09,21.145],[107.0223,21.1715],[106.9545,21.1981],[106.9675,21.1377],[106.8998,21.1642],[106.9381,20.9826],[106.8703,21.0092],[106.8829,20.9485],[106.6798,21.0282],[106.6922,20.9675],[106.2182,21.1534],[106.2791,20.8493],[106.2114,20.8758],[106.1437,20.9024],[106.2137,20.5358],[106.146,20.5623],[106.1573,20.501],[106.0896,20.5276],[106.1008,20.4663],[106.0331,20.4928],[105.9654,20.5194],[105.9765,20.458],[105.9876,20.3966],[105.9198,20.4231],[105.8521,20.4497],[105.8631,20.3882],[105.7953,20.4148],[105.8062,20.3533],[105.603,20.4329],[105.6138,20.3714],[105.6245,20.3097],[105.5567,20.3363],[105.5882,20.1511],[105.5204,20.1777],[105.5904,19.7439],[105.5227,19.7704],[105.5323,19.7083],[105.5418,19.6461],[105.4741,19.6726],[105.5291,19.2983],[105.5969,19.2717],[105.6057,19.2091],[105.6145,19.1465],[105.6822,19.12],[105.7327,18.7433],[105.8004,18.7167],[105.8085,18.6537],[105.8165,18.5907],[105.8842,18.5642],[105.8921,18.5011],[105.9598,18.4745],[105.9676,18.4114],[106.0353,18.3849],[106.043,18.3217],[106.1107,18.2952],[106.1785,18.2686],[106.1861,18.2054],[106.2538,18.1788],[106.3215,18.1523],[106.329,18.089],[106.3967,18.0625],[106.4644,18.0359],[106.5075,17.6553],[106.5752,17.6288],[106.582,17.5652],[106.6498,17.5386],[106.6565,17.4749],[106.6632,17.4112],[106.7309,17.3847],[106.7374,17.3209],[106.9406,17.2413],[106.947,17.1775],[107.0148,17.1509],[107.0825,17.1243],[107.0888,17.0605],[107.1566,17.0339],[107.1628,16.97],[107.169,16.9061],[107.2367,16.8795],[107.3044,16.853],[107.3105,16.789],[107.3165,16.7249],[107.3842,16.6984],[107.3901,16.6343],[107.4578,16.6077],[107.4636,16.5436],[107.5313,16.517],[107.537,16.4528],[107.6047,16.4262],[107.6725,16.3997],[107.6781,16.3354],[107.6836,16.2711],[107.7513,16.2446],[107.7567,16.1802],[107.8244,16.1537],[107.8921,16.1271],[107.8974,16.0627],[107.9652,16.0362],[108.0329,16.0096],[108.0381,15.9452],[108.1058,15.9186],[108.1109,15.8541],[108.116,15.7896],[108.3191,15.7099],[108.324,15.6453],[108.3289,15.5807],[108.3966,15.5541],[108.4643,15.5275],[108.469,15.4628],[108.5368,15.4363],[108.5414,15.3715],[108.6091,15.345],[108.6137,15.2802],[108.6814,15.2536],[108.6945,15.059],[108.7622,15.0324],[108.7663,14.9674],[108.8341,14.9409],[108.8381,14.8758],[108.9059,14.8493],[108.9098,14.7842],[108.9137,14.719],[108.9814,14.6925],[108.9852,14.6273],[109.0529,14.6007],[109.0566,14.5355],[109.1243,14.509],[109.1348,14.313],[109.2025,14.2864],[109.2122,14.09],[109.2799,14.0634],[109.3134,13.1408],[109.3811,13.1142],[109.3828,13.0479],[109.3844,12.9816],[109.4521,12.9551],[109.4586,12.6227],[109.3909,12.6493],[109.3231,12.6758],[109.3272,12.3422],[109.2595,12.3688],[109.1918,12.3954],[109.1812,13.0613],[109.1135,13.0879],[109.1066,13.3528],[109.0389,13.3794],[109.0327,13.5776],[108.965,13.6042],[108.9627,13.6702],[108.895,13.6967],[108.8877,13.8944],[108.82,13.9209],[108.8173,13.9867],[108.7496,14.0133],[108.7469,14.079],[108.4083,14.2118],[108.4054,14.2775],[108.3377,14.304],[108.3287,14.5008],[108.0578,14.607],[108.0546,14.6725],[107.9869,14.699],[107.9191,14.7256],[107.9158,14.791],[107.8481,14.8176],[107.8447,14.883],[107.777,14.9095],[107.7093,14.9361],[107.7058,15.0014],[107.6381,15.028],[107.6345,15.0933],[107.5668,15.1198],[107.5631,15.1851],[107.4954,15.2116],[107.4916,15.2768],[107.4877,15.3419],[107.42,15.3685],[107.3808,15.9525],[107.3131,15.979],[107.3082,16.0437],[106.8342,16.2296],[106.839,16.165],[106.7713,16.1915],[106.7036,16.2181],[106.7083,16.1534],[106.302,16.3128],[106.3156,16.1184],[106.1125,16.1981],[106.1168,16.1332],[105.8459,16.2394],[105.8416,16.3043],[105.5707,16.4105],[105.5663,16.4754],[105.4985,16.5019],[105.4308,16.5285],[105.4263,16.5933],[105.2231,16.673],[105.2185,16.7377],[105.1508,16.7643],[105.146,16.829],[105.0783,16.8555],[105.0425,17.307],[104.9747,17.3335],[104.9692,17.3978],[104.9637,17.4621],[104.8959,17.4886],[104.8902,17.5528],[104.8845,17.617],[104.9522,17.5904],[104.9463,17.6545],[105.014,17.6279],[105.0817,17.6014],[105.0757,17.6654],[105.1435,17.6389],[105.2112,17.6123],[105.1733,17.9956],[105.1056,18.0221],[105.0379,18.0487],[105.0312,18.1124],[104.9635,18.1389],[104.8958,18.1655],[104.889,18.2292],[104.8213,18.2557],[104.8145,18.3193],[104.7468,18.3459],[104.7398,18.4094],[104.4689,18.5157],[104.4619,18.5792],[104.3942,18.6057],[104.3871,18.6692],[104.3193,18.6957],[104.3121,18.7591],[104.2444,18.7857],[104.2371,18.8491],[104.1694,18.8756],[104.162,18.9389],[104.0942,18.9655],[104.0867,19.0287],[104.0791,19.092],[104.0114,19.1185],[104.0037,19.1817],[103.936,19.2082],[103.9282,19.2713],[103.9203,19.3344],[103.8526,19.361],[103.8446,19.424],[103.8365,19.4869],[103.7688,19.5135],[103.7606,19.5764],[103.422,19.7092],[103.4137,19.7721],[102.872,19.9845],[102.8803,19.9217],[102.8884,19.8588],[102.8207,19.8853],[102.753,19.9119],[102.7448,19.9748],[102.7365,20.0377],[102.8043,20.0111],[102.7959,20.0739],[102.7874,20.1367],[102.8551,20.1101],[102.8114,20.4232],[102.5405,20.5294],[102.5315,20.5919],[102.4638,20.6184],[102.4267,20.8678],[102.3589,20.8944],[102.3494,20.9566],[102.2817,20.9831],[102.214,21.0097],[102.2044,21.0719],[102.1366,21.0984],[102.1269,21.1606],[102.0592,21.1871],[102.0494,21.2492],[101.9817,21.2757],[101.9517,21.4617],[102.0194,21.4351],[102.0093,21.497],[101.999,21.5588],[102.0667,21.5322],[102.0563,21.594],[102.2595,21.5143],[102.249,21.5761],[102.3167,21.5495],[102.3062,21.6112],[102.3739,21.5846],[102.4416,21.558],[102.4309,21.6197],[102.6341,21.54],[102.5681,21.9087],[102.6359,21.8821],[102.6245,21.9434],[102.6131,22.0047],[102.6808,21.9781],[102.7485,21.9515],[102.737,22.0127],[102.8047,21.9862],[102.8725,21.9596],[102.8134,22.2648],[102.6102,22.3444],[102.5982,22.4053],[102.5304,22.4319],[102.4685,22.7356],[102.5362,22.709],[102.5236,22.7696],[102.5913,22.743],[102.5265,23.0452],[102.5942,23.0187],[102.581,23.0789],[102.5677,23.1392],[102.6354,23.1126],[102.6219,23.1728],[102.6897,23.1463],[102.6071,23.5064],[102.5393,23.5329],[102.4679,23.8317],[102.4002,23.8582],[102.3856,23.9178],[102.3179,23.9444],[102.3032,24.0039],[102.3709,23.9774],[102.3561,24.0369],[102.4238,24.0103],[102.4916,23.9838],[102.4767,24.0432],[102.6799,23.9635],[102.6649,24.0229],[102.9358,23.9167],[102.9207,23.976],[102.9056,24.0353],[102.9733,24.0088],[103.041,23.9822],[103.0258,24.0415],[103.0935,24.0149],[103.1612,23.9883],[103.1459,24.0476],[103.349,23.9679],[103.3336,24.027],[103.4013,24.0005],[103.469,23.9739],[103.4535,24.033],[103.5212,24.0065],[103.5889,23.9799],[103.5733,24.0389],[103.641,24.0124],[103.7087,23.9858],[103.693,24.0448],[103.8962,23.9652],[103.8803,24.0241],[103.9481,23.9975],[103.9639,23.9386],[104.4379,23.7527],[104.4221,23.8116],[104.4898,23.7851],[104.4739,23.844]]]}},{"type":"Feature","properties":{"periodId":"nam-ky-1867","name":"Thuộc địa Nam Kỳ","control":"autonomous","confidence":"high","height":12000,"color":"#9a8261","geometrySourceId":"diaocthongthai-atlas","geometrySourceUrl":"https://cdn.diaocthongthai.com/2021/08/ban-do-lanh-tho-viet-nam-qua-cac-thoi-ky-59.jpg","geometrySourcePageUrl":"https://diaocthongthai.com/ban-do-lanh-tho-viet-nam-qua-cac-thoi-ky/","imageYear":"1870","reconstructionMethod":"georeferenced-image-color-trace","precision":"illustrative-trace","georeferenceAccuracyKm":50},"geometry":{"type":"Polygon","coordinates":[[[107.6359,12.5371],[107.8391,12.4575],[107.839,12.3903],[107.9067,12.3637],[107.9065,12.2964],[107.9742,12.2699],[108.0419,12.2433],[108.0149,10.8194],[108.0826,10.7929],[108.0803,10.7245],[108.0126,10.7511],[108.0102,10.6827],[107.9424,10.7092],[107.8747,10.7358],[107.8722,10.6673],[107.8045,10.6939],[107.8018,10.6254],[107.7341,10.652],[107.7314,10.5834],[107.6637,10.61],[107.6609,10.5414],[107.5932,10.5679],[107.5902,10.4993],[107.5225,10.5259],[107.5195,10.4572],[107.4518,10.4837],[107.4487,10.415],[107.381,10.4415],[107.3778,10.3727],[106.9715,10.5321],[106.9682,10.4633],[106.9648,10.3944],[106.8971,10.4209],[106.8936,10.352],[106.8259,10.3785],[106.7581,10.4051],[106.7352,9.9904],[106.6675,10.017],[106.6548,9.809],[106.5871,9.8355],[106.5687,9.5575],[106.501,9.5841],[106.4962,9.5144],[106.2253,9.6207],[106.2051,9.3416],[106.1374,9.3682],[106.1321,9.2983],[106.0643,9.3249],[105.9966,9.3514],[105.9912,9.2815],[105.9235,9.3081],[105.918,9.2381],[105.8503,9.2646],[105.8447,9.1946],[105.777,9.2212],[105.7713,9.1511],[105.7036,9.1776],[105.6978,9.1075],[105.6301,9.1341],[105.5624,9.1606],[105.5565,9.0905],[105.4888,9.117],[105.4828,9.0468],[105.4767,8.9765],[105.409,9.0031],[105.4029,8.9328],[105.3966,8.8624],[105.3289,8.8889],[105.3225,8.8185],[105.3161,8.748],[105.2484,8.7746],[105.2418,8.7041],[105.1741,8.7306],[105.1675,8.6601],[105.1608,8.5894],[105.093,8.616],[105.0253,8.6426],[105.0185,8.5719],[104.9508,8.5984],[104.9438,8.5277],[104.8761,8.5543],[104.8084,8.5808],[104.8549,9.0749],[104.7871,9.1014],[104.8345,9.663],[104.9022,9.6365],[104.9337,10.0556],[104.5951,10.1884],[104.6,10.2581],[104.5323,10.2846],[104.5371,10.3543],[103.8599,10.6199],[103.8551,10.5502],[103.7874,10.5768],[103.7825,10.5071],[103.7147,10.5337],[103.7097,10.4639],[103.642,10.4905],[103.5743,10.5171],[103.5793,10.5868],[103.5116,10.6134],[103.526,10.8223],[103.2552,10.9285],[103.2731,11.2063],[103.2054,11.2329],[103.1377,11.2595],[103.1501,11.4673],[103.0824,11.4939],[103.0147,11.5204],[103.0263,11.7279],[102.9586,11.7544],[102.9937,12.5111],[103.0614,12.4846],[103.064,12.5531],[103.2672,12.4734],[103.2697,12.5419],[103.4729,12.4622],[103.4753,12.5306],[103.543,12.504],[103.6108,12.4775],[103.6131,12.5458],[103.8163,12.4661],[103.8185,12.5344],[103.8862,12.5079],[103.9539,12.4813],[103.9561,12.5495],[104.1592,12.4699],[104.1613,12.5381],[104.229,12.5115],[104.2967,12.485],[104.2987,12.5531],[104.5019,12.4734],[104.5037,12.5415],[104.7069,12.4618],[104.7086,12.5299],[104.7764,12.5033],[104.8441,12.4768],[104.8457,12.5448],[105.0489,12.4651],[105.0505,12.5331],[105.1182,12.5065],[105.1859,12.4799],[105.1874,12.5478],[105.3905,12.4682],[105.3919,12.536],[105.4596,12.5095],[105.5274,12.4829],[105.5287,12.5507],[105.7318,12.471],[105.733,12.5388],[105.8007,12.5122],[105.8684,12.4857],[105.8695,12.5534],[106.0727,12.4737],[106.0737,12.5413],[106.2769,12.4617],[106.2778,12.5293],[106.3455,12.5027],[106.4132,12.4761],[106.414,12.5437],[106.6172,12.464],[106.6179,12.5315],[106.6856,12.505],[106.7533,12.4784],[106.7539,12.5459],[106.9571,12.4662],[106.9576,12.5336],[107.0253,12.507],[107.0931,12.4805],[107.0935,12.5478],[107.2966,12.4682],[107.297,12.5355],[107.3647,12.5089],[107.4324,12.4824],[107.4326,12.5496],[107.6358,12.4699],[107.6359,12.5371]]]}},{"type":"Feature","properties":{"periodId":"phap-thuoc-1887","name":"Đông Dương thuộc Pháp · phần Việt Nam","control":"autonomous","confidence":"high","height":12000,"color":"#9a8261","geometrySourceId":"diaocthongthai-atlas","geometrySourceUrl":"https://cdn.diaocthongthai.com/2021/08/ban-do-lanh-tho-viet-nam-qua-cac-thoi-ky-62.jpg","geometrySourcePageUrl":"https://diaocthongthai.com/ban-do-lanh-tho-viet-nam-qua-cac-thoi-ky/","imageYear":"1887","reconstructionMethod":"georeferenced-image-color-trace","precision":"illustrative-trace","georeferenceAccuracyKm":50},"geometry":{"type":"MultiPolygon","coordinates":[[[[104.2386,24.0413],[104.4418,23.9616],[104.4579,23.9028],[104.5256,23.8763],[104.5416,23.8174],[104.6094,23.7909],[104.6253,23.732],[104.693,23.7054],[104.7088,23.6464],[104.7765,23.6199],[104.7923,23.5609],[105.2663,23.375],[105.2819,23.3159],[105.756,23.13],[105.7715,23.0709],[105.8392,23.0443],[105.8547,22.9852],[105.9224,22.9586],[105.9901,22.932],[106.0359,22.7543],[105.9681,22.7808],[105.9832,22.7215],[105.9982,22.6621],[105.9304,22.6887],[106.0467,22.2117],[106.1144,22.1851],[106.1285,22.1253],[106.3317,22.0456],[106.3457,21.9857],[106.4134,21.9591],[106.4811,21.9326],[106.495,21.8726],[106.5089,21.8126],[106.5766,21.7861],[106.5903,21.726],[106.658,21.6995],[106.7257,21.6729],[106.7394,21.6128],[107.4843,21.3207],[107.4978,21.2605],[107.4301,21.2871],[107.4435,21.2269],[107.3758,21.2534],[107.4155,21.0726],[107.3478,21.0991],[107.3609,21.0387],[107.3738,20.9783],[107.3061,21.0049],[107.2384,21.0314],[107.2512,20.9709],[107.1835,20.9975],[107.1963,20.937],[106.9931,21.0166],[107.0058,20.9561],[106.9381,20.9826],[106.9506,20.922],[106.6798,21.0282],[106.7532,20.6634],[106.6855,20.6899],[106.6974,20.6289],[106.6296,20.6555],[106.6415,20.5945],[106.6532,20.5334],[106.5855,20.5599],[106.5971,20.4988],[106.6086,20.4376],[106.5409,20.4642],[106.5749,20.2804],[106.5071,20.3069],[106.5183,20.2455],[106.4506,20.2721],[106.4616,20.2107],[106.3939,20.2372],[106.4048,20.1757],[106.3371,20.2023],[106.348,20.1408],[106.3587,20.0792],[106.291,20.1058],[106.3017,20.0441],[106.2339,20.0707],[106.2445,20.009],[106.1768,20.0356],[106.1873,19.9739],[106.1195,20.0004],[106.1299,19.9386],[106.0622,19.9652],[106.0725,19.9034],[106.0048,19.9299],[105.937,19.9565],[105.9673,19.7707],[105.8996,19.7973],[105.9095,19.7353],[105.9193,19.6732],[105.8516,19.6998],[105.8613,19.6376],[105.8709,19.5755],[105.8032,19.602],[105.8406,19.3529],[105.7729,19.3794],[105.8,19.192],[105.7323,19.2186],[105.7412,19.156],[105.7499,19.0934],[105.6822,19.12],[105.7327,18.7433],[105.8004,18.7167],[105.8085,18.6537],[105.8165,18.5907],[105.8842,18.5642],[105.8921,18.5011],[105.9598,18.4745],[105.9676,18.4114],[106.0353,18.3849],[106.043,18.3217],[106.1107,18.2952],[106.1785,18.2686],[106.1861,18.2054],[106.2538,18.1788],[106.3215,18.1523],[106.329,18.089],[106.3967,18.0625],[106.4644,18.0359],[106.5075,17.6553],[106.5752,17.6288],[106.582,17.5652],[106.6498,17.5386],[106.6565,17.4749],[106.6632,17.4112],[106.7309,17.3847],[106.7374,17.3209],[106.9406,17.2413],[106.947,17.1775],[107.0148,17.1509],[107.0825,17.1243],[107.0888,17.0605],[107.1566,17.0339],[107.1628,16.97],[107.169,16.9061],[107.2367,16.8795],[107.3044,16.853],[107.3105,16.789],[107.3782,16.7624],[107.446,16.7358],[107.4519,16.6718],[107.5197,16.6452],[107.5255,16.5811],[107.7287,16.5015],[107.7345,16.4373],[108.0731,16.3045],[108.0788,16.2403],[108.1465,16.2138],[108.1521,16.1495],[108.2198,16.123],[108.2875,16.0964],[108.293,16.0321],[108.2984,15.9678],[108.3662,15.9412],[108.3715,15.8768],[108.4392,15.8502],[108.4444,15.7858],[108.4495,15.7213],[108.5173,15.6947],[108.5223,15.6302],[108.59,15.6036],[108.5949,15.5391],[108.6626,15.5125],[108.6675,15.4479],[108.7352,15.4213],[108.8029,15.3947],[108.8077,15.33],[108.8754,15.3035],[108.889,15.1091],[108.9567,15.0826],[108.9695,14.8877],[109.0372,14.8612],[109.0413,14.7962],[109.0453,14.7311],[109.113,14.7045],[109.1348,14.313],[109.2025,14.2864],[109.2122,14.09],[109.2799,14.0634],[109.3134,13.1408],[109.3811,13.1142],[109.3828,13.0479],[109.3844,12.9816],[109.4521,12.9551],[109.4586,12.6227],[109.3909,12.6493],[109.3231,12.6758],[109.3272,12.3422],[109.2595,12.3688],[109.1918,12.3954],[109.1827,12.9949],[109.115,13.0215],[109.1085,13.2867],[109.0407,13.3132],[109.0327,13.5776],[108.965,13.6042],[108.8973,13.6307],[108.8877,13.8944],[108.82,13.9209],[108.7522,13.9475],[108.7496,14.0133],[108.4787,14.1195],[108.476,14.1852],[108.4083,14.2118],[108.4054,14.2775],[108.3377,14.304],[108.3348,14.3696],[108.3318,14.4352],[108.1286,14.5149],[108.1255,14.5804],[108.0578,14.607],[107.9901,14.6336],[107.9869,14.699],[107.9191,14.7256],[107.9158,14.791],[107.8481,14.8176],[107.7804,14.8441],[107.777,14.9095],[107.7093,14.9361],[107.7058,15.0014],[107.6381,15.028],[107.6345,15.0933],[107.5668,15.1198],[107.5631,15.1851],[107.4954,15.2116],[107.4916,15.2768],[107.4239,15.3034],[107.3902,15.8231],[107.3224,15.8496],[107.3178,15.9144],[107.3131,15.979],[107.2453,16.0056],[107.1776,16.0322],[107.1728,16.0968],[106.8342,16.2296],[106.839,16.165],[106.7713,16.1915],[106.776,16.1268],[106.302,16.3128],[106.3156,16.1184],[106.2479,16.1449],[106.1802,16.1715],[106.1846,16.1066],[106.1168,16.1332],[106.0491,16.1597],[106.0534,16.0948],[105.9856,16.1214],[105.9179,16.1479],[105.9137,16.2129],[105.7105,16.2925],[105.7062,16.3574],[105.4353,16.4637],[105.4308,16.5285],[105.2277,16.6082],[105.2231,16.673],[105.1554,16.6995],[105.0877,16.7261],[105.0479,17.2426],[104.9802,17.2692],[104.9747,17.3335],[104.9692,17.3978],[104.9015,17.4244],[104.8845,17.617],[104.9522,17.5904],[104.9463,17.6545],[105.014,17.6279],[105.008,17.692],[105.0757,17.6654],[105.1435,17.6389],[105.1121,17.9584],[105.0444,17.9849],[105.0379,18.0487],[104.9701,18.0752],[104.9635,18.1389],[104.8958,18.1655],[104.889,18.2292],[104.8213,18.2557],[104.8145,18.3193],[104.4759,18.4521],[104.4689,18.5157],[104.4012,18.5422],[104.3942,18.6057],[104.3265,18.6323],[104.2588,18.6588],[104.2516,18.7223],[104.2444,18.7857],[104.1767,18.8123],[104.1694,18.8756],[104.1016,18.9022],[104.0942,18.9655],[104.0265,18.992],[104.019,19.0553],[104.0114,19.1185],[103.9437,19.1451],[103.936,19.2082],[103.8683,19.2348],[103.8605,19.2979],[103.8526,19.361],[103.7849,19.3875],[103.7769,19.4505],[103.7688,19.5135],[103.4302,19.6463],[103.422,19.7092],[103.3543,19.7358],[103.346,19.7986],[103.0074,19.9314],[103.0157,19.8686],[102.948,19.8951],[102.9561,19.8322],[102.9642,19.7692],[102.8965,19.7958],[102.8288,19.8224],[102.8207,19.8853],[102.753,19.9119],[102.7282,20.1005],[102.7959,20.0739],[102.7437,20.4497],[102.4728,20.556],[102.4454,20.7432],[102.3777,20.7698],[102.3684,20.8321],[102.3589,20.8944],[102.2912,20.9209],[102.2817,20.9831],[102.214,21.0097],[102.1463,21.0363],[102.1366,21.0984],[102.1269,21.1606],[102.0592,21.1871],[102.0494,21.2492],[101.9817,21.2757],[101.9517,21.4617],[102.0194,21.4351],[102.0093,21.497],[101.999,21.5588],[102.0667,21.5322],[102.0563,21.594],[102.2595,21.5143],[102.249,21.5761],[102.3167,21.5495],[102.3062,21.6112],[102.3739,21.5846],[102.3632,21.6462],[102.6341,21.54],[102.5681,21.9087],[102.6359,21.8821],[102.6245,21.9434],[102.6131,22.0047],[102.6808,21.9781],[102.6693,22.0393],[102.8725,21.9596],[102.8134,22.2648],[102.6102,22.3444],[102.5982,22.4053],[102.5304,22.4319],[102.5182,22.4927],[102.506,22.5535],[102.4382,22.5801],[102.4259,22.6408],[102.4134,22.7015],[102.4811,22.6749],[102.4685,22.7356],[102.5362,22.709],[102.5236,22.7696],[102.5108,22.8301],[102.5785,22.8036],[102.5133,23.1055],[102.581,23.0789],[102.5677,23.1392],[102.6354,23.1126],[102.6219,23.1728],[102.6897,23.1463],[102.6211,23.4465],[102.5533,23.473],[102.4679,23.8317],[102.4002,23.8582],[102.3856,23.9178],[102.3179,23.9444],[102.3032,24.0039],[102.3709,23.9774],[102.3561,24.0369],[102.4238,24.0103],[102.4916,23.9838],[102.4767,24.0432],[102.6799,23.9635],[102.6649,24.0229],[102.7326,23.9964],[102.8003,23.9698],[102.7853,24.0292],[102.9884,23.9495],[102.9733,24.0088],[103.041,23.9822],[103.0258,24.0415],[103.0935,24.0149],[103.1612,23.9883],[103.1459,24.0476],[103.5522,23.8882],[103.5367,23.9473],[103.7399,23.8677],[103.7244,23.9268],[103.7921,23.9002],[103.7765,23.9593],[103.7607,24.0183],[103.8284,23.9917],[103.8962,23.9652],[103.8803,24.0241],[103.9481,23.9975],[104.0158,23.971],[103.9999,24.0299],[104.0676,24.0033],[104.1353,23.9768],[104.1193,24.0356],[104.187,24.0091],[104.2547,23.9825],[104.2386,24.0413]]],[[[106.2121,13.564],[106.6184,13.4046],[106.619,13.3378],[106.9576,13.205],[106.958,13.1381],[107.2966,13.0053],[107.2962,13.0722],[107.3639,13.0456],[107.3643,12.9787],[107.432,12.9521],[107.4324,12.8852],[107.5001,12.8586],[107.5003,12.7916],[107.7712,12.6854],[107.7714,12.6183],[107.8391,12.5917],[107.839,12.3903],[107.9067,12.3637],[107.9065,12.2964],[108.1096,12.2168],[108.1093,12.1494],[108.177,12.1229],[108.1766,12.0555],[108.2443,12.029],[108.312,12.0024],[108.3115,11.935],[108.3109,11.8675],[108.3786,11.841],[108.3779,11.7735],[108.4456,11.7469],[108.4448,11.6794],[108.4439,11.6117],[108.9857,11.3993],[108.9847,11.3316],[108.917,11.3582],[108.9159,11.2905],[108.8481,11.317],[108.8469,11.2493],[108.7792,11.2758],[108.7779,11.208],[108.7102,11.2346],[108.7088,11.1667],[108.6411,11.1933],[108.6396,11.1254],[108.5719,11.1519],[108.5704,11.084],[108.5026,11.1106],[108.501,11.0426],[108.4332,11.0691],[108.4315,11.0011],[108.3638,11.0276],[108.3619,10.9595],[108.2942,10.9861],[108.2922,10.9179],[108.2245,10.9445],[108.2225,10.8763],[108.1547,10.9028],[108.087,10.9294],[108.0803,10.7245],[108.0126,10.7511],[108.0102,10.6827],[107.9424,10.7092],[107.8747,10.7358],[107.8722,10.6673],[107.8045,10.6939],[107.8018,10.6254],[107.7341,10.652],[107.7314,10.5834],[107.6637,10.61],[107.6609,10.5414],[107.5932,10.5679],[107.5902,10.4993],[107.5225,10.5259],[107.5195,10.4572],[107.4518,10.4837],[107.4487,10.415],[107.381,10.4415],[107.3778,10.3727],[106.9715,10.5321],[106.9682,10.4633],[106.9648,10.3944],[106.8971,10.4209],[106.8936,10.352],[106.8259,10.3785],[106.7581,10.4051],[106.7352,9.9904],[106.6675,10.017],[106.6548,9.809],[106.5871,9.8355],[106.5687,9.5575],[106.501,9.5841],[106.4962,9.5144],[106.2253,9.6207],[106.2051,9.3416],[106.1374,9.3682],[106.1321,9.2983],[106.0643,9.3249],[105.9966,9.3514],[105.9912,9.2815],[105.9235,9.3081],[105.918,9.2381],[105.8503,9.2646],[105.8447,9.1946],[105.777,9.2212],[105.7713,9.1511],[105.7036,9.1776],[105.6978,9.1075],[105.6301,9.1341],[105.5624,9.1606],[105.5565,9.0905],[105.4888,9.117],[105.4828,9.0468],[105.4767,8.9765],[105.409,9.0031],[105.4029,8.9328],[105.3966,8.8624],[105.3289,8.8889],[105.3225,8.8185],[105.3161,8.748],[105.2484,8.7746],[105.2418,8.7041],[105.1741,8.7306],[105.1675,8.6601],[105.1608,8.5894],[105.093,8.616],[105.0253,8.6426],[105.0185,8.5719],[104.9508,8.5984],[104.9438,8.5277],[104.8761,8.5543],[104.8084,8.5808],[104.8549,9.0749],[104.7871,9.1014],[104.8345,9.663],[104.9022,9.6365],[104.9337,10.0556],[104.5951,10.1884],[104.6,10.2581],[104.5323,10.2846],[104.5371,10.3543],[103.8599,10.6199],[103.8551,10.5502],[103.7874,10.5768],[103.7825,10.5071],[103.7147,10.5337],[103.7097,10.4639],[103.642,10.4905],[103.5743,10.5171],[103.5793,10.5868],[103.5116,10.6134],[103.5165,10.683],[103.5213,10.7527],[103.1827,10.8855],[103.2054,11.2329],[103.1377,11.2595],[103.1501,11.4673],[103.0824,11.4939],[103.0147,11.5204],[103.0186,11.5896],[103.0225,11.6588],[102.9548,11.6853],[102.8871,11.7119],[102.9016,11.988],[102.8338,12.0145],[102.8682,12.838],[102.9359,12.8114],[103.0036,12.7848],[103.0059,12.8531],[103.008,12.9214],[103.0757,12.8948],[103.0778,12.963],[103.1455,12.9365],[103.1474,13.0046],[103.3506,12.9249],[103.3575,13.197],[103.4252,13.1705],[103.4267,13.2384],[103.428,13.3062],[103.4958,13.2797],[103.497,13.3475],[103.5648,13.3209],[103.566,13.3887],[103.6337,13.3621],[103.6382,13.7002],[103.7059,13.6736],[103.7065,13.7411],[103.707,13.8085],[103.7748,13.7819],[103.7759,14.051],[104.0468,13.9448],[104.0461,13.743],[104.1138,13.7165],[104.1815,13.6899],[104.1811,13.6225],[104.5197,13.4897],[104.5201,13.5571],[104.5878,13.5305],[104.5882,13.5979],[104.5884,13.6651],[104.6561,13.6386],[104.6562,13.7058],[104.6563,13.7729],[104.724,13.7464],[104.7917,13.7198],[104.7917,13.7869],[105.4012,13.5479],[105.401,13.615],[105.4008,13.682],[105.4685,13.6554],[105.4681,13.7224],[105.8067,13.5896],[105.8071,13.5226],[106.1457,13.3898],[106.1453,13.4568],[106.2131,13.4302],[106.2126,13.4971],[106.2121,13.564]]]]}},{"type":"Feature","properties":{"periodId":"doc-lap-1945","name":"Việt Nam Dân chủ Cộng hòa","control":"direct","confidence":"medium","height":12000,"color":"#d34f3c","geometrySourceId":"diaocthongthai-atlas","geometrySourceUrl":"https://cdn.diaocthongthai.com/2021/08/ban-do-lanh-tho-viet-nam-qua-cac-thoi-ky-69.jpg","geometrySourcePageUrl":"https://diaocthongthai.com/ban-do-lanh-tho-viet-nam-qua-cac-thoi-ky/","imageYear":"1945","reconstructionMethod":"georeferenced-image-color-trace","precision":"illustrative-trace","georeferenceAccuracyKm":50},"geometry":{"type":"Polygon","coordinates":[[[104.2386,24.0413],[104.4418,23.9616],[104.4579,23.9028],[104.5256,23.8763],[104.5416,23.8174],[104.6094,23.7909],[104.6253,23.732],[104.6411,23.673],[104.7088,23.6464],[104.7765,23.6199],[104.7923,23.5609],[105.2663,23.375],[105.2819,23.3159],[105.6883,23.1565],[105.7038,23.0974],[105.7715,23.0709],[105.8392,23.0443],[105.8547,22.9852],[105.9224,22.9586],[105.9377,22.8994],[106.0055,22.8728],[106.0207,22.8136],[105.953,22.8401],[105.9681,22.7808],[105.9832,22.7215],[105.9155,22.7481],[106.0608,22.1518],[106.264,22.0721],[106.278,22.0123],[106.3457,21.9857],[106.4134,21.9591],[106.4273,21.8992],[106.495,21.8726],[106.5089,21.8126],[106.5226,21.7526],[106.5903,21.726],[106.658,21.6995],[106.6716,21.6394],[106.7394,21.6128],[106.7529,21.5527],[107.4301,21.2871],[107.4435,21.2269],[107.3758,21.2534],[107.3891,21.1932],[107.3214,21.2198],[107.2537,21.2463],[107.2669,21.186],[107.1992,21.2126],[107.2124,21.1523],[107.1446,21.1788],[107.0769,21.2054],[107.09,21.145],[107.0223,21.1715],[107.0352,21.1111],[106.9675,21.1377],[106.8998,21.1642],[106.9381,20.9826],[106.8703,21.0092],[106.8829,20.9485],[106.6798,21.0282],[106.6922,20.9675],[106.2182,21.1534],[106.2791,20.8493],[106.2114,20.8758],[106.2233,20.8149],[106.1556,20.8414],[106.2137,20.5358],[106.146,20.5623],[106.1573,20.501],[106.0896,20.5276],[106.1008,20.4663],[106.0331,20.4928],[105.9654,20.5194],[105.9765,20.458],[105.9876,20.3966],[105.9198,20.4231],[105.9308,20.3617],[105.8631,20.3882],[105.8739,20.3267],[105.603,20.4329],[105.635,20.2481],[105.5673,20.2746],[105.5778,20.2129],[105.5882,20.1511],[105.5204,20.1777],[105.5904,19.7439],[105.5227,19.7704],[105.5323,19.7083],[105.5418,19.6461],[105.4741,19.6726],[105.5291,19.2983],[105.5969,19.2717],[105.6057,19.2091],[105.6734,19.1826],[105.7327,18.7433],[105.8004,18.7167],[105.8085,18.6537],[105.8165,18.5907],[105.8842,18.5642],[105.8921,18.5011],[105.9598,18.4745],[105.9676,18.4114],[106.0353,18.3849],[106.043,18.3217],[106.1107,18.2952],[106.1785,18.2686],[106.1861,18.2054],[106.2538,18.1788],[106.3215,18.1523],[106.329,18.089],[106.3967,18.0625],[106.4644,18.0359],[106.5075,17.6553],[106.5752,17.6288],[106.582,17.5652],[106.6498,17.5386],[106.6565,17.4749],[106.6632,17.4112],[106.7309,17.3847],[106.7374,17.3209],[106.9406,17.2413],[106.947,17.1775],[107.0148,17.1509],[107.0825,17.1243],[107.0888,17.0605],[107.1566,17.0339],[107.1628,16.97],[107.169,16.9061],[107.2367,16.8795],[107.3044,16.853],[107.3105,16.789],[107.3165,16.7249],[107.3842,16.6984],[107.3901,16.6343],[107.4578,16.6077],[107.4636,16.5436],[107.5313,16.517],[107.599,16.4904],[107.6047,16.4262],[107.6725,16.3997],[107.6781,16.3354],[107.6836,16.2711],[107.7513,16.2446],[107.819,16.218],[107.8244,16.1537],[107.8921,16.1271],[107.8974,16.0627],[107.9652,16.0362],[108.0329,16.0096],[108.0381,15.9452],[108.1058,15.9186],[108.1109,15.8541],[108.116,15.7896],[108.3868,15.6833],[108.4013,15.4894],[108.469,15.4628],[108.5368,15.4363],[108.5414,15.3715],[108.6091,15.345],[108.6137,15.2802],[108.6814,15.2536],[108.6945,15.059],[108.7622,15.0324],[108.7663,14.9674],[108.8341,14.9409],[108.8381,14.8758],[108.9059,14.8493],[108.9098,14.7842],[108.9775,14.7576],[108.9814,14.6925],[108.9852,14.6273],[109.0529,14.6007],[109.0566,14.5355],[109.1243,14.509],[109.1348,14.313],[109.2025,14.2864],[109.2122,14.09],[109.2799,14.0634],[109.3134,13.1408],[109.3811,13.1142],[109.3828,13.0479],[109.3844,12.9816],[109.4521,12.9551],[109.4586,12.6227],[109.3909,12.6493],[109.3231,12.6758],[109.3272,12.3422],[109.2595,12.3688],[109.1918,12.3954],[109.1935,12.0605],[109.2612,12.034],[109.2613,11.9669],[109.1935,11.9934],[109.1919,11.5897],[109.1241,11.6163],[109.1235,11.5488],[109.0558,11.5754],[109.0534,11.3727],[108.9857,11.3993],[108.9847,11.3316],[108.917,11.3582],[108.9159,11.2905],[108.8481,11.317],[108.8469,11.2493],[108.7792,11.2758],[108.7779,11.208],[108.7102,11.2346],[108.7088,11.1667],[108.6411,11.1933],[108.6396,11.1254],[108.5719,11.1519],[108.5704,11.084],[108.5026,11.1106],[108.501,11.0426],[108.4332,11.0691],[108.4315,11.0011],[108.3638,11.0276],[108.3619,10.9595],[108.2942,10.9861],[108.2922,10.9179],[108.2245,10.9445],[108.2225,10.8763],[108.1547,10.9028],[108.087,10.9294],[108.0803,10.7245],[108.0126,10.7511],[108.0102,10.6827],[107.9424,10.7092],[107.8747,10.7358],[107.8722,10.6673],[107.8045,10.6939],[107.8018,10.6254],[107.7341,10.652],[107.7314,10.5834],[107.6637,10.61],[107.6609,10.5414],[107.5932,10.5679],[107.5902,10.4993],[107.5225,10.5259],[107.5195,10.4572],[107.4518,10.4837],[107.4487,10.415],[107.381,10.4415],[107.3778,10.3727],[106.9715,10.5321],[106.9682,10.4633],[106.9648,10.3944],[106.8971,10.4209],[106.8936,10.352],[106.8259,10.3785],[106.7581,10.4051],[106.7352,9.9904],[106.6675,10.017],[106.6548,9.809],[106.5871,9.8355],[106.5687,9.5575],[106.501,9.5841],[106.4962,9.5144],[106.2253,9.6207],[106.2051,9.3416],[106.1374,9.3682],[106.1321,9.2983],[106.0643,9.3249],[105.9966,9.3514],[105.9912,9.2815],[105.9235,9.3081],[105.918,9.2381],[105.8503,9.2646],[105.8447,9.1946],[105.777,9.2212],[105.7713,9.1511],[105.7036,9.1776],[105.6978,9.1075],[105.6301,9.1341],[105.5624,9.1606],[105.5565,9.0905],[105.4888,9.117],[105.4828,9.0468],[105.4767,8.9765],[105.409,9.0031],[105.4029,8.9328],[105.3966,8.8624],[105.3289,8.8889],[105.3225,8.8185],[105.3161,8.748],[105.2484,8.7746],[105.2418,8.7041],[105.1741,8.7306],[105.1675,8.6601],[105.1608,8.5894],[105.093,8.616],[105.0253,8.6426],[105.0185,8.5719],[104.9508,8.5984],[104.9438,8.5277],[104.8761,8.5543],[104.8084,8.5808],[104.8549,9.0749],[104.7871,9.1014],[104.8345,9.663],[104.9022,9.6365],[104.9077,9.7065],[104.9754,9.6799],[105.0014,10.029],[104.9337,10.0556],[104.866,10.0822],[104.8709,10.1519],[104.6,10.2581],[104.6048,10.3277],[104.5371,10.3543],[104.5418,10.4239],[104.4741,10.4504],[104.4877,10.6589],[104.5554,10.6323],[104.5598,10.7017],[104.9661,10.5424],[104.9704,10.6117],[105.0381,10.5851],[105.0422,10.6544],[105.11,10.6279],[105.114,10.6971],[105.1817,10.6705],[105.1933,10.878],[105.5319,10.7452],[105.5356,10.8142],[105.8065,10.708],[105.8101,10.7769],[106.0809,10.6707],[106.1088,11.2894],[106.0411,11.316],[106.0437,11.3845],[106.1115,11.3579],[106.114,11.4263],[106.1817,11.3998],[106.2494,11.3732],[106.2519,11.4416],[106.7259,11.2557],[106.7326,11.4606],[106.8003,11.434],[106.8681,11.4075],[106.8701,11.4757],[107.141,11.3694],[107.1429,11.4376],[107.3461,11.3579],[107.348,11.426],[107.4157,11.3995],[107.4834,11.3729],[107.4852,11.4409],[107.5529,11.4144],[107.5546,11.4824],[107.6223,11.4558],[107.6238,11.5238],[107.827,11.4441],[107.8285,11.512],[107.8962,11.4854],[107.8976,11.5533],[107.9653,11.5267],[107.9745,12.4043],[108.0423,12.3778],[108.0423,12.4449],[108.0423,12.5121],[108.11,12.4855],[108.1083,12.8203],[108.0405,12.8469],[108.0399,12.9137],[108.0392,12.9805],[107.9715,13.007],[107.9707,13.0737],[107.9029,13.1003],[107.8987,13.3667],[107.831,13.3932],[107.8297,13.4597],[107.8283,13.5261],[107.7606,13.5527],[107.7541,13.8179],[107.8218,13.7913],[107.8199,13.8575],[107.8876,13.8309],[107.8857,13.897],[107.8836,13.9631],[107.9513,13.9366],[107.937,14.332],[107.8692,14.3585],[107.8665,14.4243],[107.8637,14.4899],[107.9314,14.4634],[107.909,14.9217],[107.8412,14.9483],[107.8376,15.0136],[107.7699,15.0401],[107.7022,15.0667],[107.6985,15.1319],[107.6308,15.1585],[107.627,15.2237],[107.5593,15.2502],[107.5554,15.3154],[107.5514,15.3805],[107.4837,15.407],[107.4797,15.4721],[107.4755,15.537],[107.5432,15.5105],[107.521,15.8347],[107.4532,15.8612],[107.3855,15.8878],[107.3808,15.9525],[107.376,16.0171],[107.3082,16.0437],[107.2405,16.0702],[107.2356,16.1348],[107.1679,16.1614],[107.1628,16.2259],[107.0951,16.2525],[107.09,16.317],[106.8191,16.4232],[106.8032,16.6164],[106.7355,16.643],[106.73,16.7073],[106.6623,16.7338],[106.6333,17.0546],[106.5656,17.0811],[106.4979,17.1077],[106.4794,17.2995],[106.4116,17.3261],[106.4053,17.3899],[106.3988,17.4537],[106.1957,17.5334],[106.1891,17.5972],[106.1214,17.6237],[106.1147,17.6874],[106.047,17.714],[106.0403,17.7776],[105.9726,17.8042],[105.9657,17.8678],[105.898,17.8944],[105.8911,17.9579],[105.8233,17.9845],[105.8163,18.048],[105.7486,18.0745],[105.7415,18.138],[105.6738,18.1645],[105.6665,18.228],[105.6592,18.2913],[105.5915,18.3179],[105.569,18.5076],[105.5012,18.5342],[105.4936,18.5974],[105.4258,18.6239],[105.418,18.687],[105.4101,18.7501],[105.207,18.8298],[105.199,18.8928],[105.1313,18.9193],[105.1232,18.9823],[105.0555,19.0088],[105.0473,19.0718],[104.9796,19.0983],[104.9285,19.4747],[104.7254,19.5544],[104.7165,19.617],[104.5133,19.6967],[104.5044,19.7592],[104.4367,19.7857],[104.369,19.8123],[104.3599,19.8748],[104.3508,19.9372],[104.2831,19.9637],[104.2154,19.9903],[104.2061,20.0527],[104.1384,20.0792],[104.1291,20.1415],[104.0614,20.1681],[103.9936,20.1947],[103.9842,20.2569],[103.9165,20.2835],[103.8488,20.3101],[103.8393,20.3723],[103.7715,20.3988],[103.7038,20.4254],[103.6942,20.4876],[103.6265,20.5141],[103.6168,20.5762],[103.5491,20.6028],[103.5393,20.6649],[103.607,20.6383],[103.5971,20.7003],[103.6648,20.6738],[103.6548,20.7357],[103.7225,20.7092],[103.692,20.8948],[103.7597,20.8682],[103.7493,20.93],[104.3588,20.691],[104.3483,20.7527],[104.4161,20.7261],[104.4055,20.7878],[104.4732,20.7613],[104.419,21.0689],[104.3512,21.0954],[104.3401,21.1568],[104.2724,21.1834],[104.2047,21.2099],[104.1707,21.3938],[103.8998,21.5],[103.8883,21.5612],[103.8766,21.6223],[103.9444,21.5958],[103.8848,21.9007],[103.8171,21.9272],[103.8049,21.9881],[103.7372,22.0146],[103.7249,22.0754],[103.3863,22.2082],[103.3986,22.1474],[103.1954,22.2271],[103.2076,22.1663],[103.2197,22.1054],[103.152,22.132],[103.164,22.071],[103.0963,22.0976],[103.0286,22.1241],[103.0166,22.1851],[102.9489,22.2116],[102.8811,22.2382],[102.869,22.2991],[102.6659,22.3788],[102.6537,22.4396],[102.586,22.4662],[102.5737,22.5269],[102.506,22.5535],[102.4382,22.5801],[102.4259,22.6408],[102.3581,22.6674],[102.3457,22.728],[102.3331,22.7887],[102.2654,22.8152],[102.2527,22.8758],[102.185,22.9024],[102.1722,22.9629],[102.1594,23.0234],[102.0916,23.05],[102.0787,23.1104],[102.1464,23.0838],[102.0936,23.3251],[102.053,23.5055],[101.9853,23.5321],[101.9716,23.5921],[101.9578,23.6521],[102.0255,23.6256],[101.955,23.9248],[102.0227,23.8982],[102.0083,23.9579],[101.9938,24.0176],[102.0616,23.991],[102.1293,23.9645],[102.1147,24.0241],[102.1824,23.9975],[102.2501,23.9709],[102.2355,24.0305],[102.3032,24.0039],[102.3709,23.9774],[102.3561,24.0369],[102.4238,24.0103],[102.4916,23.9838],[102.4767,24.0432],[102.6799,23.9635],[102.6649,24.0229],[102.7326,23.9964],[102.8003,23.9698],[102.7853,24.0292],[103.0562,23.9229],[103.041,23.9822],[103.0258,24.0415],[103.0935,24.0149],[103.1612,23.9883],[103.1459,24.0476],[103.5522,23.8882],[103.5367,23.9473],[103.8076,23.8411],[103.7607,24.0183],[103.8284,23.9917],[103.8962,23.9652],[103.8803,24.0241],[103.9481,23.9975],[104.0158,23.971],[103.9999,24.0299],[104.0676,24.0033],[104.1353,23.9768],[104.1193,24.0356],[104.187,24.0091],[104.2547,23.9825],[104.2386,24.0413]]]}},{"type":"Feature","properties":{"periodId":"chia-cat-1954","name":"Miền Bắc","control":"direct","confidence":"high","height":12000,"color":"#d6a04b","geometrySourceId":"diaocthongthai-atlas","geometrySourceUrl":"https://cdn.diaocthongthai.com/2021/08/ban-do-lanh-tho-viet-nam-qua-cac-thoi-ky-70.jpg","geometrySourcePageUrl":"https://diaocthongthai.com/ban-do-lanh-tho-viet-nam-qua-cac-thoi-ky/","imageYear":"1954","reconstructionMethod":"georeferenced-image-color-trace","precision":"illustrative-trace","georeferenceAccuracyKm":50},"geometry":{"type":"Polygon","coordinates":[[[104.5057,23.7261],[104.7765,23.6199],[104.7923,23.5609],[105.2663,23.375],[105.2819,23.3159],[105.6883,23.1565],[105.7038,23.0974],[105.7715,23.0709],[105.8392,23.0443],[105.8547,22.9852],[105.9224,22.9586],[105.9377,22.8994],[106.0055,22.8728],[106.0207,22.8136],[105.953,22.8401],[105.9681,22.7808],[105.9832,22.7215],[105.9155,22.7481],[106.0608,22.1518],[106.264,22.0721],[106.278,22.0123],[106.3457,21.9857],[106.4134,21.9591],[106.4273,21.8992],[106.4411,21.8392],[106.5089,21.8126],[106.5226,21.7526],[106.5903,21.726],[106.658,21.6995],[106.6716,21.6394],[106.7394,21.6128],[106.7529,21.5527],[107.4301,21.2871],[107.4435,21.2269],[107.3758,21.2534],[107.3891,21.1932],[107.3214,21.2198],[107.2537,21.2463],[107.2669,21.186],[107.1992,21.2126],[107.2124,21.1523],[107.1446,21.1788],[107.0769,21.2054],[107.09,21.145],[107.0223,21.1715],[106.9545,21.1981],[106.9675,21.1377],[106.8998,21.1642],[106.9381,20.9826],[106.8703,21.0092],[106.8829,20.9485],[106.6798,21.0282],[106.6922,20.9675],[106.2182,21.1534],[106.2791,20.8493],[106.2114,20.8758],[106.2233,20.8149],[106.1556,20.8414],[106.2137,20.5358],[106.146,20.5623],[106.1573,20.501],[106.0896,20.5276],[106.1008,20.4663],[106.0331,20.4928],[105.9654,20.5194],[105.9765,20.458],[105.9876,20.3966],[105.9198,20.4231],[105.9308,20.3617],[105.8631,20.3882],[105.8739,20.3267],[105.603,20.4329],[105.635,20.2481],[105.5673,20.2746],[105.5778,20.2129],[105.5882,20.1511],[105.5204,20.1777],[105.5904,19.7439],[105.5227,19.7704],[105.5323,19.7083],[105.5418,19.6461],[105.4741,19.6726],[105.5291,19.2983],[105.5969,19.2717],[105.6057,19.2091],[105.6734,19.1826],[105.7327,18.7433],[105.8004,18.7167],[105.8085,18.6537],[105.8165,18.5907],[105.8842,18.5642],[105.8921,18.5011],[105.9598,18.4745],[105.9676,18.4114],[106.0353,18.3849],[106.043,18.3217],[106.1107,18.2952],[106.1785,18.2686],[106.1861,18.2054],[106.2538,18.1788],[106.3215,18.1523],[106.329,18.089],[106.3967,18.0625],[106.4644,18.0359],[106.5075,17.6553],[106.5752,17.6288],[106.582,17.5652],[106.6498,17.5386],[106.6565,17.4749],[106.6632,17.4112],[106.7309,17.3847],[106.7374,17.3209],[106.9406,17.2413],[106.947,17.1775],[107.0148,17.1509],[107.0825,17.1243],[107.0888,17.0605],[107.1566,17.0339],[107.1628,16.97],[107.169,16.9061],[107.2367,16.8795],[107.3044,16.853],[107.3105,16.789],[107.1074,16.8686],[107.1133,16.8046],[106.9102,16.8843],[106.6393,16.9905],[106.6333,17.0546],[106.5656,17.0811],[106.4979,17.1077],[106.4794,17.2995],[106.4116,17.3261],[106.4053,17.3899],[106.3376,17.4165],[106.3311,17.4803],[106.2634,17.5069],[106.1957,17.5334],[106.1891,17.5972],[106.1214,17.6237],[106.1147,17.6874],[106.047,17.714],[106.0403,17.7776],[105.9726,17.8042],[105.9657,17.8678],[105.898,17.8944],[105.8911,17.9579],[105.8233,17.9845],[105.8163,18.048],[105.7486,18.0745],[105.7415,18.138],[105.7343,18.2014],[105.6665,18.228],[105.6592,18.2913],[105.5915,18.3179],[105.569,18.5076],[105.5012,18.5342],[105.4936,18.5974],[105.4858,18.6605],[105.418,18.687],[105.4101,18.7501],[105.207,18.8298],[105.199,18.8928],[105.1313,18.9193],[105.1232,18.9823],[105.0555,19.0088],[105.0473,19.0718],[104.9796,19.0983],[104.9285,19.4747],[104.7254,19.5544],[104.7165,19.617],[104.5133,19.6967],[104.5044,19.7592],[104.4367,19.7857],[104.4276,19.8482],[104.3599,19.8748],[104.3508,19.9372],[104.2831,19.9637],[104.2154,19.9903],[104.2061,20.0527],[104.1384,20.0792],[104.1291,20.1415],[104.0614,20.1681],[103.9936,20.1947],[103.9842,20.2569],[103.9165,20.2835],[103.8488,20.3101],[103.8393,20.3723],[103.7715,20.3988],[103.7038,20.4254],[103.6942,20.4876],[103.6265,20.5141],[103.6168,20.5762],[103.5491,20.6028],[103.5393,20.6649],[103.607,20.6383],[103.5971,20.7003],[103.6648,20.6738],[103.6548,20.7357],[103.7225,20.7092],[103.692,20.8948],[103.7597,20.8682],[103.7493,20.93],[104.3588,20.691],[104.3483,20.7527],[104.4161,20.7261],[104.4055,20.7878],[104.4732,20.7613],[104.419,21.0689],[104.3512,21.0954],[104.3401,21.1568],[104.2724,21.1834],[104.2047,21.2099],[104.1707,21.3938],[103.8998,21.5],[103.8883,21.5612],[103.8766,21.6223],[103.9444,21.5958],[103.8848,21.9007],[103.8171,21.9272],[103.8049,21.9881],[103.7372,22.0146],[103.7249,22.0754],[103.3863,22.2082],[103.3986,22.1474],[103.1954,22.2271],[103.2076,22.1663],[103.2197,22.1054],[103.152,22.132],[103.164,22.071],[103.0963,22.0976],[103.0286,22.1241],[103.0166,22.1851],[102.9489,22.2116],[102.8811,22.2382],[102.869,22.2991],[102.6659,22.3788],[102.6537,22.4396],[102.586,22.4662],[102.5737,22.5269],[102.506,22.5535],[102.4382,22.5801],[102.4259,22.6408],[102.3581,22.6674],[102.3457,22.728],[102.3331,22.7887],[102.2654,22.8152],[102.2527,22.8758],[102.185,22.9024],[102.1722,22.9629],[102.1594,23.0234],[102.0916,23.05],[102.0787,23.1104],[102.1464,23.0838],[102.0936,23.3251],[102.053,23.5055],[101.9853,23.5321],[101.9716,23.5921],[101.9578,23.6521],[102.0255,23.6256],[102.0116,23.6855],[101.9976,23.7454],[102.2007,23.6657],[102.1866,23.7256],[102.2544,23.699],[102.3221,23.6725],[102.3079,23.7323],[102.3756,23.7057],[102.4433,23.6791],[102.429,23.7389],[102.4967,23.7123],[102.5645,23.6858],[102.5501,23.7455],[102.7532,23.6658],[102.7388,23.7254],[102.8065,23.6989],[102.8742,23.6723],[102.8596,23.7319],[102.9273,23.7053],[102.9951,23.6788],[102.9804,23.7383],[103.0481,23.7118],[103.1158,23.6852],[103.1011,23.7447],[103.3042,23.665],[103.2893,23.7245],[103.3571,23.6979],[103.4248,23.6714],[103.4098,23.7308],[103.4775,23.7042],[103.5453,23.6776],[103.5302,23.737],[103.5979,23.7104],[103.6656,23.6839],[103.6505,23.7432],[103.8537,23.6635],[103.8384,23.7228],[103.9061,23.6962],[103.9738,23.6696],[103.9585,23.7288],[104.0262,23.7023],[104.0939,23.6757],[104.0785,23.7349],[104.1462,23.7083],[104.2139,23.6818],[104.1984,23.7409],[104.2661,23.7143],[104.3338,23.6877],[104.3182,23.7468],[104.5214,23.6671],[104.5057,23.7261]]]}},{"type":"Feature","properties":{"periodId":"chia-cat-1954","name":"Miền Nam","control":"direct","confidence":"high","height":12000,"color":"#cf4b36","geometrySourceId":"diaocthongthai-atlas","geometrySourceUrl":"https://cdn.diaocthongthai.com/2021/08/ban-do-lanh-tho-viet-nam-qua-cac-thoi-ky-70.jpg","geometrySourcePageUrl":"https://diaocthongthai.com/ban-do-lanh-tho-viet-nam-qua-cac-thoi-ky/","imageYear":"1954","reconstructionMethod":"georeferenced-image-color-trace","precision":"illustrative-trace","georeferenceAccuracyKm":50},"geometry":{"type":"Polygon","coordinates":[[[106.4979,17.1077],[106.5656,17.0811],[106.6333,17.0546],[106.6393,16.9905],[107.1133,16.8046],[107.1074,16.8686],[107.3105,16.789],[107.3282,16.5967],[107.3959,16.5701],[107.4636,16.5436],[107.4693,16.4794],[107.537,16.4528],[107.6047,16.4262],[107.6103,16.362],[107.6781,16.3354],[107.6836,16.2711],[107.689,16.2068],[107.7567,16.1802],[107.8244,16.1537],[107.8297,16.0893],[107.8974,16.0627],[107.9652,16.0362],[107.9704,15.9717],[108.0381,15.9452],[108.1058,15.9186],[108.1109,15.8541],[108.116,15.7896],[108.3868,15.6833],[108.4013,15.4894],[108.469,15.4628],[108.4737,15.3981],[108.5414,15.3715],[108.6091,15.345],[108.6137,15.2802],[108.6181,15.2154],[108.6858,15.1888],[108.6902,15.1239],[108.6945,15.059],[108.7622,15.0324],[108.7663,14.9674],[108.8341,14.9409],[108.8381,14.8758],[108.8421,14.8107],[108.9098,14.7842],[108.9137,14.719],[108.9814,14.6925],[108.9852,14.6273],[109.0529,14.6007],[109.0566,14.5355],[109.1243,14.509],[109.1348,14.313],[109.2025,14.2864],[109.2122,14.09],[109.2799,14.0634],[109.3134,13.1408],[109.3811,13.1142],[109.3828,13.0479],[109.3844,12.9816],[109.4521,12.9551],[109.4586,12.6227],[109.3909,12.6493],[109.3231,12.6758],[109.3272,12.3422],[109.2595,12.3688],[109.1918,12.3954],[109.1935,12.0605],[109.2612,12.034],[109.2613,11.9669],[109.1935,11.9934],[109.1919,11.5897],[109.1241,11.6163],[109.1235,11.5488],[109.0558,11.5754],[109.0534,11.3727],[108.9857,11.3993],[108.9847,11.3316],[108.917,11.3582],[108.9159,11.2905],[108.8481,11.317],[108.8469,11.2493],[108.7792,11.2758],[108.7779,11.208],[108.7102,11.2346],[108.7088,11.1667],[108.6411,11.1933],[108.6396,11.1254],[108.5719,11.1519],[108.5704,11.084],[108.5026,11.1106],[108.501,11.0426],[108.4332,11.0691],[108.4315,11.0011],[108.3638,11.0276],[108.3619,10.9595],[108.2942,10.9861],[108.2922,10.9179],[108.2245,10.9445],[108.2225,10.8763],[108.1547,10.9028],[108.087,10.9294],[108.0803,10.7245],[108.0126,10.7511],[108.0102,10.6827],[107.9424,10.7092],[107.8747,10.7358],[107.8722,10.6673],[107.8045,10.6939],[107.8018,10.6254],[107.7341,10.652],[107.7314,10.5834],[107.6637,10.61],[107.6609,10.5414],[107.5932,10.5679],[107.5902,10.4993],[107.5225,10.5259],[107.5195,10.4572],[107.4518,10.4837],[107.4487,10.415],[107.381,10.4415],[107.3778,10.3727],[106.9715,10.5321],[106.9682,10.4633],[106.9648,10.3944],[106.8971,10.4209],[106.8936,10.352],[106.8259,10.3785],[106.7581,10.4051],[106.7352,9.9904],[106.6675,10.017],[106.6548,9.809],[106.5871,9.8355],[106.5687,9.5575],[106.501,9.5841],[106.4962,9.5144],[106.2253,9.6207],[106.2051,9.3416],[106.1374,9.3682],[106.1321,9.2983],[106.0643,9.3249],[105.9966,9.3514],[105.9912,9.2815],[105.9235,9.3081],[105.918,9.2381],[105.8503,9.2646],[105.8447,9.1946],[105.777,9.2212],[105.7713,9.1511],[105.7036,9.1776],[105.6978,9.1075],[105.6301,9.1341],[105.5624,9.1606],[105.5565,9.0905],[105.4888,9.117],[105.4828,9.0468],[105.4767,8.9765],[105.409,9.0031],[105.4029,8.9328],[105.3966,8.8624],[105.3289,8.8889],[105.3225,8.8185],[105.3161,8.748],[105.2484,8.7746],[105.2418,8.7041],[105.1741,8.7306],[105.1675,8.6601],[105.1608,8.5894],[105.093,8.616],[105.0253,8.6426],[105.0185,8.5719],[104.9508,8.5984],[104.9438,8.5277],[104.8761,8.5543],[104.8084,8.5808],[104.8549,9.0749],[104.7871,9.1014],[104.8345,9.663],[104.9022,9.6365],[104.9077,9.7065],[104.9754,9.6799],[105.0014,10.029],[104.9337,10.0556],[104.866,10.0822],[104.8709,10.1519],[104.8757,10.2215],[104.6048,10.3277],[104.6096,10.3973],[104.5418,10.4239],[104.5465,10.4934],[104.4788,10.52],[104.4833,10.5894],[104.4877,10.6589],[104.5554,10.6323],[104.5598,10.7017],[104.9661,10.5424],[104.9704,10.6117],[105.0381,10.5851],[105.0422,10.6544],[105.11,10.6279],[105.1256,10.9045],[105.1933,10.878],[105.197,10.947],[105.7388,10.7345],[105.7423,10.8035],[106.0809,10.6707],[106.1061,11.2209],[106.0384,11.2474],[106.0411,11.316],[106.0437,11.3845],[106.1115,11.3579],[106.114,11.4263],[106.1817,11.3998],[106.2494,11.3732],[106.2519,11.4416],[106.7259,11.2557],[106.7326,11.4606],[106.8003,11.434],[106.8024,11.5022],[107.0733,11.396],[107.0752,11.4642],[107.3461,11.3579],[107.348,11.426],[107.4157,11.3995],[107.4834,11.3729],[107.4852,11.4409],[107.5529,11.4144],[107.5546,11.4824],[107.6223,11.4558],[107.6238,11.5238],[107.6916,11.4972],[107.7593,11.4707],[107.7608,11.5386],[107.8285,11.512],[107.8962,11.4854],[107.8976,11.5533],[107.8989,11.6211],[107.9666,11.5945],[107.9746,12.4715],[108.0423,12.4449],[108.0392,12.9805],[107.9715,13.007],[107.9707,13.0737],[107.9029,13.1003],[107.8999,13.3002],[107.8322,13.3267],[107.831,13.3932],[107.8297,13.4597],[107.762,13.4863],[107.7541,13.8179],[107.8218,13.7913],[107.8199,13.8575],[107.8876,13.8309],[107.8857,13.897],[107.8836,13.9631],[107.9513,13.9366],[107.9342,14.3977],[107.8665,14.4243],[107.8637,14.4899],[107.9314,14.4634],[107.909,14.9217],[107.8412,14.9483],[107.8376,15.0136],[107.7699,15.0401],[107.7022,15.0667],[107.6985,15.1319],[107.6308,15.1585],[107.627,15.2237],[107.6231,15.2888],[107.5554,15.3154],[107.5514,15.3805],[107.4837,15.407],[107.4797,15.4721],[107.5474,15.4455],[107.5162,15.8994],[107.4485,15.9259],[107.3808,15.9525],[107.376,16.0171],[107.3082,16.0437],[107.3033,16.1083],[107.2356,16.1348],[107.1679,16.1614],[107.1628,16.2259],[107.0951,16.2525],[107.09,16.317],[106.8868,16.3967],[106.8816,16.4611],[106.8139,16.4877],[106.8086,16.5521],[106.8032,16.6164],[106.7355,16.643],[106.73,16.7073],[106.7244,16.7715],[106.6567,16.7981],[106.651,16.8623],[106.6452,16.9264],[106.5775,16.953],[106.5716,17.0171],[106.5039,17.0436],[106.4979,17.1077]]]}}]}
